periodo,PIB_dissertacao,pib_var_tri_sa_1621,pib_dlog_sa_1621,pib_var_anual_nsa_1620,dif
2002Q1,0.024,0.024877396344181735,0.024572992113378156,0.004813805631244339,-8.773963441817342e-4
2002Q2,0.003,0.00226204976509492,0.002259495182195259,0.022956922531466084,7.3795023490508e-4
2002Q3,0.014,0.01388888888888884,0.01379332213233564,0.04175747537267904,1.1111111111116075e-4
2002Q4,0.01,0.010188356164383627,0.010136804717701509,0.051684600458634655,-1.8835616438362714e-4
2003Q1,-0.004,-0.004407153148571874,-0.004416893276033562,0.026665461448070138,4.0715314857187393e-4
2003Q2,-0.008,-0.00842768366391411,-0.008463397387418858,0.007798284377436904,4.2768366391410934e-4
2003Q3,0.009,0.00944368131868134,0.009399368525732754,0.006276150627614996,-4.436813186813413e-4
2003Q4,0.01,0.0103759142711346,0.010322453954436206,0.005870513250587184,-3.7591427113460064e-4
2004Q1,0.014,0.013804713804713709,0.013710296684988243,0.03873921465046659,1.9528619528629172e-4
2004Q2,0.028,0.027565592826303664,0.027192502651277373,0.06310721348121406,4.3440717369633633e-4
2004Q3,0.013,0.01276664511958625,0.012685838531719007,0.06561330561330547,2.333548804137487e-4
2004Q4,0.008,0.00757938407531511,0.007550804861549132,0.062114390528597685,4.2061592468489034e-4
2005Q1,0.008,0.008868477314118328,0.008829383335211105,0.041871503644685504,-8.68477314118328e-4
2005Q2,0.012,0.010517227847107735,0.010462306550556022,0.044723008491710514,0.001482772152892265
2005Q3,-0.006,-0.005669902912621261,-0.005686037829987889,0.021148743561729466,-3.3009708737873934e-4
2005Q4,0.012,0.012654272769879515,0.012574876559488857,0.021508752649344487,-6.542727698795152e-4
2006Q1,0.017,0.016198704103671968,0.016068904939200657,0.04279205987634227,8.012958963280331e-4
2006Q2,0.003,0.0030362835888870787,0.0030316833891923523,0.0228363523765287,-3.628358888707866e-5
2006Q3,0.016,0.016800363251097572,0.016660798142352995,0.04486052732136048,-8.003632510975717e-4
2006Q4,0.012,0.011685025305150365,0.011617282603063828,0.047952047952048105,3.149746948496353e-4
2007Q1,0.019,0.018759655705142153,0.01858586352079694,0.051958183804025504,2.4034429485784645e-4
2007Q2,0.017,0.016753321779318542,0.01661453285598924,0.06539014606826621,2.466782206814594e-4
2007Q3,0.01,0.010440340909090962,0.010386216939132886,0.05873317729666483,-4.4034090909096137e-4
2007Q4,0.015,0.015112110775286292,0.014999060359960126,0.06643689961135157,-1.121107752862921e-4
2008Q1,0.012,0.012671375155795639,0.012591765088930451,0.06155443488579038,-6.713751557956386e-4
2008Q2,0.021,0.020102564102564058,0.019903175282791175,0.0633657739575193,8.974358974359435e-4
2008Q3,0.016,0.016422012199208913,0.01628862925337682,0.0698445595854924,-4.2201219920891264e-4
2008Q4,-0.038,-0.037720917963598,-0.03845076432211325,0.010245478924568285,-2.790820364019994e-4
2009Q1,-0.014,-0.014391447368421018,-0.014496008651672554,-0.02424200083834005,3.914473684210173e-4
2009Q2,0.018,0.018425810040328283,0.018258111655867992,-0.022045560825706523,-4.2581004032828454e-4
2009Q3,0.023,0.023417764729978918,0.0231477757783356,-0.01162340178225496,-4.177647299789186e-4
2009Q4,0.026,0.025750500333555637,0.025424540113430538,0.05329430982847816,2.4949966644436175e-4
2010Q1,0.021,0.020616545265348618,0.020406900828646712,0.09207417484069613,3.834547346513832e-4
2010Q2,0.013,0.01280825845918554,0.012726926461404275,0.08518341416763464,1.9174154081445967e-4
2010Q3,0.009,0.008808355354221753,0.008769788102772402,0.0690578857964197,1.9164464577824634e-4
2010Q4,0.014,0.014282150430335427,0.01418112132555116,0.05686591276252018,-2.821504303354271e-4
2011Q1,0.014,0.013404660886675357,0.013315613305731944,0.05192421163049876,5.953391133246434e-4
2011Q2,0.01,0.010132880286390256,0.010081886839290455,0.047022535565907075,-1.328802863902554e-4
2011Q3,-0.002,-0.002222489187890253,-0.0022249625823933528,0.03532359591761902,2.2248918789025303e-4
2011Q4,0.009,0.00909036180844014,0.009049293167774586,0.025680220116172325,-9.036180844014009e-5
2012Q1,-0.014,-0.014258441713399406,-0.01436107000786091,0.01707697101900907,2.584417133994054e-4
2012Q2,0.018,0.018035465714458798,0.017874756140791703,0.009859917032405408,-3.546571445879956e-5
2012Q3,0.017,0.017240354319006057,0.017093425740188017,0.02490998170119818,-2.4035431900605586e-4
2012Q4,0,2.9220968967313965e-4,2.9216700473710944e-4,0.024798807749627505,-2.9220968967313965e-4
2013Q1,0.005,0.005375087637298437,0.005360693410858097,0.027207549482198612,-3.7508763729843676e-4
2013Q2,0.015,0.013772663877266167,0.013678682673308629,0.040245281895576523,0.0012273361227338325
2013Q3,0.004,0.004757810260819895,0.004746527654427624,0.02758739849104419,-7.578102608198946e-4
2013Q4,0.001,0.0015974440894568342,0.0015961695328226,0.02530393810714915,-5.974440894568342e-4
2014Q1,0.008,0.008430166324903121,0.008394830922760832,0.034719322317007695,-4.3016632490312096e-4
2014Q2,-0.015,-0.014742431089019403,-0.014852180712750851,-0.00434956790476726,-2.575689109805962e-4
2014Q3,0,-6.306254658029475e-4,-6.308243936787861e-4,-0.006389418226656174,6.306254658029475e-4
2014Q4,0.005,0.005277650298302072,0.00526377230933317,-0.0022693747872459813,-2.776502983020722e-4
2015Q1,-0.008,-0.00793197900022835,-0.007963604491827425,-0.01620063418852702,-6.802099977164938e-5
2015Q2,-0.024,-0.02358354903652571,-0.023866092015064844,-0.027418520434557725,-4.1645096347429217e-4
2015Q3,-0.016,-0.016435935198821805,-0.016572503669860517,-0.042644404332130015,4.3593519882180465e-4
2015Q4,-0.008,-0.007666506947771934,-0.007696045681615971,-0.05521437507107929,-3.334930522280663e-4
2016Q1,-0.015,-0.014365041042974425,-0.01446921711090976,-0.05139474917955922,-6.349589570255748e-4
2016Q2,0.004,0.0027556644213104775,0.0027518745389416566,-0.032210401891252904,0.0012443355786895226
2016Q3,-0.005,-0.005435114503816729,-0.005449938476375316,-0.02456987980202674,4.351145038167291e-4
2016Q4,-0.002,-0.0011052437676531968,-0.0011058549999614087,-0.022630153475775017,-8.947562323468033e-4
2017Q1,0.011,0.010327022375215211,0.01027406297618505,0.002841786618891673,6.729776247847881e-4
2017Q2,0.008,0.00833536140180069,0.008300814120243416,0.007877862595419893,-3.3536140180068924e-4
2017Q3,0.003,0.002292886019429341,0.0022902613675332972,0.016430081546360498,7.071139805706591e-4
2017Q4,0.005,0.005418096442116438,0.005403471360540202,0.025802081408953903,-4.180964421164378e-4
2018Q1,0.006,0.006107418717442137,0.00608884402632448,0.019035298466087536,-1.074187174421367e-4
2018Q2,0,-0.0011307504612271257,-0.0011313902418637056,0.0161778962675716,0.0011307504612271257
2018Q3,0.009,0.009532888465204836,0.009487737205109426,0.020562191715694844,-5.328884652048369e-4
2018Q4,-0.004,-0.002478753541076406,-0.0024818307367597825,0.015548085004202017,-0.001521246458923594
2019Q1,0.003,0.00295822979529059,0.0029538628437073555,0.009007375166243614,4.1770204709410015e-5
2019Q2,0.007,0.0057810287871638,0.005764382763527642,0.011746467115854697,0.0012189712128362002
2019Q3,0.001,1.7595307917894765e-4,1.759376012513414e-4,0.011122110289407683,8.240469208210524e-4
2019Q4,0.006,0.008796106256963476,0.008757645884124976,0.01690607081633866,-0.002796106256963476
