ano,tipo,direta_nominal_rs_bi,parc_filtro_diss,parc_elemento_39
2003,economica,0.893894,0.9958429075483223,4.65379564019895e-4
2003,outras,1.771905,0.7507891224416658,0.12453432887203318
2003,social,0.356993,0.9983557100559395,1.6807052239119535e-5
2003,total,3.022792,0.8524936548727137,0.07313933608399122
2004,economica,1.7226620000000001,0.9734585194309737,0.004620755551582376
2004,outras,2.6078140000000003,0.8339873932726797,0.062022828315209604
2004,social,0.715599,0.9902389466726477,0.007927624270017147
2004,total,5.046075,0.9037594566073632,0.03475513146356327
2005,economica,2.5774770000000005,0.9479095254778219,0.004704988638113938
2005,outras,3.540694,0.8640348474056218,0.05257020233886351
2005,social,0.778632,0.9923892159582447,5.997698527674177e-4
2005,total,6.896803,0.9098714288344905,0.028814655138040043
2006,economica,3.825396,0.9434908176826661,0.007350350133685506
2006,outras,3.9319699999999997,0.772153144606902,0.08787706925536055
2006,social,1.288762,0.9801251123170919,0.0025481818985972587
2006,total,9.046128,0.8742366899959851,0.04166777211200196
2007,economica,5.10566,0.9342506159830463,0.012942499108832158
2007,outras,4.569064,0.7953171590505189,0.1131831377279898
2007,social,1.784239,0.9860114031808519,0.0034406825542990602
2007,total,11.458963,0.8869128035407742,0.051432228204245006
2008,economica,5.562444,0.925400057960134,0.019834267095542892
2008,outras,6.287241,0.7437134984963992,0.1538975522013551
2008,social,1.927044,0.9655882273575488,0.017196286125277887
2008,total,13.776729,0.8481057441138604,0.0806473002408627
2009,economica,8.218065,0.9388111434991084,0.014397914837616885
2009,outras,8.579379,0.8088874497792906,0.12041932172480084
2009,social,2.924043,0.969849964586704,0.020541421586481454
2009,total,19.721487,0.8868928595495867,0.061430966133537504
2010,economica,12.007518000000001,0.9365918918464248,0.027556236018134637
2010,outras,12.439095,0.7586635522921884,0.16050958691126646
2010,social,4.808078,0.9707527623303949,0.021993611584504247
2010,total,29.254691,0.8665511797748949,0.08317377202856116
2011,economica,11.771358000000001,0.7602639389609932,0.21085451653071802
2011,outras,11.498238,0.7172224996560342,0.18370710364492368
2011,social,4.519207,0.9646311841878453,0.02966825817007276
2011,total,27.788803,0.7756901943563383,0.1701559077589632
2012,economica,8.713605,0.7197295493656185,0.2512514625117847
2012,outras,12.631234000000001,0.7045034554818633,0.2244333372337176
2012,social,4.775217,0.9627656711726399,0.02675815570266231
2012,total,26.120056,0.7567978414747656,0.19724123102951996
2013,economica,10.781632,0.6040467713978738,0.37203402972759597
2013,outras,15.505071000000001,0.7147210741569645,0.21601803693772187
2013,social,5.720783,0.9603921351325508,0.029361190592266828
2013,total,32.007486,0.7213501866407127,0.23520991308095865
2014,economica,12.18184,0.5340106256526107,0.4256432525792491
2014,outras,21.335075,0.7888378175375526,0.15355826028265662
2014,social,6.132183,0.946288295701547,0.0367818442469835
2014,total,39.649098,0.7348958859038861,0.21909320610521832
2015,economica,7.996212,0.46432448264253123,0.4220727264359675
2015,outras,12.126422,0.7225331594100881,0.19648087457289545
2015,social,4.831876,0.9474645044698995,0.0491957988988128
2015,total,24.95451,0.683347819692713,0.24024919743966122
2016,economica,10.461498,0.41322112760524354,0.5392135046051721
2016,outras,14.412093,0.6706624082983644,0.2536803641219912
2016,social,4.250827,0.8857083574560903,0.0994448844895358
2016,total,29.124418000000002,0.6095762668974192,0.33373264317247475
2017,economica,9.172711,0.6010534944358327,0.35963980550570057
2017,outras,12.343064,0.6093008186622058,0.2799904464564066
2017,social,3.499097,0.9037674577183771,0.08696243630856762
2017,total,25.014872,0.6474667949530183,0.2821962071203083
2018,economica,9.143563,0.6562422110505499,0.297490595296385
2018,outras,13.196611,0.6968897544983329,0.20910186713846454
2018,social,3.791315,0.9146578429911522,0.06359508508261646
2018,total,26.131489,0.714262053723766,0.21891860046704573
2019,economica,7.786226,0.6453345947060874,0.2997211999754438
2019,outras,13.831461,0.7102215738453082,0.20636214785986817
2019,social,3.8149100000000002,0.9426820029830323,0.022574582362362414
2019,total,25.432597,0.7252255835296725,0.20737587278247674
2020,economica,7.789588999999999,0.6623046479088948,0.2946332598549167
2020,outras,12.200642,0.732552188647122,0.16705907771082867
2020,social,4.315727,0.9193433690314518,0.04126257291065909
2020,total,24.305958,0.7432055547861968,0.18560790732872987
2021,economica,6.968844000000001,0.6114695636751232,0.3475632400438293
2021,outras,11.068950000000001,0.6655428021628067,0.16569936624521744
2021,social,4.100498,0.9045067208909746,0.0583980287272424
2021,total,22.138292,0.6927826229774184,0.20307316390984453
2022,economica,7.282852,0.609682855013393,0.34988834044684686
2022,outras,12.734192,0.741502326963501,0.14442329752841798
2022,social,5.2351030000000005,0.8996254705972355,0.06450016360709616
2022,total,25.252147,0.7362659103798184,0.18711137710389536
2023,economica,13.496422,0.5560244040976194,0.42374290015531524
2023,outras,13.635233,0.7166839759907293,0.1269377648332082
2023,social,5.185656,0.9092990356475632,0.06505387167988004
2023,total,32.317311000000004,0.6804961279111371,0.24096020860151388
2024,economica,14.325768,0.4534421470457989,0.5285616101000659
2024,outras,15.850823,0.7695520289388129,0.11976595789379517
2024,social,5.010079,0.861719745337349,0.1011688638043432
2024,total,35.18667,0.6539756106502832,0.2835535161468818
2025,economica,13.46687,0.4736500018192795,0.5113380466285039
2025,outras,16.896431,0.7072234367127591,0.1823645478740451
2025,social,5.703893,0.8306744183314799,0.11623307099203999
2025,total,36.067194,0.6395344478419919,0.29473914715960436
2003-2025,economica,,0.6512373516033335,0.31033932771438344
2003-2025,outras,,0.7272110521195982,0.17601921576378118
2003-2025,social,,0.9266935940068909,0.051763792810886645
2003-2025,total,,0.7319675664801283,0.20446646616585698
