trimestre,desemb_total,desemb_direta,desemb_indireta,desemb_porte_grande,desemb_porte_mpme,desemb_setor_infraestrutura,desemb_setor_industria,desemb_setor_comercio_servicos,desemb_setor_agropecuaria,desemb_finame,desemb_mercado_capitais,desemb_adm_publica,desemb_exc_adm_publica,desemb_exc_adm_publica_merc_capitais
1995Q1,1323.17250371,493.6670179,829.50548581,967.1276636299999,356.04484008,334.25066353,730.39821419,76.30501449,182.2186115,624.72330668,229.15038018,1.0954203200000001,1322.07708339,1092.9267032100001
1995Q2,1651.02439828,502.21011551,1148.81428277,1226.66983768,424.3545606,323.37000872,964.1964278300001,134.5715491,228.88641263,875.20845908,26.845909260000003,3.96470487,1647.05969341,1620.21378415
1995Q3,1506.40872867,349.12490441,1157.28382426,1118.99676501,387.41196365999997,340.2968125,884.1993997,133.65506357,148.2574529,790.4728187400001,58.277687320000005,7.7242378,1498.68449087,1440.40680355
1995Q4,2617.26484756,1356.91130966,1260.3535379,2207.40276844,409.86207912,774.31716337,1483.02658627,188.11340042,171.8076975,748.92792682,343.89076202,1.76378806,2615.5010595000003,2271.61029748
1996Q1,2031.21194763,997.8665704499999,1033.34537718,1702.16024032,329.05170731,668.8199351999999,1035.87479087,161.1753167,165.34190486,577.2792137700001,33.46482127,0.22328719,2030.9886604399999,1997.52383917
1996Q2,2449.9851479,1365.8768258300001,1084.10832207,2116.086891,333.8982569,486.74966983,1093.37020972,676.5056801000001,193.35958825,574.1764581499999,816.71052693,0,2449.9851479,1633.27462097
1996Q3,2318.39100233,1107.12839043,1211.2626119000001,1904.20607733,414.184925,734.23852644,1056.47949896,304.24638996,223.42658697000002,642.36361605,353.17029976,0.91604284,2317.47495949,1964.30465973
1996Q4,2873.02716942,1715.84400344,1157.18316598,2477.20497258,395.82219684,1102.4547434199999,1187.38294911,435.93396694,147.25550995,544.57318451,213.93933826999998,84.27009419,2788.75707523,2574.81773696
1997Q1,1988.24842727,1084.3757887900001,903.87263848,1645.5547342700002,342.693693,795.36556384,787.01034598,232.95002478,172.92249267,417.69555951999996,548.4315105700001,0.36332699,1987.8851002800002,1439.45358971
1997Q2,3929.7970233200003,2455.36925622,1474.4277671,3246.2177231,683.57930022,1344.16457994,1809.4591202,359.418278,416.75504518,678.36558105,713.5319640099999,40.35387243,3889.44315089,3175.91118688
1997Q3,4928.98837548,3379.69050796,1549.29786752,4299.16103821,629.82733727,2159.12504585,1968.63958581,397.44229995,403.78144387000003,658.64325295,253.99504286,2.4883473900000004,4926.50002809,4672.50498523
1997Q4,7047.02684089,4923.30670292,2123.72013797,6496.94682451,550.08001638,3771.8417184299997,2209.9711091,667.8148905200001,397.39912283999996,1023.85340832,812.43190456,7.534703369999999,7039.49213752,6227.060232960001
1998Q1,3614.6726048100004,1736.60362064,1878.06898417,3297.6175552100003,317.05504959999996,1261.00568167,1627.5444368,383.92479152,342.19769482000004,917.63945059,408.74460359,0.20453717,3614.4680676400003,3205.72346405
1998Q2,5267.40383213,3497.13894368,1770.26488845,4817.08164021,450.32219192,2941.53619941,1632.82639028,472.2511243,220.79011814,923.97412589,1195.93388054,0,5267.40383213,4071.46995159
1998Q3,5749.56035144,3693.1737185499996,2056.38663289,5031.59035514,717.9699963,2488.62420113,2250.78996398,668.1578400999999,341.98834623,1037.22479774,560.0285405,3.1645959800000005,5746.39575546,5186.367214960001
1998Q4,4359.2456780600005,2162.44541935,2196.80025871,3550.0111973599996,809.2344807,1207.27751704,1970.01823993,738.3440434299999,443.60587766000003,957.8259997600001,271.15872513,8.38550246,4350.8601756,4079.70145047
1999Q1,3503.12550017,1790.4986914200001,1712.62680875,3029.00075095,474.12474922,853.88382703,1855.3830495299999,496.99448377,296.86413984,501.21915595999997,357.34780237999996,4.2365354,3498.88896477,3141.54116239
1999Q2,3700.27046879,1699.00891112,2001.26155767,3073.10598518,627.1644836099999,1005.8053361,2074.9408551,316.83649266,302.68778493,520.4751179,176.81336182,5.61750897,3694.65295982,3517.839598
1999Q3,3826.77772171,2156.87434554,1669.90337617,3107.73003814,719.04768357,1021.35327114,1924.0042800699998,537.6653696,343.75480089999996,677.6666982,337.57277326999997,11.90664728,3814.8710744299997,3477.29830116
1999Q4,7021.34012866,3503.78634637,3517.55378229,6088.67304145,932.6670872100001,3324.22509509,2540.35872911,813.45585474,343.30044971999996,792.01785092,723.77665138,6.57290387,7014.76722479,6290.99057341
2000Q1,3441.1193143,1753.9796630800001,1687.13965122,2666.55909255,774.56022175,755.55138652,1926.1429053699999,466.06691494999995,293.35810746,641.6945025800001,211.84638060999998,19.009490189999998,3422.10982411,3210.2634435
2000Q2,3246.4423867200003,1365.25146046,1881.1909262600002,2263.47323857,982.96914815,651.64354952,1649.66798016,494.24175048,450.88910656,927.49734458,123.38470293,17.15249694,3229.28988978,3105.90518685
2000Q3,5522.33093258,3081.50583909,2440.8250934899997,4218.96154259,1303.36938999,2415.20138234,1976.41836994,569.5945994599999,561.11658084,1199.01596468,1529.42526295,9.57196919,5512.758963390001,3983.33370044
2000Q4,10835.938024520001,4794.56359958,6041.37442494,9491.214215420001,1344.7238091,4651.27198856,4835.89910315,746.15033834,602.61659447,1179.06583521,116.93310151,21.59248259,10814.34554193,10697.412440420001
2001Q1,5323.4148464400005,2348.16819535,2975.24665109,4167.71270714,1155.7021393,612.15423235,3767.99225406,424.52481537,518.74354466,1072.7842464,753.09299015,5.2235252700000006,5318.19132117,4565.09833102
2001Q2,5194.72954091,2496.4598423400003,2698.26969857,3894.97625087,1299.7532900400001,1543.7597045700002,2611.58828812,399.64623064,639.73531758,1089.06229472,43.1876302,10.8972774,5183.83226351,5140.64463331
2001Q3,6386.1077433,2653.29264297,3732.81510033,4875.82228397,1510.2854593299999,2310.64298852,2727.45844168,600.90301702,747.1032960800001,1470.49832047,49.77690603,11.57439807,6374.53334523,6324.7564392
2001Q4,8312.27274617,4318.16734972,3994.10539645,6492.88696351,1819.3857826600001,2693.29053906,4026.09170411,736.49065304,856.39984996,1719.18566784,143.58792653,18.14169519,8294.13105098,8150.54312445
2002Q1,6067.83812878,3605.38831893,2462.44980985,4532.8237677,1535.01436108,2320.40496882,2454.51033441,471.34481202999996,821.57801352,1414.1075858200002,104.70784149,9.96013204,6057.8779967400005,5953.17015525
2002Q2,7154.99995995,4438.28812451,2716.71183544,5584.61488627,1570.38507368,948.2647776199999,4672.38881703,695.8228429,838.5235224,1494.78533358,60.243284069999994,29.62245679,7125.37750316,7065.13421909
2002Q3,11409.14115655,7285.00351283,4124.13764372,9189.09913877,2220.04201778,4657.6283492,4720.47576433,848.72314572,1182.3138973,1803.18728072,286.08299618,41.27317872,11367.86797783,11081.78498165
2002Q4,12787.29261626,6653.20599597,6134.08662029,9775.43340976,3011.8592065000003,4740.382118629999,5559.94136283,820.45295293,1666.51618187,2603.2575466499998,355.79931192000004,77.71322935,12709.57938691,12353.78007499
2003Q1,5508.3181122999995,2563.08654625,2945.23156605,3883.12604688,1625.19206542,1736.76878218,2548.47293387,662.38104708,560.69534917,1375.83153352,357.54808046,14.06194316,5494.256169140001,5136.70808868
2003Q2,6703.9898954,3165.4512419000002,3538.5386535000002,4437.96928843,2266.02060697,1627.79683489,3295.3270191,759.40375146,1021.46228995,2040.6933441,58.449037950000005,34.56612571,6669.42376969,6610.97473174
2003Q3,6757.36748101,3018.19810704,3739.16937397,3891.25451256,2866.11296845,2680.96040259,1817.96066044,819.75304079,1438.69337719,2391.2386711,133.10859693,28.40563385,6728.961847160001,6595.85325023
2003Q4,14563.913286340001,6577.35322161,7986.56006473,11297.81720351,3266.0960828300003,3522.97305675,8415.360032479999,1051.40493188,1574.1752652300002,2779.8982570999997,421.00594502000007,37.31435348,14526.59893286,14105.59298784
2004Q1,8507.96565153,3101.99184446,5405.9738070700005,5800.02414256,2707.94150897,1592.29040787,4339.81497244,1005.8643579,1569.99591332,2377.23631346,8.87132601,51.12440856,8456.84124297,8447.969916959999
2004Q2,9499.55336436,4943.12992065,4556.42344371,6568.22330908,2931.33005528,4184.6627943,3154.73776982,535.23557257,1624.91722767,2467.88582689,232.33215923,47.15584318,9452.39752118,9220.06536195
2004Q3,9736.58998411,4980.46858357,4756.12140054,6462.55712037,3274.03286374,5069.07034993,2260.9766133900002,567.6684767300001,1838.87454406,3025.3899937300002,241.17449173,39.28827202,9697.30171209,9456.12722036
2004Q4,12089.788351180001,4750.1444935300005,7339.64385765,8424.74310381,3665.04524737,3431.34570987,6013.34682489,748.67636583,1896.41945059,3574.28458069,130.84593811,50.1238418,12039.66450938,11908.81857127
2005Q1,9462.700512930001,4777.954012759999,4684.74650017,6454.10665617,3008.59385676,2674.1927542900003,4823.70482524,749.19870904,1215.60422436,3178.29121462,285.02116659,20.48356475,9442.216948180001,9157.19578159
2005Q2,10510.67960772,3649.04752343,6861.63208429,7461.2182679,3049.46133982,3058.2137576,5548.68889888,899.58813869,1004.18881255,3159.97955886,323.81794403000004,59.5039083,10451.17569942,10127.35775539
2005Q3,11172.41835117,5520.9672219700005,5651.4511292,8300.15177048,2872.26658069,4697.45279683,4539.24188713,1193.77012218,741.95354503,2901.8771745100003,1268.88161665,15.2190814,11157.19926977,9888.31765312
2005Q4,15834.43878695,8133.04713549,7701.39165146,13102.8877621,2731.55102485,5443.6444785700005,8458.65937763,835.06286001,1097.07207074,2745.0677145,169.48448183999997,47.61393425,15786.8248527,15617.34037086
2006Q1,6771.9769113,1977.63555497,4794.34135633,4090.26662708,2681.71028422,2458.78723629,2446.61937349,836.46692063,1030.10338089,2695.38276645,139.42427923999998,14.474736440000001,6757.50217486,6618.07789562
2006Q2,11478.29512033,4823.11820078,6655.17691955,9010.68006022,2467.61506011,3586.05294873,6286.0099058900005,876.66555064,729.56671507,2924.1514019099995,293.66434447,43.01693315,11435.27818718,11141.613842710001
2006Q3,12923.79403056,5829.11647915,7094.67755141,10292.50275605,2631.29127451,3605.99574048,7716.4791238,1037.02865483,564.29051145,3290.34871501,1423.04747159,21.99141665,12901.80261391,11478.75514232
2006Q4,20143.94922915,9492.62416913,10651.32506002,16807.18803785,3336.7611913,6162.86140446,10671.8101464,2210.67288146,1098.60479683,3977.2170066099998,1547.38819891,48.8106584,20095.13857075,18547.75037184
2007Q1,11270.80043001,4689.24819115,6581.55223886,8227.41736999,3043.38306002,3465.81471639,5496.82539789,1203.2762368400001,1104.88407889,3787.77985175,274.46388334,16.50324991,11254.2971801,10979.83329676
2007Q2,13438.617023499999,3019.2922579,10419.3247656,9354.646127490001,4083.97089601,4808.10495801,5782.76939933,1499.32864156,1348.4140246,4858.91961142,387.08347782,24.78129536,13413.835728139999,13026.75225032
2007Q3,17090.09212213,8381.25140933,8708.8407128,13152.93057758,3937.16154455,6499.6014341400005,7155.51443776,2427.32887827,1007.6473719600001,5268.94199535,1596.64664087,35.50517236,17054.58694977,15457.9403089
2007Q4,23092.28569882,10821.070808030001,12271.214890790001,18090.31227722,5001.9734216,10859.20611025,8010.81022792,2685.37226536,1536.89709529,6632.52825235,1239.88418537,70.91130908,23021.37438974,21781.49020437
2008Q1,16359.485281509998,6141.41932575,10218.06595576,12057.49675003,4301.98853148,5588.60628138,7573.02708905,1930.67074677,1267.18116431,5191.8539853,334.37626696,45.259134949999996,16314.226146559999,15979.8498796
2008Q2,21521.10087749,11084.654501340001,10436.446376150001,16369.8388313,5151.26204619,9558.39169807,8497.488126389999,1891.64286545,1573.5781875799998,6190.1013143400005,4890.16720237,83.01625976,21438.08461773,16547.91741536
2008Q3,22106.12446308,9522.01973718,12584.1047259,16054.255507419999,6051.86895566,8690.79051608,8672.43211536,3709.55975699,1033.34207465,7885.83762909,3483.29286622,61.96688347,22044.15757961,18560.86471339
2008Q4,30891.19726616,15666.34094663,15224.85631953,24550.136178779998,6341.06108738,11258.20392117,14278.04366652,3634.58895106,1720.36072741,7239.146428399999,1746.9558388599999,99.30273729000001,30791.894528869998,29044.93869001
2009Q1,17893.423903490002,9487.99698488,8405.42691861,13556.2663252,4337.15757829,6786.35985817,7872.47075482,2086.20308826,1148.39020224,4869.34994315,1920.43944571,46.22475385,17847.19914964,15926.75970393
2009Q2,23986.158154700002,12829.44016965,11156.71798505,18793.527649000003,5192.6305057,9646.6347374600009,9379.91389064,2974.73206523,1984.87746137,5287.27447545,1575.06003894,106.91487122000001,23879.24328348,22304.18324454
2009Q3,53921.91033848,35347.71610599,18574.19423249,48005.9719538,5915.93838468,15077.83459366,31556.341017299997,5595.46838837,1692.26633915,5516.16871598,1117.42365004,1940.01878031,51981.89155817,50864.46790813
2009Q4,40554.86271329,20535.33742158,20019.52529171,32081.63926284,8473.223450450001,17142.59139472,14712.81163158,6669.32409118,2030.1355958099998,8454.79777286,4097.95131924,2055.52818819,38499.3345251,34401.38320586
2010Q1,25462.232263579997,7950.135071,17512.09719258,15617.998122179999,9844.2341414,9841.08032906,7811.36583287,5168.25141086,2641.53469079,11312.94166292,2283.53648894,335.82354469,25126.40871889,22842.87222995
2010Q2,33853.93242426,11137.6409499,22716.29147436,22233.77642739,11620.15599687,13867.08092303,10674.24164418,6965.73349169,2346.87636536,13783.62307593,1245.66600511,1040.00024077,32813.932183490004,31568.26617838
2010Q3,68697.14632946,38612.11816075,30085.02816871,56595.200661689996,12101.94566777,12816.92773549,46343.84051759,7375.05995741,2161.31811897,13929.80471233,27736.199910439995,1630.8759793000002,67066.27035015999,39330.07043972
2010Q4,40409.43600739,16963.15280682,23446.28320057,28397.44443686,12011.99157053,15899.07414777,13939.31795354,7594.4874311700005,2976.55647491,13695.30045768,1445.13343667,2122.16111622,38287.27489117,36842.1414545
2011Q1,24865.28165863,7494.3672329599995,17370.914425670002,13758.73685533,11106.5448033,10077.22118626,7749.83033462,4919.89938753,2118.33075022,12336.657425450001,923.6103549799999,398.43213038,24466.84952825,23543.23917327
2011Q2,30730.328012539998,9974.97745251,20755.350560029998,18724.2872638,12006.04074874,11524.51608912,10982.16435455,5435.89583433,2787.75173454,13252.04511395,1439.2062799100001,219.07950934000002,30511.2485032,29072.042223290002
2011Q3,36007.7263386,13748.788092089999,22258.93824651,23045.81874275,12961.90759585,16389.96402955,9719.85882681,7579.633734999999,2318.26974724,13862.70710388,1258.9159117899999,775.8994246999999,35231.8269139,33972.91100211
2011Q4,47270.1006469,23405.95794854,23864.142698360003,33684.36059565,13585.740051249999,18104.5628259,15397.52812667,11233.33752232,2534.67217201,12949.04704267,855.90471296,1654.20013179,45615.90051511,44759.99580215
2012Q1,24482.95756793,9111.39260147,15371.564966459999,14344.038372590001,10138.91919534,9931.54338294,6455.61554308,5879.303463779999,2216.49517813,9609.0872409,857.4178307799999,151.42790195,24331.52966598,23474.111835199998
2012Q2,29055.989759739998,10709.90345201,18346.086307730002,18523.20725188,10532.78250786,10155.85403137,8846.87762621,7837.67407884,2215.58402332,9330.32427745,1323.50910417,687.232974,28368.75678574,27045.24768157
2012Q3,41018.73493019,17145.75416047,23872.98076972,27945.927838260002,13072.80709193,10932.711944570001,18179.00156997,8908.00691575,2999.0144999,10867.55063903,1165.3143374400001,427.33763117,40591.39729902,39426.08296158
2012Q4,61434.58756312,34943.16805611,26491.41950701,45057.17571117,16377.41185195,21877.61908524,14204.86046393,21420.96522625,3931.1427876999996,13773.39674094,1254.80622144,10842.35398664,50592.23357648,49337.42735504
2013Q1,37158.70576152,10446.80348246,26711.90227906,21998.09391842,15160.6118431,9260.44676644,13614.99341866,9502.28836839,4780.97720803,16369.678393189999,703.6438527299999,2113.3453529199996,35045.3604086,34341.71655587
2013Q2,51395.55661637,20482.55920953,30912.997406839997,34208.38704244,17187.16957393,18110.968404,15561.626861870001,12877.12775286,4845.833597639999,18409.29839028,689.94675555,3602.90676312,47792.64985325,47102.7030977
2013Q3,43005.71456491,15809.81682118,27195.897743729998,27556.23100654,15449.48355837,14636.91576265,11740.50692349,12921.56700782,3706.72487095,17258.32033354,297.58129197,3063.13057821,39942.5839867,39645.00269473
2013Q4,58859.0581745,27631.44182621,31227.61634829,43112.83159072,15746.22658378,20166.64952985,17098.397565979998,16265.33083693,5328.68024174,18422.3146982,1835.07705149,3319.34602455,55539.71214995,53704.63509846
2014Q1,43650.68067943,15938.1845584,27712.496121030003,28426.27657586,15224.40410357,15530.967990789999,12486.888079,11539.6059815,4093.21862814,19185.55086114,750.33494289,2857.95018353,40792.7304959,40042.39555301
2014Q2,40405.18153594,21643.2527497,18761.92878624,28631.665990319998,11773.515545620001,15409.32328597,9721.10830959,11847.685435419999,3427.06450496,11608.30418974,2019.5815682599998,4571.453453749999,35833.72808219,33814.14651393
2014Q3,45591.9235907,18430.53200219,27161.39158851,30588.877877550003,15003.04571315,16609.01125681,13480.00355446,11034.59167178,4468.31710765,15676.5948837,216.77771596999997,1300.75857202,44291.165018679996,44074.38730271
2014Q4,58189.083144250006,28300.024824570002,29889.05831968,40815.73669302,17373.346451229998,21402.43427817,14377.46990292,17622.62931004,4786.54965312,18300.10017019,2631.1399416,2910.6738902899997,55278.40925396,52647.269312360004
2015Q1,33252.42638235,14301.47299998,18950.95338237,23003.54803149,10248.87835086,11663.271795519999,10429.65454932,7605.6784230700005,3553.8216144400003,12145.18849285,466.66604125,816.29155336,32436.13482899,31969.46878774
2015Q2,35517.982418579995,19330.34559571,16187.636822870001,26020.53042553,9497.45199305,14384.1370504,9840.86874228,7430.74714862,3862.22947728,6901.8124571200005,686.98855092,942.43654789,34575.54587069,33888.55731977
2015Q3,25669.92890714,12634.275179299999,13035.65372784,17291.307770890002,8378.62113625,9415.9775845,7418.387100960001,5970.38453894,2865.17968274,6265.06763039,162.21676002,763.66309465,24906.26581249,24744.04905247
2015Q4,41501.70772037,24295.47147443,17206.23624594,32273.35199409,9228.35572628,19433.49477229,9188.7707558,9450.61979229,3428.82239999,7418.91614495,1631.46681579,996.6094484299999,40505.09827194,38873.63145615
2016Q1,18054.61754559,7508.15088546,10546.46666013,11004.43663098,7050.18091461,5778.22501454,5443.4046303000005,3684.0941802400002,3148.89372051,4552.94515382,195.92293068,273.85164646,17780.76589913,17584.84296845
2016Q2,22070.55670452,10805.85202338,11264.70468114,15336.892670730002,6733.66403379,7167.76750712,6399.58458189,5000.67582036,3502.52879515,4215.66502914,407.46317249,1318.28938137,20752.26732315,20344.80415066
2016Q3,22070.37784354,7589.87339918,14480.504444360002,16219.31223905,5851.065604490001,5081.69594821,9936.47106899,4176.75011448,2875.4607118599997,3871.90561515,492.65502406999997,346.26539917,21724.11244437,21231.4574203
2016Q4,26060.94856953,14131.58115666,11929.36741287,18455.06291437,7605.88565516,7879.1532862,8361.80926147,5448.84613729,4371.1398845700005,5047.4444012,265.3144252,1615.8708423799999,24445.077727149997,24179.76330195
2017Q1,15064.53314836,5802.31626378,9262.21688458,8829.26623337,6235.26691499,5040.75389036,3136.02273686,3542.8401241,3344.91639704,4062.92395174,104.74035721,579.17071347,14485.362434890001,14380.62207768
2017Q2,18450.37831539,7253.91012152,11196.46819387,11380.83465524,7069.5436601500005,7128.2742198900005,3861.39543321,3918.9952878100003,3541.7133744800003,4624.00936136,151.72279797,543.45333706,17906.92497833,17755.20218036
2017Q3,16453.81442509,6123.047975179999,10330.76644991,9003.521854229999,7450.29257086,5768.49321325,4137.20943813,3043.09337602,3505.01839769,5611.56301589,59.35201291,478.49194956,15975.32247553,15915.97046262
2017Q4,20782.05953201,10005.94047953,10776.11905248,11828.13225073,8953.92728128,8916.62801936,3909.45468666,3972.4011921700003,3983.57563382,5397.44499307,257.99529299,615.73299819,20166.32653382,19908.33124083
2018Q1,11153.432391909999,3992.63664452,7160.7957473900005,5098.930955790001,6054.50143612,4066.80500484,1717.3027284700001,2651.21954625,2718.10511235,3496.40655326,62.55350423,582.0582053,10571.37418661,10508.82068238
2018Q2,16602.5124723,8773.96387066,7828.548601640001,9162.98070286,7439.53176944,6959.32587047,3391.3664332499998,3206.13937822,3045.68079036,4419.43780632,43.32612056,275.09208791,16327.42038439,16284.09426383
2018Q3,15812.0412141,6744.1406614200005,9067.90055268,7650.76542464,8161.27578946,6523.23670078,2998.01772915,2670.77145064,3620.01533353,5227.5581959,175.99458278,183.80446640999997,15628.23674769,15452.24216491
2018Q4,25735.23473167,15024.975775300001,10710.25895637,16425.06723849,9310.16749318,12883.963130659999,4197.51441254,3377.87423803,5275.88295044,6011.7533354,413.53747189,551.83958716,25183.39514451,24769.85767262
2019Q1,14479.69423969,7046.13039033,7433.56384936,8229.42355574,6250.270683950001,6960.2135226400005,2589.49624907,1390.9262176500001,3539.05825033,4372.60970644,83.20423514000001,146.71352736,14332.98071233,14249.77647719
2019Q2,10697.277025700001,4528.3956755,6168.8813502,5468.26319774,5229.01382796,4498.04395103,2196.35905659,1184.5025881699999,2818.37142991,4328.98555577,189.96436882,221.46837997,10475.80864573,10285.84427691
2019Q3,12856.86488062,5992.460961520001,6864.4039191,5443.50945933,7413.35542129,5891.14070808,1543.93932248,1581.47244705,3840.31240301,3491.65769141,142.34520428,323.90025906,12532.96462156,12390.61941728
2019Q4,17280.007526859998,8777.52275429,8502.48477257,9383.450106819999,7896.557420040001,7057.452417009999,2485.89384935,2064.67383903,5671.98742147,4429.1283498600005,565.7417299,455.06628156,16824.9412453,16259.1995154
2020Q1,8378.10844126,3182.3427168999997,5195.765724360001,3593.2499850900003,4784.85845617,2934.73234645,1306.42818781,1133.4089868400001,3003.53892016,2756.68368028,120.97707665,99.03668667,8279.07175459,8158.09467794
2020Q2,17645.54782895,9858.06424659,7787.483582360001,10163.001091549999,7482.5467374,8814.46463834,3040.72483389,3582.74426026,2207.61409646,3517.8686296,104.5619413,253.83373909,17391.71408986,17287.152148560002
2020Q3,19311.04746999,8913.80108628,10397.24638371,7204.7534127399995,12106.29405725,7698.7439367,3265.53345118,3167.34178411,5179.428298,4287.03987334,41.47640968,317.41162845,18993.63584154,18952.15943186
2020Q4,19586.76290363,9393.17041698,10193.59248665,9883.89590143,9702.8670022,5316.963112740001,5650.51316842,2390.05716799,6229.229454480001,5967.1062870999995,177.19831807,204.82475735,19381.93814628,19204.739828209997
2021Q1,11330.034240969999,5434.21454792,5895.81969305,6133.96493581,5196.06930516,5581.46521928,1448.2516606999998,1647.08648388,2653.2308771099997,3843.1533411,153.59946003,58.84888236,11271.18535861,11117.58589858
2021Q2,12572.66261476,6307.59287156,6265.0697432,7508.11597123,5064.54664353,5004.300532480001,2750.5336236900002,2838.00297117,1979.8254874200002,4305.11995469,732.79092332,219.90239719,12352.760217570001,11619.96929425
2021Q3,21829.22219935,10334.14561517,11495.07658418,12266.89608366,9562.32611569,9281.42993319,2751.955452,3452.56372914,6343.2730850200005,6093.67711029,1111.10326476,178.58764189,21650.634557459998,20539.5312927
2021Q4,18569.9757822,7415.48993676,11154.48584544,8666.06646477,9903.90931743,6273.379969879999,3458.00911044,3093.94584831,5744.640853569999,9351.66453201,734.68617015,181.93919994,18388.03658226,17653.350412109998
2022Q1,14786.98515104,7208.424985809999,7578.56016523,9148.94004023,5638.04511081,5829.67213157,3299.81444299,2903.97778379,2753.52079269,6039.43339028,242.84037519,236.12383445999998,14550.86131658,14308.02094139
2022Q2,18659.37451632,10985.12323292,7674.251283400001,11811.39989517,6847.9746211500005,8992.43386126,4885.64956856,3002.5751355400002,1778.71595096,6075.03948059,354.47360248,255.47530055,18403.89921577,18049.425613289997
2022Q3,29440.434315040002,10903.23626162,18537.19805342,14530.530803090001,14909.90351195,11488.11912791,4266.7021681999995,3387.8027654300004,10297.8102535,10937.56741341,1615.93178711,91.87974129,29348.55457375,27732.62278664
2022Q4,34634.53398034,14995.69497717,19638.83900317,22131.738837999997,12502.79514234,15882.08918429,6661.58164154,5449.64405231,6641.2191022,15415.75164072,3329.98547126,368.97542201,34265.55855833,30935.57308707
2023Q1,19090.22720775,8388.064596780001,10702.162610970001,12052.20876421,7038.018443540001,5520.45972924,6116.601039300001,3780.00686921,3673.15957,9227.2982824,47.883253769999996,386.27075771000005,18703.95645004,18656.07319627
2023Q2,21527.25935447,12218.92362618,9308.33572829,14527.10051008,7000.15884439,11856.54553199,2993.48275901,3370.87104301,3306.3600204599998,5818.888500700001,5207.24832038,491.23223671,21036.02711776,15828.77879738
2023Q3,34762.365809099996,11832.63754823,22929.72826087,18574.479710159998,16187.88609894,10819.52470204,7621.35758126,5096.91179066,11224.57173514,12351.881574390001,3238.74315586,155.33365704,34607.03215206,31368.2889962
2023Q4,38984.47127374,19759.26727702,19225.20399672,24288.40533673,14696.06593701,20025.42440965,5114.6436607,4491.16755712,9353.23564627,11777.45632542,8759.95337644,208.45658425,38776.014689489995,30016.06131305
2024Q1,23309.58574238,9644.88373698,13664.7020054,12259.335939640001,11050.24980274,10033.97583793,4029.2387682500002,4409.49653271,4836.87460349,8210.10942053,527.71425038,151.47270662,23158.113035759998,22630.39878538
2024Q2,25988.76138833,9788.804811729999,16199.9565766,14590.21341126,11398.54797707,8590.44897789,7203.50021397,5222.732910549999,4972.07928592,9297.940638349999,871.53890217,252.01212334000002,25736.74926499,24865.21036282
2024Q3,37727.2654549,11772.33389462,25954.931560279998,16870.02660761,20857.23884729,12065.01868478,6428.88231526,7711.91617559,11521.44827927,10167.42174055,3803.0116913800002,288.29142670000005,37438.9740282,33635.96233682
2024Q4,46658.09391006,21457.99256204,25200.101348019998,25518.22231777,21139.87159229,18258.09423516,8414.0266711,6251.6104255,13734.362578299999,11289.03607978,5525.4874583,336.09003901,46322.00387105,40796.51641275
2025Q1,25168.8503915,10154.624789829999,15014.22560167,13477.83802379,11691.01236771,8927.86243929,4793.82592056,4948.51746947,6498.644562179999,6841.96866785,824.23156093,401.09380623,24767.75658527,23943.52502434
2025Q2,29418.28277782,13112.1773693,16306.105408520001,16832.25933357,12586.02344425,9246.88722706,7573.23248834,5173.74601462,7424.4170478000005,7623.85227719,902.6295957,689.6065635299999,28728.676214289997,27826.04661859
2025Q3,47316.30011468,16279.83748409,31036.462630590002,28001.36073116,19314.93938352,12637.454161149999,14974.70952193,8684.73408068,11019.402350920001,17118.56141756,2565.4357044,369.86573292,46946.43438176,44380.998677359996
2025Q4,67792.62387445,32407.27017703,35385.353697419996,44219.92359087,23572.70028358,23482.06552232,21811.059131460002,10763.01437267,11736.484848,14620.56533554,11327.42628064,1010.57685593,66782.04701852001,55454.62073788
2026Q1,36235.16275476,13187.49168716,23047.6710676,18157.80749819,18077.35525657,13424.58709796,8016.54669002,5683.52596015,9110.50300663,12618.218045540001,2296.7241564700003,322.46113506,35912.7016197,33615.977463229996
