periodo,selic_meta_media,selic_meta_fim,selic_efetiva_mes,ipca_var,cambio_real_efetivo,icbr,icbr_usd,ptax_venda_media,ipca_indice,trimestre
2000-01,19,19,18.94,0.62,100.17,51.41,65.17,1.8037,21.893299998571326,2000Q1
2000-02,19,19,18.87,0.13,97.34,50.22,64.67,1.7753,21.92176128856947,2000Q1
2000-03,18.951612903225808,18.5,18.85,0.22,95.28,49.51,64.95,1.742,21.969989163404325,2000Q1
2000-04,18.5,18.5,18.62,0.42,96.02,50.31,65.03,1.7682,22.062263117890623,2000Q2
2000-05,18.5,18.5,18.51,0.01,97.52,53.18,66.54,1.8279,22.06446934420241,2000Q2
2000-06,18.166666666666668,17.5,18.04,0.23,98.44,53.55,67.7,1.8083,22.115217623694075,2000Q2
2000-07,16.951612903225808,16.5,16.85,1.61,95.77,53.56,68.12,1.7978,22.47127262743555,2000Q3
2000-08,16.5,16.5,16.52,1.31,93.46,53.82,68.01,1.8092,22.765646298854953,2000Q3
2000-09,16.5,16.5,16.56,0.23,94.05,55.32,68.81,1.8392,22.818007285342322,2000Q3
2000-10,16.5,16.5,16.6,0.14,95.61,57.1,69.49,1.8796,22.849952495541803,2000Q4
2000-11,16.5,16.5,16.51,0.32,99.08,59.02,69.34,1.948,22.923072343527544,2000Q4
2000-12,16.233870967741936,15.75,16.19,0.59,101.06,60.89,70.93,1.9633,23.05831847035435,2000Q4
2001-01,15.524193548387096,15.25,15.49,0.57,100.36,60.81,71.13,1.9545,23.18975088563537,2001Q1
2001-02,15.25,15.25,15.2,0.46,105.96,61.36,69.93,2.0019,23.296423739709294,2001Q1
2001-03,15.411290322580646,15.75,15.39,0.38,109.46,61.26,67.06,2.089,23.38495014992019,2001Q1
2001-04,15.95,16.25,16.02,0.58,114.17,63.21,65.96,2.1925,23.52058286078973,2001Q2
2001-05,16.379032258064516,16.75,16.43,0.41,119.14,66.07,65.9,2.2972,23.617017250518966,2001Q2
2001-06,17.25,18.25,17.28,0.52,121.73,68.09,65.48,2.3758,23.739825740221665,2001Q2
2001-07,18.56451612903226,19,18.57,1.33,124.71,69.56,64.48,2.466,24.055565422566616,2001Q3
2001-08,19,19,19,0.7,128.03,69.23,63.04,2.5106,24.22395438052458,2001Q3
2001-09,19,19,19.06,0.28,136.35,69.58,59.65,2.6717,24.29178145279005,2001Q3
2001-10,19,19,19.06,0.83,137.79,67.82,56.54,2.7402,24.493403238848202,2001Q4
2001-11,19,19,19.05,0.71,126.16,64.33,57.71,2.5431,24.66730640184403,2001Q4
2001-12,19,19,19.05,0.65,116.85,59.7,57.79,2.3627,24.82764389345601,2001Q4
2002-01,19,19,19.05,0.52,111.75,61.05,58.75,2.3779,24.95674764170199,2002Q1
2002-02,18.928571428571427,18.75,18.97,0.36,111.03,60.73,57.26,2.4196,25.046591933212117,2002Q1
2002-03,18.661290322580644,18.5,18.72,0.6,106.76,58.55,57.07,2.3466,25.19687148481139,2002Q1
2002-04,18.5,18.5,18.38,0.8,105.39,56.23,55.4,2.3204,25.39844645668988,2002Q2
2002-05,18.5,18.5,18.37,0.21,112.89,60.35,55.69,2.4804,25.45178319424893,2002Q2
2002-06,18.5,18.5,18.1,0.42,124.7,66.65,56.14,2.714,25.558680683664775,2002Q2
2002-07,18.274193548387096,18,18.17,1.19,136.62,75.86,59.09,2.9346,25.862828983800387,2002Q3
2002-08,18,18,17.84,0.65,142.67,80.62,59.25,3.1101,26.030937372195083,2002Q3
2002-09,18,18,17.89,0.72,152.25,89.93,61.49,3.342,26.21836012127489,2002Q3
2002-10,19.64516129032258,21,19.59,1.31,171.03,103.93,62.41,3.8059,26.561820638863598,2002Q4
2002-11,21.333333333333332,22,21.25,3.02,158.26,101.27,64.64,3.5764,27.36398762215728,2002Q4
2002-12,23.258064516129032,25,23.03,2.1,158.7,104.56,66.03,3.6259,27.938631362222583,2002Q4
2003-01,25.14516129032258,25.5,25.06,2.25,149.36,101.45,67.35,3.4384,28.56725056787259,2003Q1
2003-02,25.821428571428573,26.5,25.68,1.57,160.19,109.05,69.42,3.5908,29.015756401788188,2003Q1
2003-03,26.5,26.5,26.32,1.23,152.85,100.18,66.21,3.4469,29.372650205530185,2003Q1
2003-04,26.5,26.5,26.32,0.97,138.14,90.84,66.79,3.1187,29.65756491252382,2003Q2
2003-05,26.5,26.5,26.31,0.61,133.03,87.33,67.61,2.9557,29.838476058490215,2003Q2
2003-06,26.316666666666666,26,26.09,-0.15,130.28,83.96,66.55,2.8832,29.793718344402492,2003Q2
2003-07,25.612903225806452,24.5,25.36,0.2,129.2,85.02,67.48,2.8798,29.853305781091287,2003Q3
2003-08,23.612903225806452,22,23.5,0.34,132.84,90.1,68.6,3.0025,29.954807020747,2003Q3
2003-09,21.133333333333333,20,21.02,0.78,129.62,89.66,70.12,2.9228,30.188454515508834,2003Q3
2003-10,19.70967741935484,19,19.54,0.29,129.03,91.32,72.96,2.8615,30.276001033603798,2003Q4
2003-11,18.45,17.5,18.31,0.34,130.76,94.54,74.17,2.9138,30.37893943711806,2003Q4
2003-12,17.048387096774192,16.5,16.91,0.52,133.07,97.29,76.04,2.9253,30.536909922191075,2003Q4
2004-01,16.5,16.5,16.32,0.76,130.93,93.51,74.91,2.8518,30.76899043759973,2004Q1
2004-02,16.5,16.5,16.3,0.61,137.73,97.12,75.61,2.9303,30.956681279269088,2004Q1
2004-03,16.387096774193548,16.25,16.19,0.47,135.51,101.58,79.91,2.9055,31.10217768128165,2004Q1
2004-04,16.116666666666667,16,15.96,0.37,135.1,103.32,81.29,2.906,31.21725573870239,2004Q2
2004-05,16,16,15.77,0.51,142.57,112.08,82.64,3.1004,31.37646374296978,2004Q2
2004-06,16,16,15.8,0.71,144.1,112.58,82.26,3.1291,31.599236635544866,2004Q2
2004-07,16,16,15.77,0.91,139.4,107.88,81.21,3.0368,31.88678968892833,2004Q3
2004-08,16,16,15.86,0.69,136.65,106.13,80.79,3.0029,32.10680853778194,2004Q3
2004-09,16.125,16.25,16.09,0.33,131.58,104.61,82.69,2.8911,32.212761005956615,2004Q3
2004-10,16.427419354838708,16.75,16.41,0.44,130.98,104.91,84.09,2.8529,32.35449715438282,2004Q4
2004-11,16.966666666666665,17.25,16.96,0.69,129.05,103.13,84.51,2.786,32.57774318474806,2004Q4
2004-12,17.508064516129032,17.75,17.5,0.86,126.88,101.43,85.32,2.7182,32.857911776136895,2004Q4
2005-01,17.943548387096776,18.25,17.93,0.58,124.02,101.11,85.83,2.693,33.04848766443848,2005Q1
2005-02,18.464285714285715,18.75,18.47,0.59,120.05,98.34,86.52,2.5978,33.243473741658676,2005Q1
2005-03,18.991935483870968,19.25,18.97,0.61,125.3,106.82,90.23,2.7047,33.44625893148279,2005Q1
2005-04,19.333333333333332,19.5,19.32,0.87,118.26,99.86,88.53,2.5792,33.737241384186696,2005Q2
2005-05,19.60483870967742,19.75,19.61,0.49,111.64,93.24,86.97,2.4528,33.9025538669692,2005Q2
2005-06,19.75,19.75,19.75,-0.02,108.35,90.22,85.45,2.4135,33.89577335619581,2005Q2
2005-07,19.75,19.75,19.72,0.25,106.38,88.68,85.41,2.3735,33.9805127895863,2005Q3
2005-08,19.75,19.75,19.75,0.17,106.82,90.46,87.61,2.3606,34.038279661328595,2005Q3
2005-09,19.616666666666667,19.5,19.61,0.35,104.03,90.96,90.59,2.2944,34.15741364014325,2005Q3
2005-10,19.306451612903224,19,19.25,0.75,100.88,93.09,94.36,2.2565,34.413594242444326,2005Q4
2005-11,18.883333333333333,18.5,18.87,0.55,97.21,91.8,94.87,2.2108,34.602869010777766,2005Q4
2005-12,18.225806451612904,18,18.24,0.36,100.9,100,100,2.2855,34.727439339216566,2005Q4
2006-01,17.68548387096774,17.25,17.65,0.59,100.68,101.81,102.38,2.2739,34.93233123131795,2006Q1
2006-02,17.25,17.25,17.28,0.41,95.44,97.57,103.28,2.1619,35.075553789366346,2006Q1
2006-03,16.693548387096776,16.5,16.74,0.43,95.29,93.81,99.65,2.152,35.22637867066063,2006Q1
2006-04,16.225,15.75,16.19,0.21,95.14,95.29,102.3,2.1293,35.30035406586901,2006Q2
2006-05,15.75,15.75,15.7,0.1,99.31,99.12,104.26,2.1781,35.335654419934876,2006Q2
2006-06,15.25,15.25,15.18,-0.21,102.35,99.63,101.24,2.2483,35.261449545653015,2006Q2
2006-07,15.056451612903226,14.75,14.98,0.19,100.12,99.75,104.16,2.1893,35.32844629978975,2006Q3
2006-08,14.733870967741936,14.25,14.66,0.05,99.2,97.05,102.91,2.1559,35.34611052293965,2006Q3
2006-09,14.25,14.25,14.17,0.21,99.14,94.66,99.85,2.1687,35.42033735503782,2006Q3
2006-10,14.040322580645162,13.75,13.95,0.33,97.72,95.76,101.91,2.1483,35.537224468309454,2006Q4
2006-11,13.733333333333333,13.25,13.65,0.31,98.62,99.88,105.86,2.1579,35.64738986416121,2006Q4
2006-12,13.25,13.25,13.19,0.48,99.29,100.81,107.2,2.1499,35.818497335509186,2006Q4
2007-01,13.193548387096774,13,13.13,0.44,97.85,99.11,105.96,2.1385,35.97609872378543,2007Q1
2007-02,13,13,12.93,0.44,95.85,98.79,107.77,2.0963,36.134393558170075,2007Q1
2007-03,12.806451612903226,12.75,12.74,0.37,96.14,98.75,108.08,2.0887,36.26809081433531,2007Q1
2007-04,12.65,12.5,12.58,0.25,94.59,95.87,107.86,2.032,36.35876104137114,2007Q2
2007-05,12.5,12.5,12.43,0.28,92.5,93.91,108.23,1.9816,36.46056557228698,2007Q2
2007-06,12.116666666666667,12,12.03,0.28,90.12,92.03,108.84,1.9319,36.56265515588938,2007Q2
2007-07,11.790322580645162,11.5,11.73,0.24,88.84,91.58,111.21,1.8828,36.65040552826351,2007Q3
2007-08,11.5,11.5,11.43,0.47,92.25,93.84,109.18,1.966,36.82266243424635,2007Q3
2007-09,11.291666666666666,11.25,11.22,0.18,89.92,94.42,113.54,1.8996,36.888943226627994,2007Q3
2007-10,11.25,11.25,11.18,0.3,86.17,92.96,118.04,1.801,36.99961005630787,2007Q4
2007-11,11.25,11.25,11.18,0.38,86.19,92.79,120.04,1.7699,37.14020857452185,2007Q4
2007-12,11.25,11.25,11.18,0.74,86.66,93.82,120.09,1.786,37.41504611797331,2007Q4
2008-01,11.25,11.25,11.18,0.54,86.19,98,126.3,1.7743,37.61708736701037,2008Q1
2008-02,11.25,11.25,11.18,0.49,85.36,103.45,136.85,1.7277,37.80141109510871,2008Q1
2008-03,11.25,11.25,11.18,0.48,86.32,105.36,141,1.7076,37.98285786836523,2008Q1
2008-04,11.483333333333333,11.75,11.37,0.55,85.97,105.34,142.73,1.6889,38.191763586641244,2008Q2
2008-05,11.75,11.75,11.63,0.79,84.12,106.03,145.93,1.6605,38.49347851897571,2008Q2
2008-06,12.183333333333334,12.25,12.09,0.74,82.11,107.75,152.21,1.6189,38.77833026001613,2008Q2
2008-07,12.443548387096774,13,12.36,0.53,81.06,104.94,150.71,1.5914,38.98385541039423,2008Q3
2008-08,13,13,12.92,0.28,80.55,97.28,137.97,1.6123,39.09301020554333,2008Q3
2008-09,13.5,13.75,13.39,0.26,87.61,102.22,129.98,1.7996,39.194652032077734,2008Q3
2008-10,13.75,13.75,13.66,0.45,100.24,102.97,108.55,2.1729,39.37102796622208,2008Q4
2008-11,13.75,13.75,13.64,0.36,100.66,98.88,99.88,2.2663,39.512763666900476,2008Q4
2008-12,13.75,13.75,13.66,0.28,107.19,97.98,93.62,2.3944,39.623399405167795,2008Q4
2009-01,13.42741935483871,12.75,13.32,0.48,101.33,96.97,96.05,2.3074,39.81359172231261,2009Q1
2009-02,12.75,12.75,12.66,0.55,99.54,93.49,92.15,2.3127,40.03256647678533,2009Q1
2009-03,11.78225806451613,11.25,11.7,0.2,97.4,91.32,90.28,2.3138,40.11263160973889,2009Q1
2009-04,11.216666666666667,10.25,11.11,0.48,95.38,90.71,94.02,2.2059,40.30517224146564,2009Q2
2009-05,10.25,10.25,10.16,0.47,89.91,90.81,100.49,2.0609,40.49460655100052,2009Q2
2009-06,9.616666666666667,9.25,9.54,0.36,87.38,87.34,102.04,1.9576,40.640387134584124,2009Q2
2009-07,9.10483870967742,8.75,9.01,0.24,86.38,85.87,101.63,1.9328,40.73792406370713,2009Q3
2009-08,8.75,8.75,8.65,0.15,82.86,86.52,107.21,1.8452,40.79903094980269,2009Q3
2009-09,8.75,8.75,8.65,0.24,82.13,85.82,107.76,1.8198,40.89694862408222,2009Q3
2009-10,8.75,8.75,8.65,0.28,79.15,86.38,113.63,1.7384,41.01146008022965,2009Q4
2009-11,8.75,8.75,8.65,0.41,79.27,87.68,116.07,1.7262,41.17960706655858,2009Q4
2009-12,8.75,8.75,8.65,0.37,79.87,91.77,119.86,1.7503,41.331971612704855,2009Q4
2010-01,8.75,8.75,8.65,0.75,79.59,96.36,123.96,1.7798,41.641961399800145,2010Q1
2010-02,8.75,8.75,8.65,0.78,81.53,96.7,119.9,1.8416,41.966768698718575,2010Q1
2010-03,8.75,8.75,8.65,0.52,78.75,91.3,116.89,1.7858,42.18499589595193,2010Q1
2010-04,8.8,9.5,8.72,0.57,77.18,90.12,117.28,1.7566,42.425450372558856,2010Q2
2010-05,9.5,9.5,9.4,0.43,77.66,89.37,112.73,1.8132,42.60787980916085,2010Q2
2010-06,10.025,10.25,9.94,0,76.4,87.96,111.26,1.8065,42.60787980916085,2010Q2
2010-07,10.411290322580646,10.75,10.32,0.01,76.44,89.22,115.28,1.7696,42.61214059714177,2010Q3
2010-08,10.75,10.75,10.66,0.04,76.82,93.76,121.83,1.7596,42.62918545338063,2010Q3
2010-09,10.75,10.75,10.66,0.45,75.57,97.74,130.01,1.7187,42.821016787920826,2010Q3
2010-10,10.75,10.75,10.66,0.75,75.18,102.18,138.83,1.6835,43.14217441383024,2010Q4
2010-11,10.75,10.75,10.66,0.83,75.74,109.37,145.98,1.7133,43.50025446146504,2010Q4
2010-12,10.75,10.75,10.66,0.63,73.74,114.05,154,1.6934,43.77430606457226,2010Q4
2011-01,10.943548387096774,11.25,10.85,0.83,73.19,119.03,162.49,1.6749,44.137632804908215,2011Q1
2011-02,11.25,11.25,11.17,0.8,74.67,125.67,172.27,1.668,44.49073386734747,2011Q1
2011-03,11.71774193548387,11.75,11.62,0.79,74.77,124.77,172.08,1.6591,44.842210664899525,2011Q1
2011-04,11.8,12,11.74,0.77,72.21,120.59,173.94,1.5864,45.18749568701925,2011Q2
2011-05,12,12,11.92,0.47,73.42,113.74,161.22,1.6135,45.39987691674824,2011Q2
2011-06,12.183333333333334,12.25,12.1,0.15,72.38,111.36,160.44,1.587,45.46797673212337,2011Q2
2011-07,12.338709677419354,12.5,12.25,0.16,71.76,110.25,161.18,1.5639,45.54072549489476,2011Q3
2011-08,12.5,12.5,12.42,0.37,73.43,111.02,158.97,1.597,45.70922617922588,2011Q3
2011-09,12,12,11.91,0.53,78.12,119.35,156.61,1.7498,45.95148507797578,2011Q3
2011-10,11.806451612903226,11.5,11.7,0.43,78.22,115.74,149.35,1.7726,46.14907646381107,2011Q4
2011-11,11.5,11.5,11.4,0.52,78.06,114.98,147.13,1.7905,46.3890516614229,2011Q4
2011-12,11,11,10.9,0.5,79.39,113.62,141.43,1.8369,46.620996919730004,2011Q4
2012-01,10.790322580645162,10.5,10.7,0.56,76.75,114.48,146.27,1.7897,46.8820745024805,2012Q1
2012-02,10.5,10.5,10.4,0.45,75.45,111.7,148.65,1.7184,47.093043837741654,2012Q1
2012-03,9.919354838709678,9.75,9.82,0.21,79,114.1,145.32,1.7953,47.1919392298009,2012Q1
2012-04,9.45,9,9.35,0.64,81.1,113.8,140.37,1.8548,47.49396764087164,2012Q2
2012-05,8.983870967741936,8.5,8.87,0.36,85.53,115.6,133.41,1.986,47.66494592437878,2012Q2
2012-06,8.5,8.5,8.39,0.08,87,115.24,128.65,2.0492,47.70307788111827,2012Q2
2012-07,8.17741935483871,8,8.07,0.43,85.92,123.8,139.49,2.0287,47.908201116007085,2012Q3
2012-08,7.967741935483871,7.5,7.85,0.41,86.89,124.72,140.49,2.0294,48.1046247405827,2012Q3
2012-09,7.5,7.5,7.39,0.57,87.63,126.94,143.05,2.0281,48.37882110160403,2012Q3
2012-10,7.330645161290323,7.25,7.23,0.59,87.34,125.61,141.44,2.0298,48.6642561461035,2012Q4
2012-11,7.25,7.25,7.14,0.6,87.99,126.94,140.45,2.0678,48.95624168298012,2012Q4
2012-12,7.25,7.25,7.16,0.79,88.5,128.75,141.64,2.0778,49.342995992275654,2012Q4
2013-01,7.25,7.25,7.11,0.86,86,126.11,141.91,2.0311,49.767345757809224,2013Q1
2013-02,7.25,7.25,7.12,0.6,83.58,122,141.4,1.9733,50.06594983235608,2013Q1
2013-03,7.25,7.25,7.15,0.47,82.97,120.11,138.37,1.9828,50.301259796568154,2013Q1
2013-04,7.358333333333333,7.5,7.26,0.55,83.3,118.01,134.73,2.0022,50.57791672544928,2013Q2
2013-05,7.532258064516129,8,7.42,0.37,84.33,118.19,132.73,2.0348,50.765055017333445,2013Q2
2013-06,8,8,7.9,0.26,90.18,124.03,130.51,2.173,50.897044160378506,2013Q2
2013-07,8.338709677419354,8.5,8.23,0.03,93.45,126.62,128.52,2.2522,50.91231327362662,2013Q3
2013-08,8.548387096774194,9,8.45,0.24,98.06,131.71,128.53,2.3422,51.03450282548332,2013Q3
2013-09,9,9,8.9,0.35,94.79,128.89,129.78,2.2705,51.213123585372514,2013Q3
2013-10,9.35483870967742,9.5,9.25,0.57,91.47,125.28,130.85,2.1886,51.50503838980915,2013Q4
2013-11,9.55,10,9.45,0.54,94.71,129.23,128.61,2.2954,51.78316559711412,2013Q4
2013-12,10,10,9.9,0.92,95.87,132.85,129.45,2.3455,52.25957072060757,2013Q4
2014-01,10.258064516129032,10.5,10.17,0.55,95.6,135.37,129.98,2.3822,52.546998359570914,2014Q1
2014-02,10.517857142857142,10.75,10.43,0.69,94.72,140.49,134.75,2.3837,52.90957264825195,2014Q1
2014-03,10.75,10.75,10.65,0.92,91.68,140.66,138.19,2.3261,53.396340716615875,2014Q1
2014-04,10.983333333333333,11,10.87,0.67,87.63,136.79,139.97,2.2328,53.754096199417205,2014Q2
2014-05,11,11,10.9,0.46,86.9,134.28,138.17,2.2209,54.00136504193451,2014Q2
2014-06,11,11,10.9,0.4,87.05,133.55,136.52,2.2355,54.21737050210224,2014Q2
2014-07,11,11,10.9,0.01,87.49,131.3,134.93,2.2246,54.222792239152454,2014Q3
2014-08,11,11,10.9,0.25,88.77,129.87,130.89,2.268,54.358349219750345,2014Q3
2014-09,11,11,10.9,0.57,89.59,132.39,129.76,2.3329,54.668191810302915,2014Q3
2014-10,11.016129032258064,11.25,10.92,0.42,92.87,139.28,130.05,2.4483,54.897798215906185,2014Q4
2014-11,11.25,11.25,11.15,0.51,94.97,144.97,130.04,2.5484,55.17777698680731,2014Q4
2014-12,11.701612903225806,11.75,11.58,0.78,96.64,144.54,125.12,2.6394,55.60816364730441,2014Q4
2015-01,11.911290322580646,12.25,11.82,1.24,93.33,137.64,119.36,2.6342,56.29770487653099,2015Q1
2015-02,12.25,12.25,12.15,1.22,98.77,143.96,116.74,2.8165,56.98453687602466,2015Q1
2015-03,12.685483870967742,12.75,12.58,1.32,106.96,155.69,113.37,3.1395,57.73673276278821,2015Q1
2015-04,12.766666666666667,13.25,12.68,0.71,103.69,151.96,113.96,3.0432,58.146663565404,2015Q2
2015-05,13.25,13.25,13.15,0.74,104.13,153.7,114.88,3.0617,58.57694887578799,2015Q2
2015-06,13.7,13.75,13.58,0.79,105.07,155.07,113.9,3.1117,59.03970677190672,2015Q2
2015-07,13.78225806451613,14.25,13.69,0.62,108.32,160.33,113.75,3.2231,59.40575295389254,2015Q3
2015-08,14.25,14.25,14.15,0.22,116.79,168,109.28,3.5143,59.5364456103911,2015Q3
2015-09,14.25,14.25,14.15,0.54,129.34,183.62,107.6,3.9065,59.857942416687216,2015Q3
2015-10,14.25,14.25,14.15,0.82,127.47,185.03,109.19,3.8801,60.348777544504046,2015Q4
2015-11,14.25,14.25,14.15,1.01,121.97,176.15,106.5,3.7765,60.958300197703544,2015Q4
2015-12,14.25,14.25,14.15,0.96,122.1,178.15,105.09,3.8711,61.54349987960149,2015Q4
2016-01,14.25,14.25,14.15,1.27,122.64,183.39,103.63,4.0524,62.32510232807244,2016Q1
2016-02,14.25,14.25,14.15,0.9,120.27,180.54,104.03,3.9737,62.886028249025074,2016Q1
2016-03,14.25,14.25,14.15,0.43,112.65,170.41,105.2,3.7039,63.15643817049589,2016Q1
2016-04,14.25,14.25,14.15,0.61,110.04,164.72,105.62,3.5658,63.541692443335904,2016Q2
2016-05,14.25,14.25,14.15,0.78,108.67,166.25,107.31,3.5393,64.03731764439394,2016Q2
2016-06,14.25,14.25,14.15,0.35,104.88,166.98,111.46,3.4245,64.26144825614931,2016Q2
2016-07,14.25,14.25,14.15,0.52,99.55,158.77,110.79,3.2756,64.5956077870813,2016Q3
2016-08,14.25,14.25,14.15,0.44,98.17,155.61,110.83,3.2097,64.87982846134445,2016Q3
2016-09,14.25,14.25,14.15,0.08,99.1,158.33,111.16,3.2564,64.93173232411353,2016Q3
2016-10,14.153225806451612,14,14.05,0.26,95.95,158.07,113.37,3.1858,65.1005548281562,2016Q4
2016-11,14,14,13.9,0.18,98.84,166.76,114.11,3.342,65.21773582684689,2016Q4
2016-12,13.75,13.75,13.65,0.3,97.55,170.31,116.13,3.3523,65.41338903432742,2016Q4
2017-01,13.266129032258064,13,13.17,0.38,93.08,165.23,118.15,3.1966,65.66195991265788,2017Q1
2017-02,12.839285714285714,12.25,12.82,0.33,91.5,159.6,117.54,3.1042,65.87864438036965,2017Q1
2017-03,12.25,12.25,12.15,0.25,92.12,156.07,114.05,3.1279,66.04334099132056,2017Q1
2017-04,11.65,11.25,11.59,0.14,93.26,156.15,113.81,3.1362,66.13580166870842,2017Q2
2017-05,11.25,11.25,11.15,0.31,95.64,160.04,113.99,3.2095,66.34082265388143,2017Q2
2017-06,10.25,10.25,10.15,-0.23,99.23,159.74,110.83,3.2954,66.18823876177751,2017Q2
2017-07,10.088709677419354,9.25,10.01,0.24,97.45,157.57,112.35,3.2061,66.34709053480576,2017Q3
2017-08,9.25,9.25,9.15,0.19,97.36,154.23,111.89,3.1509,66.47315000682188,2017Q3
2017-09,8.483333333333333,8.25,8.35,0.16,97.51,157.54,114.91,3.1348,66.57950704683282,2017Q3
2017-10,8.10483870967742,7.5,8.01,0.42,97.91,162.52,116.44,3.1912,66.85914097642952,2017Q4
2017-11,7.5,7.5,7.4,0.28,99.87,171.15,119.96,3.2594,67.04634657116351,2017Q4
2017-12,7.096774193548387,7,7,0.44,100.99,169.65,117.75,3.2919,67.34135049607663,2017Q4
2018-01,7,7,6.9,0.29,99.48,171.2,121.73,3.2106,67.53664041251524,2018Q1
2018-02,6.8125,6.75,6.72,0.32,101.89,171.78,120.98,3.2415,67.7527576618353,2018Q1
2018-03,6.669354838709677,6.5,6.58,0.09,102.57,169.09,117.8,3.2792,67.81373514373094,2018Q1
2018-04,6.5,6.5,6.4,0.22,106.74,175.83,117.93,3.4075,67.96292536104716,2018Q2
2018-05,6.5,6.5,6.4,0.4,110,191.92,120.71,3.6361,68.23477706249135,2018Q2
2018-06,6.5,6.5,6.4,1.26,110.84,197.93,119.9,3.7732,69.09453525347872,2018Q2
2018-07,6.5,6.5,6.4,0.33,111.84,197.04,117.63,3.8288,69.3225472198152,2018Q3
2018-08,6.5,6.5,6.4,-0.09,113.82,198.68,115.58,3.9298,69.26015692731738,2018Q3
2018-09,6.5,6.5,6.4,0.48,116.32,210.59,116.89,4.1165,69.5926056805685,2018Q3
2018-10,6.5,6.5,6.4,0.45,106.32,197.73,120.26,3.7584,69.90577240613104,2018Q4
2018-11,6.5,6.5,6.4,-0.21,106.72,192.92,116.59,3.7867,69.75897028407817,2018Q4
2018-12,6.5,6.5,6.4,0.15,109.46,193.73,113.98,3.8851,69.8636087395043,2018Q4
2019-01,6.5,6.5,6.4,0.32,106.18,186.91,114.01,3.7417,70.08717228747072,2019Q1
2019-02,6.5,6.5,6.4,0.43,105.64,187.38,115.02,3.7236,70.38854712830684,2019Q1
2019-03,6.5,6.5,6.4,0.75,107.76,192.19,114.38,3.8465,70.91646123176915,2019Q1
2019-04,6.5,6.5,6.4,0.57,108.96,195.13,114.42,3.8962,71.32068506079024,2019Q2
2019-05,6.5,6.5,6.4,0.13,110.69,191.27,109.32,4.0015,71.41340195136925,2019Q2
2019-06,6.5,6.5,6.4,0.01,107.71,181.86,107.7,3.8588,71.42054329156439,2019Q2
2019-07,6.5,6.5,6.4,0.19,106.95,180.49,109.16,3.7793,71.55624232381838,2019Q3
2019-08,6,6,5.9,0.11,110.62,180.99,102.93,4.02,71.63495419037456,2019Q3
2019-09,5.8,5.5,5.71,-0.04,112.63,190.45,105.61,4.1215,71.60630020869843,2019Q3
2019-10,5.483870967741935,5,5.38,0.1,112.09,194.65,108.87,4.087,71.67790650890711,2019Q4
2019-11,5,5,4.9,0.51,113.51,204.27,112.33,4.1553,72.04346383210255,2019Q4
2019-12,4.67741935483871,4.5,4.59,1.15,111.81,205.54,114.38,4.1096,72.87196366617174,2019Q4
2020-01,4.5,4.5,4.4,0.21,113.2,207.56,114.64,4.1495,73.0249947898707,2020Q1
2020-02,4.293103448275862,4.25,4.19,0.25,118.06,206.62,108.68,4.341,73.20755727684538,2020Q1
2020-03,4.040322580645161,3.75,3.95,0.07,131.08,197.72,92.81,4.8839,73.25880256693917,2020Q1
2020-04,3.75,3.75,3.65,-0.31,141.14,200.81,86.43,5.3256,73.03170027898165,2020Q2
2020-05,3.1451612903225805,3,3.01,-0.38,149.83,225.52,91.51,5.6434,72.75417981792151,2020Q2
2020-06,2.675,2.25,2.58,0.26,139.5,214.57,94.64,5.1966,72.9433406854481,2020Q2
2020-07,2.25,2.25,2.15,0.36,144.2,229.77,99.47,5.2802,73.20593671191571,2020Q3
2020-08,2.0403225806451615,2,1.94,0.24,151.32,251.34,105.17,5.4612,73.38163096002432,2020Q3
2020-09,2,2,1.9,0.64,148.88,252.69,107.07,5.3995,73.85127339816847,2020Q3
2020-10,2,2,1.9,0.86,154.27,266.69,108.43,5.6258,74.48639434939273,2020Q4
2020-11,2,2,1.9,0.89,148.41,267,112.34,5.4178,75.1493232591023,2020Q4
2020-12,2,2,1.9,1.35,141,263.38,116.95,5.1456,76.16383912310019,2020Q4
2021-01,2,2,1.9,0.25,147.01,291.18,124.42,5.3562,76.35424872090793,2021Q1
2021-02,2,2,1.9,0.86,148.58,311.65,131.58,5.4165,77.01089525990774,2021Q1
2021-03,2.338709677419355,2.75,2.23,0.93,152.43,328.22,132.87,5.6461,77.7270965858249,2021Q1
2021-04,2.75,2.75,2.65,0.31,150.95,332.2,136.47,5.5621,77.96805058524096,2021Q2
2021-05,3.379032258064516,3.5,3.29,0.83,144.11,335.87,145.09,5.2911,78.61518540509846,2021Q2
2021-06,3.85,4.25,3.76,0.53,136.74,323.94,147.02,5.0319,79.03184588774549,2021Q2
2021-07,4.25,4.25,4.15,0.96,139.21,340.69,151.02,5.1567,79.79055160826783,2021Q3
2021-08,5.120967741935484,5.25,5.01,0.87,141,352.27,153.32,5.2517,80.48472940725976,2021Q3
2021-09,5.516666666666667,6.25,5.43,1.16,140.07,360.47,156.16,5.2797,81.41835226838398,2021Q3
2021-10,6.443548387096774,7.75,6.3,1.25,145.35,401.15,165.53,5.54,82.43608167173878,2021Q4
2021-11,7.75,7.75,7.65,0.95,144.1,399.81,164.48,5.5569,83.21922444762029,2021Q4
2021-12,8.862903225806452,9.25,8.76,0.73,145.65,396.96,160.55,5.6514,83.82672478608794,2021Q4
2022-01,9.25,9.25,9.15,0.54,142.57,408.84,168.92,5.5341,84.27938909993283,2022Q1
2022-02,10.642857142857142,10.75,10.49,1.01,134.34,405.63,178.54,5.1966,85.13061092984215,2022Q1
2022-03,11.233870967741936,11.75,11.15,1.62,126.99,423.39,194.52,4.9684,86.50972682690559,2022Q1
2022-04,11.75,11.75,11.65,1.06,119.52,418.63,201.43,4.758,87.42672993127078,2022Q2
2022-05,12.620967741935484,12.75,12.51,0.47,122.21,432.11,199.34,4.9551,87.83763556194775,2022Q2
2022-06,13,13.25,12.89,0.67,124.1,428.02,193.83,5.0492,88.42614772021278,2022Q2
2022-07,13.25,13.25,13.15,-0.68,132.68,417.62,177.85,5.3681,87.82484991571535,2022Q3
2022-08,13.701612903225806,13.75,13.58,-0.36,128.18,414.63,184.29,5.1433,87.50868045601877,2022Q3
2022-09,13.75,13.75,13.65,-0.29,128.54,408.91,178.54,5.237,87.25490528269631,2022Q3
2022-10,13.75,13.75,13.65,0.59,126.82,394.52,171.83,5.2503,87.7697092238642,2022Q4
2022-11,13.75,13.75,13.65,0.41,128.07,399.49,173.24,5.2747,88.12956503168205,2022Q4
2022-12,13.75,13.75,13.65,0.62,129.09,390.76,170.37,5.2424,88.67596833487848,2022Q4
2023-01,13.75,13.75,13.65,0.53,130,380.67,167.31,5.2007,89.14595096705335,2023Q1
2023-02,13.75,13.75,13.65,0.84,128.63,374.72,165.51,5.1717,89.8947769551766,2023Q1
2023-03,13.75,13.75,13.65,0.71,128.04,364.06,159.69,5.2115,90.53302987155836,2023Q1
2023-04,13.75,13.75,13.65,0.61,123.68,362.44,164.9,5.0197,91.08528135377486,2023Q2
2023-05,13.75,13.75,13.65,0.23,121.49,345.47,158.44,4.9828,91.29477750088853,2023Q2
2023-06,13.75,13.75,13.65,-0.08,117.47,342.8,161.43,4.8516,91.22174167888782,2023Q2
2023-07,13.75,13.75,13.65,0.12,118.04,349.1,166.23,4.8008,91.3312077689025,2023Q3
2023-08,13.28225806451613,13.25,13.19,0.23,119.48,359.08,167.38,4.9035,91.54126954677098,2023Q3
2023-09,13.083333333333334,12.75,12.97,0.26,118.73,372.47,172.38,4.937,91.77927684759257,2023Q3
2023-10,12.75,12.75,12.65,0.24,120.73,376.14,169.77,5.0648,91.99954711202679,2023Q4
2023-11,12.266666666666667,12.25,12.17,0.28,118.13,356.99,166.43,4.8983,92.25714584394045,2023Q4
2023-12,11.959677419354838,11.75,11.87,0.56,116.28,342.77,160.03,4.8972,92.77378586066654,2023Q4
2024-01,11.75,11.75,11.65,0.42,114.9,345.47,160.77,4.9144,93.16343576128133,2024Q1
2024-02,11.25,11.25,11.15,0.83,116.82,360.19,165.81,4.9644,93.93669227809994,2024Q1
2024-03,11.07258064516129,10.75,11,0.16,117.4,369.38,169.49,4.9801,94.08699098574492,2024Q1
2024-04,10.75,10.75,10.65,0.38,120.6,391.02,174.23,5.1291,94.44452155149077,2024Q2
2024-05,10.564516129032258,10.5,10.46,0.46,120.73,387.71,172.47,5.133,94.87896635062759,2024Q2
2024-06,10.5,10.5,10.4,0.21,126.12,409.07,173.49,5.389,95.07821217996393,2024Q2
2024-07,10.5,10.5,10.4,0.38,131.54,414.18,170.84,5.542,95.43950938624778,2024Q3
2024-08,10.5,10.5,10.4,-0.02,134.29,404.63,166.57,5.5526,95.42042148437055,2024Q3
2024-09,10.6,10.75,10.5,0.44,133.7,411.26,169.66,5.5416,95.84027133890176,2024Q3
2024-10,10.75,10.75,10.65,0.56,133.33,430.22,174.84,5.6241,96.37697685839963,2024Q4
2024-11,11.15,11.25,11.04,0.39,134.64,447,175.99,5.8071,96.75284706814737,2024Q4
2024-12,11.89516129032258,12.25,11.77,0.52,139.61,477.11,178.78,6.097,97.25596187290178,2024Q4
2025-01,12.314516129032258,13.25,12.24,0.16,136.7,482.57,182.97,6.0218,97.41157141189841,2025Q1
2025-02,13.25,13.25,13.15,1.31,130.95,461.1,182.79,5.7656,98.68766299739428,2025Q1
2025-03,13.637096774193548,14.25,13.57,0.56,131.04,447.05,177.5,5.7468,99.2403139101797,2025Q1
2025-04,14.25,14.25,14.15,0.43,131.81,443.31,175.05,5.7837,99.66704725999347,2025Q2
2025-05,14.637096774193548,14.75,14.55,0.26,129.87,438.76,176.96,5.6674,99.92618158286945,2025Q2
2025-06,14.85,15,14.74,0.24,127.94,432.85,178.44,5.5471,100.16600441866832,2025Q2
2025-07,15,15,14.9,0.26,128.91,430.53,177.97,5.5285,100.42643603015686,2025Q3
2025-08,15,15,14.9,-0.11,127.44,428.28,179.72,5.4469,100.31596695052367,2025Q3
2025-09,15,15,14.9,0.48,124.76,428.13,182.31,5.3674,100.7974835918862,2025Q3
2025-10,15,15,14.9,0.09,124.42,427.03,181.23,5.3855,100.88820132711888,2025Q4
2025-11,15,15,14.9,0.18,122.71,414.05,177.21,5.3409,101.06980008950771,2025Q4
2025-12,15,15,14.9,0.33,125.73,431.84,180.87,5.4531,101.40333042980308,2025Q4
