periodo,frequencia,indice,fator_para_2025
2000-01,mensal,21.893299998571326,4.567607441844109
2000-02,mensal,21.92176128856947,4.561677261404283
2000-03,mensal,21.969989163404325,4.551663601481024
2000-04,mensal,22.062263117890623,4.532626569887497
2000-05,mensal,22.06446934420241,4.532173352552242
2000-06,mensal,22.115217623694075,4.521773274021991
2000-07,mensal,22.47127262743555,4.450126241533305
2000-08,mensal,22.765646298854953,4.392583399006322
2000-09,mensal,22.818007285342322,4.382503640632867
2000-10,mensal,22.849952495541803,4.376376713234338
2000-11,mensal,22.923072343527544,4.362416978901851
2000-12,mensal,23.05831847035435,4.336829683767623
2001-01,mensal,23.18975088563537,4.312249859568085
2001-02,mensal,23.296423739709294,4.292504339605898
2001-03,mensal,23.38495014992019,4.2762545722314185
2001-04,mensal,23.52058286078973,4.251595319379019
2001-05,mensal,23.617017250518966,4.234234956059177
2001-06,mensal,23.739825740221665,4.212330835713467
2001-07,mensal,24.055565422566616,4.157042174788776
2001-08,mensal,24.22395438052458,4.12814515867803
2001-09,mensal,24.29178145279005,4.116618626523763
2001-10,mensal,24.493403238848202,4.082731951327744
2001-11,mensal,24.66730640184403,4.053948914038073
2001-12,mensal,24.82764389345601,4.027768419312542
2002-01,mensal,24.95674764170199,4.006932370983427
2002-02,mensal,25.046591933212117,3.9925591580145743
2002-03,mensal,25.19687148481139,3.968746677946893
2002-04,mensal,25.39844645668988,3.9372486884393783
2002-05,mensal,25.45178319424893,3.928997793073923
2002-06,mensal,25.558680683664775,3.9125650199899646
2002-07,mensal,25.862828983800387,3.8665530388279126
2002-08,mensal,26.030937372195083,3.8415827509467597
2002-09,mensal,26.21836012127489,3.814121079176687
2002-10,mensal,26.561820638863598,3.7648021707399923
2002-11,mensal,27.36398762215728,3.654438138943887
2002-12,mensal,27.938631362222583,3.579273397594404
2003-01,mensal,28.56725056787259,3.5005118802879256
2003-02,mensal,29.015756401788188,3.4464033477285874
2003-03,mensal,29.372650205530185,3.404527657540835
2003-04,mensal,29.65756491252382,3.3718209939000054
2003-05,mensal,29.838476058490215,3.3513775905973615
2003-06,mensal,29.793718344402492,3.3564122089107262
2003-07,mensal,29.853305781091287,3.3497127833440397
2003-08,mensal,29.954807020747,3.338362351349451
2003-09,mensal,30.188454515508834,3.3125246590091786
2003-10,mensal,30.276001033603798,3.302946115274883
2003-11,mensal,30.37893943711806,3.2917541511609345
2003-12,mensal,30.536909922191075,3.274725578154531
2004-01,mensal,30.76899043759973,3.250025385226807
2004-02,mensal,30.956681279269088,3.230320430600146
2004-03,mensal,31.10217768128165,3.2152089485419992
2004-04,mensal,31.21725573870239,3.2033565293832806
2004-05,mensal,31.37646374296978,3.1871023076144467
2004-06,mensal,31.599236635544866,3.164633410400602
2004-07,mensal,31.88678968892833,3.1360949463884666
2004-08,mensal,32.10680853778194,3.1146041775632796
2004-09,mensal,32.212761005956615,3.104359790255437
2004-10,mensal,32.35449715438282,3.0907604443005154
2004-11,mensal,32.57774318474806,3.069580339954827
2004-12,mensal,32.857911776136895,3.043407039415851
2005-01,mensal,33.04848766443848,3.025857068419021
2005-02,mensal,33.243473741658676,3.0081092239974354
2005-03,mensal,33.44625893148279,2.9898710108313646
2005-04,mensal,33.737241384186696,2.964083484516074
2005-05,mensal,33.9025538669692,2.949630296065355
2005-06,mensal,33.89577335619581,2.950220340133381
2005-07,mensal,33.9805127895863,2.9428631821779363
2005-08,mensal,34.038279661328595,2.937868805209081
2005-09,mensal,34.15741364014325,2.927622127761914
2005-10,mensal,34.413594242444326,2.9058284146520235
2005-11,mensal,34.602869010777766,2.8899337788682486
2005-12,mensal,34.727439339216566,2.8795673364570034
2006-01,mensal,34.93233123131795,2.862677538977038
2006-02,mensal,35.075553789366346,2.850988486183686
2006-03,mensal,35.22637867066063,2.8387817247671863
2006-04,mensal,35.30035406586901,2.8328327759377174
2006-05,mensal,35.335654419934876,2.830002773164553
2006-06,mensal,35.261449545653015,2.835958285564238
2006-07,mensal,35.32844629978975,2.8305801832161275
2006-08,mensal,35.34611052293965,2.82916560041592
2006-09,mensal,35.42033735503782,2.8232368031293475
2006-10,mensal,35.537224468309454,2.8139507656028577
2006-11,mensal,35.64738986416121,2.8052544767250103
2006-12,mensal,35.818497335509186,2.791853579543203
2007-01,mensal,35.97609872378543,2.779623237299087
2007-02,mensal,36.134393558170075,2.767446472818685
2007-03,mensal,36.26809081433531,2.7572446675487545
2007-04,mensal,36.35876104137114,2.750368745684544
2007-05,mensal,36.46056557228698,2.7426892158800795
2007-06,mensal,36.56265515588938,2.7350311287196645
2007-07,mensal,36.65040552826351,2.7284827700714933
2007-08,mensal,36.82266243424635,2.715718891282466
2007-09,mensal,36.888943226627994,2.7108393803977497
2007-10,mensal,36.99961005630787,2.7027311868372386
2007-11,mensal,37.14020857452185,2.6924996880227514
2007-12,mensal,37.41504611797331,2.6727215485633824
2008-01,mensal,37.61708736701037,2.658366370164494
2008-02,mensal,37.80141109510871,2.645403891098114
2008-03,mensal,37.98285786836523,2.632766611363569
2008-04,mensal,38.191763586641244,2.618365600560486
2008-05,mensal,38.49347851897571,2.5978426436754503
2008-06,mensal,38.77833026001613,2.5787598210000495
2008-07,mensal,38.98385541039423,2.5651644494181327
2008-08,mensal,39.09301020554333,2.5580020436957844
2008-09,mensal,39.194652032077734,2.551368485633139
2008-10,mensal,39.37102796622208,2.5399387612077047
2008-11,mensal,39.512763666900476,2.530827781195401
2008-12,mensal,39.623399405167795,2.523761249696252
2009-01,mensal,39.81359172231261,2.511705065382416
2009-02,mensal,40.03256647678533,2.4979662510019054
2009-03,mensal,40.11263160973889,2.492980290421064
2009-04,mensal,40.30517224146564,2.481071148906313
2009-05,mensal,40.49460655100052,2.4694646649809036
2009-06,mensal,40.640387134584124,2.460606481646974
2009-07,mensal,40.73792406370713,2.454715165250373
2009-08,mensal,40.79903094980269,2.451038607339364
2009-09,mensal,40.89694862408222,2.445170198862095
2009-10,mensal,41.01146008022965,2.4383428389131385
2009-11,mensal,41.17960706655858,2.4283864544498943
2009-12,mensal,41.331971612704855,2.4194345466273726
2010-01,mensal,41.641961399800145,2.4014238676202204
2010-02,mensal,41.966768698718575,2.3828377333004775
2010-03,mensal,42.18499589595193,2.3705110757068013
2010-04,mensal,42.425450372558856,2.357075743966194
2010-05,mensal,42.60787980916085,2.3469837139960115
2010-06,mensal,42.60787980916085,2.3469837139960115
2010-07,mensal,42.61214059714177,2.346749039092102
2010-08,mensal,42.62918545338063,2.3458107148061793
2010-09,mensal,42.821016787920826,2.3353018564521455
2010-10,mensal,43.14217441383024,2.3179174753867446
2010-11,mensal,43.50025446146504,2.2988371272307293
2010-12,mensal,43.77430606457226,2.2844451229561065
2011-01,mensal,44.137632804908215,2.265640308396416
2011-02,mensal,44.49073386734747,2.2476590361075557
2011-03,mensal,44.842210664899525,2.230041706625216
2011-04,mensal,45.18749568701925,2.213001594348731
2011-05,mensal,45.39987691674824,2.202649143374869
2011-06,mensal,45.46797673212337,2.1993501181975725
2011-07,mensal,45.54072549489476,2.195836779350612
2011-08,mensal,45.70922617922588,2.187742133456821
2011-09,mensal,45.95148507797578,2.1762082298386756
2011-10,mensal,46.14907646381107,2.1668906002575685
2011-11,mensal,46.3890516614229,2.1556810587520574
2011-12,mensal,46.620996919730004,2.1449562773652318
2012-01,mensal,46.8820745024805,2.133011413449912
2012-02,mensal,47.093043837741654,2.1234558620705943
2012-03,mensal,47.1919392298009,2.119005949576484
2012-04,mensal,47.49396764087164,2.1055305540306875
2012-05,mensal,47.66494592437878,2.0979778338289035
2012-06,mensal,47.70307788111827,2.0963007931943483
2012-07,mensal,47.908201116007085,2.0873252944283065
2012-08,mensal,48.1046247405827,2.078802205386223
2012-09,mensal,48.37882110160403,2.067020190301504
2012-10,mensal,48.6642561461035,2.054896302119002
2012-11,mensal,48.95624168298012,2.042640459362825
2012-12,mensal,49.342995992275654,2.026630081717259
2013-01,mensal,49.767345757809224,2.009349674516418
2013-02,mensal,50.06594983235608,1.997365481626658
2013-03,mensal,50.301259796568154,1.9880217792641166
2013-04,mensal,50.57791672544928,1.9771474681890768
2013-05,mensal,50.765055017333445,1.969858989926349
2013-06,mensal,50.897044160378506,1.9647506382668556
2013-07,mensal,50.91231327362662,1.9641613898499004
2013-08,mensal,51.03450282548332,1.9594586889963095
2013-09,mensal,51.213123585372514,1.952624503234987
2013-10,mensal,51.50503838980915,1.941557624773776
2013-11,mensal,51.78316559711412,1.9311295253369565
2013-12,mensal,52.25957072060757,1.9135250944678521
2014-01,mensal,52.546998359570914,1.9030582739610662
2014-02,mensal,52.90957264825195,1.8900171555875125
2014-03,mensal,53.396340716615875,1.872787510490995
2014-04,mensal,53.754096199417205,1.8603233440856213
2014-05,mensal,54.00136504193451,1.8518050408974933
2014-06,mensal,54.21737050210224,1.8444273315712088
2014-07,mensal,54.222792239152454,1.8442429072804805
2014-08,mensal,54.358349219750345,1.8396437977860152
2014-09,mensal,54.668191810302915,1.8292172594073932
2014-10,mensal,54.897798215906185,1.821566679354106
2014-11,mensal,55.17777698680731,1.812323827832162
2014-12,mensal,55.60816364730441,1.798297110371266
2015-01,mensal,56.29770487653099,1.7762713456847745
2015-02,mensal,56.98453687602466,1.7548620289318067
2015-03,mensal,57.73673276278821,1.7319996337660937
2015-04,mensal,58.146663565404,1.7197891309364453
2015-05,mensal,58.57694887578799,1.7071561752396716
2015-06,mensal,59.03970677190672,1.6937753499748698
2015-07,mensal,59.40575295389254,1.683338650342745
2015-08,mensal,59.5364456103911,1.6796434347862155
2015-09,mensal,59.857942416687216,1.6706220755780936
2015-10,mensal,60.348777544504046,1.6570343935509757
2015-11,mensal,60.958300197703544,1.6404656900811558
2015-12,mensal,61.54349987960149,1.6248669671960736
2016-01,mensal,62.32510232807244,1.6044899448958956
2016-02,mensal,62.886028249025074,1.5901783398373597
2016-03,mensal,63.15643817049589,1.5833698494845758
2016-04,mensal,63.541692443335904,1.5737698533789644
2016-05,mensal,64.03731764439394,1.5615894556250884
2016-06,mensal,64.26144825614931,1.556142955281603
2016-07,mensal,64.5956077870813,1.5480928723454064
2016-08,mensal,64.87982846134445,1.5413111034900506
2016-09,mensal,64.93173232411353,1.5400790402578441
2016-10,mensal,65.1005548281562,1.5360852186892526
2016-11,mensal,65.21773582684689,1.5333252332693676
2016-12,mensal,65.41338903432742,1.5287390162207057
2017-01,mensal,65.66195991265788,1.52295179938305
2017-02,mensal,65.87864438036965,1.517942588839878
2017-03,mensal,66.04334099132056,1.5141571958502529
2017-04,mensal,66.13580166870842,1.5120403393751274
2017-05,mensal,66.34082265388143,1.5073675001247404
2017-06,mensal,66.18823876177751,1.5108424377315228
2017-07,mensal,66.34709053480576,1.5072250974975292
2017-08,mensal,66.47315000682188,1.5043668005764341
2017-09,mensal,66.57950704683282,1.5019636587224776
2017-10,mensal,66.85914097642952,1.4956817951827102
2017-11,mensal,67.04634657116351,1.4915055795599426
2017-12,mensal,67.34135049607663,1.4849717040620696
2018-01,mensal,67.53664041251524,1.4806777386200716
2018-02,mensal,67.7527576618353,1.4759546836324473
2018-03,mensal,67.81373514373094,1.4746275188654687
2018-04,mensal,67.96292536104716,1.4713904598537904
2018-05,mensal,68.23477706249135,1.4655283464679185
2018-06,mensal,69.09453525347872,1.4472924614536034
2018-07,mensal,69.3225472198152,1.4425321055054354
2018-08,mensal,69.26015692731738,1.4438315539039488
2018-09,mensal,69.5926056805685,1.4369342694107772
2018-10,mensal,69.90577240613104,1.4304970327633426
2018-11,mensal,69.75897028407817,1.433507398299772
2018-12,mensal,69.8636087395043,1.4313603577631269
2019-01,mensal,70.08717228747072,1.4267946149951423
2019-02,mensal,70.38854712830684,1.4206856666286394
2019-03,mensal,70.91646123176915,1.4101098428075824
2019-04,mensal,71.32068506079024,1.4021177715099753
2019-05,mensal,71.41340195136925,1.4002973849095932
2019-06,mensal,71.42054329156439,1.4001573691726759
2019-07,mensal,71.55624232381838,1.3975021151538831
2019-08,mensal,71.63495419037456,1.3959665519467421
2019-09,mensal,71.60630020869843,1.3965251620115464
2019-10,mensal,71.67790650890711,1.395130031979567
2019-11,mensal,72.04346383210255,1.3880509720222534
2019-12,mensal,72.87196366617174,1.372269868534111
2020-01,mensal,73.0249947898707,1.3693941408383503
2020-02,mensal,73.20755727684538,1.3659791928562097
2020-03,mensal,73.25880256693917,1.3650236762828118
2020-04,mensal,73.03170027898165,1.369268408348693
2020-05,mensal,72.75417981792151,1.374491475957331
2020-06,mensal,72.9433406854481,1.3709270655868053
2020-07,mensal,73.20593671191571,1.366009431632927
2020-08,mensal,73.38163096002432,1.362738858372832
2020-09,mensal,73.85127339816847,1.3540727925008267
2020-10,mensal,74.48639434939273,1.3425270597866614
2020-11,mensal,75.1493232591023,1.3306839724320167
2020-12,mensal,76.16383912310019,1.3129590255865975
2021-01,mensal,76.35424872090793,1.309684813552716
2021-02,mensal,77.01089525990774,1.2985175625150862
2021-03,mensal,77.7270965858249,1.2865526231200692
2021-04,mensal,77.96805058524096,1.2825766355498647
2021-05,mensal,78.61518540509846,1.272018878855365
2021-06,mensal,79.03184588774549,1.2653127214317765
2021-07,mensal,79.79055160826783,1.253281221703424
2021-08,mensal,80.48472940725976,1.2424717177589213
2021-09,mensal,81.41835226838398,1.2282243156968378
2021-10,mensal,82.43608167173878,1.213061052540087
2021-11,mensal,83.21922444762029,1.201645421040205
2021-12,mensal,83.82672478608794,1.1929369810783328
2022-01,mensal,84.27938909993283,1.1865297205871619
2022-02,mensal,85.13061092984215,1.1746655980468883
2022-03,mensal,86.50972682690559,1.1559393800894395
2022-04,mensal,87.42672993127078,1.1438149417073418
2022-05,mensal,87.83763556194775,1.138464160154615
2022-06,mensal,88.42614772021278,1.130887215808697
2022-07,mensal,87.82484991571535,1.1386298991227315
2022-08,mensal,87.50868045601877,1.1427437767189197
2022-09,mensal,87.25490528269631,1.146067372098004
2022-10,mensal,87.7697092238642,1.1393452352102635
2022-11,mensal,88.12956503168205,1.1346929939351296
2022-12,mensal,88.67596833487848,1.127701246208636
2023-01,mensal,89.14595096705335,1.121755939728077
2023-02,mensal,89.8947769551766,1.112411681602615
2023-03,mensal,90.53302987155836,1.1045692399986247
2023-04,mensal,91.08528135377486,1.0978722194599193
2023-05,mensal,91.29477750088853,1.0953529077720436
2023-06,mensal,91.22174167888782,1.0962298916853919
2023-07,mensal,91.3312077689025,1.0949159924943985
2023-08,mensal,91.54126954677098,1.0924034645259888
2023-09,mensal,91.77927684759257,1.0895705810153489
2023-10,mensal,91.99954711202679,1.086961872521298
2023-11,mensal,92.25714584394045,1.0839268772649562
2023-12,mensal,92.77378586066654,1.077890689404292
2024-01,mensal,93.16343576128133,1.0733824829757936
2024-02,mensal,93.93669227809994,1.0645467449923574
2024-03,mensal,94.08699098574492,1.0628461910866185
2024-04,mensal,94.44452155149077,1.0588226649597712
2024-05,mensal,94.87896635062759,1.0539743827988965
2024-06,mensal,95.07821217996393,1.051765674881645
2024-07,mensal,95.43950938624778,1.0477840953194313
2024-08,mensal,95.42042148437055,1.0479936940582426
2024-09,mensal,95.84027133890176,1.0434027220810862
2024-10,mensal,96.37697685839963,1.0375922057290035
2024-11,mensal,96.75284706814737,1.0335613165942859
2024-12,mensal,97.25596187290178,1.0282146006707975
2025-01,mensal,97.41157141189841,1.0265720853342628
2025-02,mensal,98.68766299739428,1.0132978830660968
2025-03,mensal,99.2403139101797,1.0076550149821966
2025-04,mensal,99.66704725999347,1.003340650186395
2025-05,mensal,99.92618158286945,1.0007387294897216
2025-06,mensal,100.16600441866832,0.9983427069929388
2025-07,mensal,100.42643603015686,0.9957537472500885
2025-08,mensal,100.31596695052367,0.9968502825609057
2025-09,mensal,100.7974835918862,0.9920882589180986
2025-10,mensal,100.88820132711888,0.9911961823539803
2025-11,mensal,101.06980008950771,0.9894152349311042
2025-12,mensal,101.40333042980308,0.9861609039480755
2000Q1,trimestral,21.928350150181707,4.560306603785755
2000Q2,trimestral,22.080650028595702,4.528852179192836
2000Q3,trimestral,22.68497540387761,4.40820403018408
2000Q4,trimestral,22.943781103141234,4.3584795178467335
2001Q1,trimestral,23.290374925088283,4.293619159057868
2001Q2,trimestral,23.625808617176787,4.2326593608015814
2001Q3,trimestral,24.190433751960416,4.133865519955627
2001Q4,trimestral,24.662784511382746,4.054692200462866
2002Q1,trimestral,25.066737019908498,3.98935050543587
2002Q2,trimestral,25.469636778201195,3.9262436630265345
2002Q3,trimestral,26.037375492423454,3.8406328636731737
2002Q4,trimestral,27.288146541081154,3.664594803075182
2003Q1,trimestral,28.98521905839699,3.4500343019153448
2003Q2,trimestral,29.763253105138844,3.359847784338274
2003Q3,trimestral,29.99885577244904,3.3334604745771683
2003Q4,trimestral,30.397283464304312,3.2897676569496914
2004Q1,trimestral,30.942616466050154,3.2317887567691224
2004Q2,trimestral,31.397652039072344,3.1849515331769545
2004Q3,trimestral,32.06878641088896,3.1182969856958787
2004Q4,trimestral,32.59671737175592,3.0677935713443034
2005Q1,trimestral,33.246073445859984,3.007874002409528
2005Q2,trimestral,33.8451895357839,2.9546296348635255
2005Q3,trimestral,34.05873536368605,2.9361043189707376
2005Q4,trimestral,34.58130086414622,2.891736212956629
2006Q1,trimestral,35.078087897114976,2.8507825253560806
2006Q2,trimestral,35.2991526771523,2.8329291899611495
2006Q3,trimestral,35.364964725922405,2.8276572810123666
2006Q4,trimestral,35.66770388932662,2.8036567845883824
2007Q1,trimestral,36.12619436543027,2.7680745718317783
2007Q2,trimestral,36.46066058984917,2.74268206835069
2007Q3,trimestral,36.78733706304595,2.7183266847671117
2007Q4,trimestral,37.18495491626768,2.6892596811043057
2008Q1,trimestral,37.80045211016144,2.6454710041184457
2008Q2,trimestral,38.48785745521103,2.598222052666135
2008Q3,trimestral,39.09050588267176,2.558165921416957
2008Q4,trimestral,39.50239701276345,2.531491948898428
2009Q1,trimestral,39.98626326961227,2.500858840590774
2009Q2,trimestral,40.48005530901676,2.4703523559100824
2009Q3,trimestral,40.81130121253068,2.450301681861005
2009Q4,trimestral,41.17434625316436,2.4286967274511304
2010Q1,trimestral,41.931241998156885,2.3848566184706756
2010Q2,trimestral,42.54706999696018,2.3503381080564325
2010Q3,trimestral,42.68744761281441,2.3426090242505118
2010Q4,trimestral,43.472244979955846,2.300318284599931
2011Q1,trimestral,44.49019244571841,2.2476863889048806
2011Q2,trimestral,45.35178311196362,2.204984967253038
2011Q3,trimestral,45.733812250698804,2.1865660236638598
2011Q4,trimestral,46.38637501498799,2.155805448640658
2012Q1,trimestral,47.05568585667435,2.125141694982139
2012Q2,trimestral,47.620663815456226,2.0999287281573555
2012Q3,trimestral,48.1305489860646,2.0776825136350165
2012Q4,trimestral,48.987831273786426,2.041323271510294
2013Q1,trimestral,50.04485179557782,1.9982075360813925
2013Q2,trimestral,50.74667196772041,1.9705725739731124
2013Q3,trimestral,51.05331322816082,1.958736733756985
2013Q4,trimestral,51.849258235843614,1.9286679000331306
2014Q1,trimestral,52.950970574812914,1.8885395095584292
2014Q2,trimestral,53.99094391448465,1.85216246929093
2014Q3,trimestral,54.41644442306857,1.8376797870609745
2014Q4,trimestral,55.227912950005965,1.8106785981668931
2015Q1,trimestral,57.00632483844795,1.7541913161985656
2015Q2,trimestral,58.587773071032906,1.7068407751009436
2015Q3,trimestral,59.60004699365695,1.6778510260343031
2015Q4,trimestral,60.95019254060303,1.6406839065091265
2016Q1,trimestral,62.78918958253114,1.592630844017478
2016Q2,trimestral,63.94681944795972,1.5637994330801794
2016Q3,trimestral,64.80238952417976,1.543152972201541
2016Q4,trimestral,65.24389322977684,1.5327104967175798
2017Q1,trimestral,65.8613150947827,1.5183419865832841
2017Q2,trimestral,66.22162102812246,1.510080823263641
2017Q3,trimestral,66.46658252948681,1.504515445120661
2017Q4,trimestral,67.08227934788988,1.490706651176807
2018Q1,trimestral,67.70104440602717,1.4770820875415829
2018Q2,trimestral,68.43074589233908,1.4613314336413679
2018Q3,trimestral,69.39176994256702,1.4410930875918897
2018Q4,trimestral,69.8427838099045,1.431787144569957
2019Q1,trimestral,70.4640602158489,1.4191631832408633
2019Q2,trimestral,71.38487676790795,1.4008569395605703
2019Q3,trimestral,71.59916557429712,1.3966643214051409
2019Q4,trimestral,72.1977780023938,1.3850841780294731
2020Q1,trimestral,73.16378487788508,1.3667964303228195
2020Q2,trimestral,72.90974026078375,1.3715588567771568
2020Q3,trimestral,73.47961369003617,1.3609216894067584
2020Q4,trimestral,75.26651891053174,1.3286119970403918
2021Q1,trimestral,77.03074685554685,1.2981829215225786
2021Q2,trimestral,78.53836062602831,1.2732631443144629
2021Q3,trimestral,80.56454442797053,1.2412408052453634
2021Q4,trimestral,83.16067696848233,1.2024914135547469
2022Q1,trimestral,85.30657561889352,1.1722425765482516
2022Q2,trimestral,87.89683773781044,1.137697357193809
2022Q3,trimestral,87.52947855147681,1.142472246549363
2022Q4,trimestral,88.19174753014157,1.1338929412394587
2023Q1,trimestral,89.8579192645961,1.112867967769646
2023Q2,trimestral,91.2006001778504,1.0964840122212998
2023Q3,trimestral,91.55058472108868,1.0922923136389864
2023Q4,trimestral,92.34349293887793,1.0829133360397132
2024Q1,trimestral,93.72903967504206,1.066905201917136
2024Q2,trimestral,94.80056669402742,1.0548460150323147
2024Q3,trimestral,95.56673406984002,1.0463892166380842
2024Q4,trimestral,96.79526193314959,1.0331084187680977
2025Q1,trimestral,98.44651610649079,1.0157799783572716
2025Q2,trimestral,99.91974442051041,1.0008032004080378
2025Q3,trimestral,100.51329552418892,0.9948932574391077
2025Q4,trimestral,101.12044394880989,0.988919708962343
