periodo,pib_vol_sa_1621,fbcf_vol_sa_1621,pib_var_tri_sa_1621,fbcf_var_tri_sa_1621,pib_vol_nsa_1620,fbcf_vol_nsa_1620,pib_corrente_1846,fbcf_corrente_1846,pib_encad95_nsa_6612,fbcf_encad95_nsa_6612,pib_encad95_sa_6613,fbcf_encad95_sa_6613,pim_bk_nsa_8887,pim_bk_sa_8887,pim_bk_exc_transp_nsa_8887,pim_bk_exc_transp_sa_8887,pim_bk_transp_nsa_8887,pim_bk_transp_sa_8887
2000Q1,108.98,100.6,0.010571216617210721,0.007208650380456483,106.4,97.7,276927,56887,187799.48,34979.76,192355.88,36018.23,,,,,,
2000Q2,110.53,104.67,0.01422279317305919,0.04045725646123266,110.25,106.51,292789,53911,194596.62,38137.38,195079.86,37478.12,,,,,,
2000Q3,111.83,104.7,0.01176151271148096,2.8661507595306723e-4,114.19,106.83,308896,53879,201534.66,38249.8,197382.48,37486.53,,,,,,
2000Q4,113.21,108.46,0.012340159170169063,0.03591212989493786,113.98,107.43,320481,54811,201179.53,38465.32,199808.34,38835.57,,,,,,
2001Q1,113.6,110.35,0.003444925359950446,0.017425779089065063,110.1,107.7,312470,61689,194325.69,38563.23,200506.82,39510.41,,,,,,
2001Q2,113.07,107.5,-0.004665492957746542,-0.02582691436338913,112.82,108.68,323724,62067,199123.05,38914.22,199560.32,38490.5,,,,,,
2001Q3,112.48,105.98,-0.005218006544618237,-0.014139534883720883,114.71,108.1,332524,60427,202464.13,38706.35,198520,37946.66,,,,,,
2001Q4,112.15,100.06,-0.0029338549075390574,-0.05585959615021707,113.38,99.44,347038,58153,200109.66,35602.98,197945.77,35825.75,,,,,,
2002Q1,114.94,101.3,0.024877396344181735,0.012392564461323197,110.63,99.17,342297,62806,195252.46,35506.38,202862.71,36269.63,59.87521666666667,65.56565333333333,81.3365,,39.69855666666667,
2002Q2,115.2,103.62,0.00226204976509492,0.02290227048371185,115.41,104.04,367363,65569,203699.3,37249.83,203316.95,37100.97,65.75919666666667,65.02368333333334,87.36072,,45.417476666666666,
2002Q3,116.8,105.24,0.01388888888888884,0.015634047481181135,119.5,107.62,379795,67912,210916.41,38531.54,206155.31,37682.23,65.71222666666667,63.36219333333333,88.62149000000001,,44.16339,
2002Q4,117.99,107.47,0.010188356164383627,0.021189661725579567,119.24,106.99,399333,70596,210460.59,38307.57,208257.98,38480,65.45661666666666,62.780879999999996,88.3623,,43.91263333333333,
2003Q1,117.47,104.36,-0.004407153148571874,-0.02893830836512512,113.58,102.26,397242,70262,200459.9,36614.94,207337.33,37365.98,58.953923333333336,63.60752333333333,73.51848666666666,,45.15035666666667,
2003Q2,116.48,97.03,-0.00842768366391411,-0.07023763894212343,116.31,96.93,418987,68696,205290.68,34706.9,205590.68,34740.72,61.16079333333333,61.84384333333333,79.39502333333333,,43.95579333333333,
2003Q3,117.58,97.69,0.00944368131868134,0.006802019993816355,120.25,100.21,439350,71785,212237.13,35878.44,207523.2,34977.1,67.40693,64.58185333333333,87.57321,,48.380356666666664,
2003Q4,118.8,102.07,0.0103759142711346,0.044835704780427754,119.94,101.76,462372,74519,211699.59,36434.41,209681.29,36544.54,75.37655333333333,73.06259666666666,104.64569666666667,,47.897396666666666,
2004Q1,120.44,105.45,0.013804713804713709,0.033114529244636204,117.98,103.19,444783,76797,208233.9,36948.27,212574.96,37757.19,71.44509333333333,74.32768333333334,91.22925000000001,,52.74689,
2004Q2,123.76,108.94,0.027565592826303664,0.03309625414888573,123.65,108.51,481795,83337,218240.94,38851.22,218442.56,39005.48,79.54912333333333,80.15360666666668,99.96008666666667,,60.2232,
2004Q3,125.34,111.15,0.01276664511958625,0.020286396181384392,128.14,114.41,505252,90684,226157.35,40965.46,221223.31,39796.9,84.00164,81.01026333333333,105.89971333333334,,63.27578333333333,
2004Q4,126.29,109.28,0.00757938407531511,-0.01682411156095376,127.39,109.09,525920,88268,224844.8,39059.96,222904.52,39128.24,82.11495666666666,79.77588333333333,103.76298666666666,,61.63137,
2005Q1,127.41,107.29,0.008868477314118328,-0.018210102489018998,122.92,104.6,499710,85394,216947.08,37452.43,224878.4,38414.84,74.22592333333333,80.71901,90.25380666666666,,58.978946666666666,
2005Q2,128.75,112.38,0.010517227847107735,0.047441513654580936,129.18,111.81,535557,92729,228007.17,40035.15,227241.71,40236.41,84.34281666666666,83.41575333333334,103.22663333333334,,66.39785,
2005Q3,128.02,111.7,-0.005669902912621261,-0.006050898736429944,130.85,115.4,552859,96634,230940.53,41319.97,225952.92,39994.78,85.02858666666667,81.88252666666666,107.15143666666667,,64.08898333333333,
2005Q4,129.64,111.89,0.012654272769879515,0.0017009847806623846,130.13,111.9,582458,95462,229680.21,40065.77,228812.69,40060.87,84.3633,82.57154,108.82369,,61.26954666666667,
2006Q1,131.74,117.32,0.016198704103671968,0.04852980605952273,128.18,113.8,554270,96723,226230.46,40747.48,232523.29,42006.7,79.50459000000001,84.09921666666666,104.11032666666667,,56.306036666666664,
2006Q2,132.14,116.6,0.0030362835888870787,-0.006137061029662494,132.13,115.85,581977,100733,233213.26,41478.35,233231.58,41748.28,84.45086333333333,85.24496333333333,108.35089,,61.87394666666667,
2006Q3,134.36,117.61,0.016800363251097572,0.008662092624356799,136.72,122.05,617848,108368,241316.2,43698.13,237136.39,42110.75,89.46023333333333,86.56006333333333,116.7243,,63.74711666666666,
2006Q4,135.93,121.32,0.011685025305150365,0.03154493665504621,136.37,121.58,655355,108850,240693.87,43531.57,239908.25,43438.94,91.04731333333334,89.55398666666666,123.39647666666667,,60.62969,
2007Q1,138.48,126.35,0.018759655705142153,0.04146060006594143,134.84,122,631423,109267,237982.43,43681.34,244412.67,45238.32,91.14638666666667,95.47870333333333,121.36288,,62.69719333333333,
2007Q2,140.8,131.44,0.016753321779318542,0.04028492283339924,140.77,130.25,670655,119167,248459.01,46636.12,248516.97,47060.67,99.41377666666666,100.40895666666667,128.62644,,71.84138,
2007Q3,142.27,133.82,0.010440340909090962,0.018107121119902647,144.75,139.41,691846,129921,255482.07,49916.12,251095.73,47912.86,108.19159,105.47735666666667,136.37971333333334,,81.51202,
2007Q4,144.42,137.46,0.015112110775286292,0.027200717381557382,145.43,138.18,726339,131177,256675.3,49475.98,254892.22,49218.24,111.80548333333333,109.44518666666666,154.80112,,71.43276666666667,
2008Q1,146.25,142.08,0.012671375155795639,0.0336097773897861,143.14,136.67,712055,132371,252635.97,48935.18,258122.48,50871.73,107.90052333333333,112.80322,136.25694666666666,,81.06733333333334,
2008Q2,149.19,149.86,0.020102564102564058,0.05475788288288297,149.69,148.01,769525,147733,264201.68,52995.23,263319.81,53656.69,119.59239666666667,119.21957,145.97038,,94.51511,
2008Q3,151.64,157.41,0.016422012199208913,0.05038035499799798,154.86,164.44,812603,168886,273316.79,58877.97,267642.57,56358.79,131.12030666666666,127.25193,154.84194,,108.42581333333334,
2008Q4,145.92,144.59,-0.037720917963598,-0.08144336446223233,146.92,145.82,815620,153856,259314.94,52210.7,257544.69,51770.05,118.22913666666666,115.97288,135.2586366666667,,101.79124,
2009Q1,143.82,128.92,-0.014391447368421018,-0.10837540632132248,139.67,123.7,756127,134945,246506.89,44291.13,253840.14,46160.36,88.54145666666668,93.27836666666667,90.22862666666667,,86.4482,
2009Q2,146.47,137.77,0.018425810040328283,0.06864722308408333,146.39,135.75,803577,147362,258381.35,48603.69,258523.91,49328.26,91.21252666666666,92.53370666666667,96.69802666666666,,85.59623333333333,
2009Q3,149.9,151.16,0.023417764729978918,0.09719097045800962,153.06,158.1,852843,172382,270139.07,56607.93,264570.53,54124.29,102.09398666666667,98.52262333333333,114.20536,,90.29443666666667,
2009Q4,153.76,162.96,0.025750500333555637,0.07806297962423936,154.75,164.7,920492,181988,273121.71,58970.77,271391.51,58348.1,116.40911666666666,114.40998333333333,131.89640333333332,,101.40610333333333,
2010Q1,156.93,166.47,0.020616545265348618,0.021539027982326875,152.53,159.58,886397,177984,269207.94,57135.8,276979.79,59603.69,110.97432,115.24678,121.04653333333334,,101.00373666666667,
2010Q2,158.94,169.4,0.01280825845918554,0.01760076890731077,158.86,166.86,944145,193393,280389.6,59745.66,280526.98,60654.97,120.64470666666666,122.06241666666666,129.02702,,112.17585666666668,
2010Q3,160.34,174.46,0.008808355354221753,0.029870129870129825,163.63,182.23,997935,214814,288798.01,65246.02,282990.69,62465.24,125.48825000000001,121.77015666666667,130.13733333333334,,120.43687333333334,
2010Q4,162.63,175.64,0.014282150430335427,0.006763728075203312,163.55,177.54,1057370,211755,288660.51,63566.73,287038.64,62886.36,125.86728000000001,124.67231,132.31584333333333,,119.15221333333334,
2011Q1,164.81,179.73,0.013404660886675357,0.023286267365064894,160.45,172.71,1016531,209987,283193.6,61836.96,290881.9,64352.87,120.89852666666667,124.23586333333333,125.574,,115.85055333333334,
2011Q2,166.48,183.02,0.010132880286390256,0.01830523563122477,166.33,180.43,1086712,220962,293569.31,64604.28,293837.58,65529.27,126.54682000000001,128.05177666666665,125.01168666666666,,127.19873,
2011Q3,166.11,185.17,-0.002222489187890253,0.0117473500163916,169.41,192.72,1112334,237137,299013.79,69004.4,293173.45,66299.41,132.88094666666666,129.44106,130.54882666666668,,134.23037,
2011Q4,167.62,185.44,0.00909036180844014,0.0014581195658045498,167.75,187.24,1160805,233842,296073.32,67039.43,295847.78,66396.61,126.86939000000001,126.66078,124.96099333333333,,127.86396333333333,
2012Q1,165.23,184.52,-0.014258441713399406,-0.004961173425366616,163.19,178.13,1129474,233275,288028.3,63779.87,291621.68,66068.61,109.20396,110.24565333333334,114.94807666666667,,99.30891333333334,
2012Q2,168.21,184.82,0.018035465714458798,0.0016258400173421172,167.97,182.44,1183126,244240,296465.31,65322.89,296894.08,66174.81,112.95459,114.55882,117.0008,,105.99039333333333,
2012Q3,171.11,183.21,0.017240354319006057,-0.008711178443891243,173.63,189.86,1230449,259597,306445.54,67979.49,302004.47,65598.01,116.47660333333333,113.97112,114.39059999999999,,120.09586666666667,
2012Q4,171.16,186.88,2.9220968967313965e-4,0.020031657660607882,171.91,188.37,1271711,260349,303424.17,67447,302088.71,66912.3,111.83122333333333,111.28351666666667,107.61495,,119.12611,
2013Q1,172.08,189.04,0.005375087637298437,0.011558219178082085,167.63,183.39,1241614,256607,295865.83,65664.21,303716.95,67685.18,118.59562666666667,122.71935333333333,110.40709666666666,,132.74689666666666,
2013Q2,174.45,200.25,0.013772663877266167,0.0592996191282269,174.73,197.93,1322580,279535,308388.67,70867.77,307903.46,71699.53,130.30047333333334,130.42873666666668,119.29329,,149.31807,
2013Q3,175.28,197.44,0.004757810260819895,-0.014032459425717847,178.42,203.81,1354134,291365,314900.22,72974.71,309366.7,70691.95,134.51279,131.08435333333333,124.69265,,151.48249666666666,
2013Q4,175.56,195.43,0.0015974440894568342,-0.010180307941653144,176.26,196.73,1413291,287437,311097.1,70437.21,309860.19,69974.29,122.05919,121.18641333333333,117.38213666666667,,130.15098333333333,
2014Q1,177.04,196.1,0.008430166324903121,0.003428337512152657,173.45,191.03,1385981,287397,306130.51,68397.14,312466.5,70212.74,119.48103666666667,122.54985333333333,114.27731,,128.48131333333333,
2014Q2,174.43,187.47,-0.014742431089019403,-0.04400815910249867,173.97,185.27,1422322,282408,307046.34,66335.04,307862.62,67123.49,111.59034,113.13726,110.87996666666666,,112.83475666666666,
2014Q3,174.32,183.09,-6.306254658029475e-4,-0.02336373819811166,177.28,188.63,1462125,289656,312888.66,67539.99,307679.15,65556.27,119.04149,115.22078666666667,115.66088,,124.89538333333333,
2014Q4,175.24,182.75,0.005277650298302072,-0.0018570102135562205,175.86,183.9,1508525,288992,310386.25,65846.71,309290.71,65434.73,108.13922666666667,107.40089333333334,107.88931,,108.58841,
2015Q1,173.85,177.17,-0.00793197900022835,-0.03053351573187424,170.64,173,1456659,277305,301173.01,61943.27,306843.82,63436.39,98.26898333333334,101.63170333333333,100.27709,,94.81969,
2015Q2,169.75,164.85,-0.02358354903652571,-0.06953773212169101,169.2,162.56,1479970,267001,298632.12,58205.62,299611.55,59025.44,87.18244666666666,88.37101333333334,91.38188333333333,,79.94954666666666,
2015Q3,166.96,155.61,-0.016435935198821805,-0.056050955414012615,169.72,160.49,1508228,270304,299550.71,57462.23,294679.52,55717.52,82.89724666666666,79.21107,87.10299333333333,,75.65273666666667,
2015Q4,165.68,147.35,-0.007666506947771934,-0.0530814215024743,166.15,148.34,1550930,254787,293254.26,53114.56,292417.32,52760.19,73.91174,72.84038333333334,77.50137000000001,,67.72903333333333,
2016Q1,163.3,144,-0.014365041042974425,-0.022734984730234054,161.87,140.58,1500299,240662,285698.02,50335.79,288221.14,51560.32,71.66229333333334,75.63472666666667,73.73902,,68.08291666666666,
2016Q2,163.75,147.6,0.0027556644213104775,0.02499999999999991,163.75,145.16,1559050,247849,289020.65,51972.78,289009.96,52848.56,79.63369,78.7395,82.5662,,74.57931,
2016Q3,162.86,138.65,-0.005435114503816729,-0.06063685636856364,165.55,143.49,1577170,246620,292199.17,51376.44,287452.06,49644.99,80.28386666666667,76.32056333333333,85.27782333333333,,71.67644,
2016Q4,162.68,136.1,-0.0011052437676531968,-0.018391633609809,162.39,137,1632808,238139,286623.34,49054.04,287134.41,48730.52,75.6714,75.45590333333332,80.65973666666666,,67.07366999999999,
2017Q1,164.36,136.6,0.010327022375215211,0.0036737692872887973,162.33,133.14,1585673,230521,286503.68,47670.99,290094.81,48907.96,75.10260666666667,79.33116666666666,80.18975333333333,,66.33456333333334,
2017Q2,165.73,136.5,0.00833536140180069,-7.320644216690653e-4,165.04,134.06,1630730,233218,291296.6,48000.21,292516.19,48874.66,80.50212,80.74612333333333,84.42001,,73.74937,
2017Q3,166.11,137.05,0.002292886019429341,0.004029304029304015,168.27,142.13,1648635,245494,296993.3,50889.7,293173.65,49072.07,86.55073333333333,82.81027333333334,89.72980666666668,,81.07137666666667,
2017Q4,167.01,141.42,0.005418096442116438,0.03188617292958762,166.58,142.42,1720441,249546,294007.44,50993.39,294762.27,50633.88,84.13859,84.52113,86.56655333333333,,79.95382666666667,
2018Q1,168.03,141.26,0.006107418717442137,-0.001131381699901013,165.42,137.6,1682083,245440,291961.51,49268.66,296569.98,50578.8,83.28729,89.02378,85.04133666666667,,80.26407999999999,
2018Q2,167.84,142.1,-0.0011307504612271257,0.005946481665014991,167.71,139.35,1734099,252954,296007.16,49895.72,296233,50877.72,86.75247666666667,85.24981,88.25847333333334,,84.15679,
2018Q3,169.44,149.62,0.009532888465204836,0.052920478536242266,171.73,155.23,1767856,285426,303101.87,55580.64,299063.68,53573.04,92.67289333333333,89.00814,93.45586999999999,,91.32339,
2018Q4,169.02,147.18,-0.002478753541076406,-0.016307980216548557,169.17,148.43,1820103,273588,298578,53144.84,298313.59,52697.28,86.77904,86.45327666666667,87.33915666666667,,85.81364333333333,
2019Q1,169.52,145.4,0.00295822979529059,-0.012094034515559238,166.91,141.67,1757554,263449,294593.02,50725.03,299200.96,52061.46,79.56621666666666,84.74987666666667,82.39576333333333,,74.68929333333332,
2019Q2,170.5,152.83,0.0057810287871638,0.05110041265474563,169.68,149.65,1826761,280716,299477.97,53583.59,300927.37,54721.22,90.81447,90.90859,91.70911666666666,,89.27249666666667,
2019Q3,170.53,157.07,1.7595307917894765e-4,0.027743244127461653,173.64,162.78,1880610,308672,306464.95,58283.99,300987.36,56238.55,93.38356,88.66501666666667,94.33299333333333,,91.74715666666667,
2019Q4,172.03,148.3,0.008796106256963476,-0.05583497803527082,172.03,149.89,1924206,290349,303635.56,53667.04,303634.21,53097.19,83.52157666666666,82.82480333333334,86.02050333333334,,79.21450666666667,
2020Q1,168.09,155.54,-0.02290298203801666,0.04881995954146978,167.6,151.6,1868095,302015,295812.57,54279.06,296682.16,55691.03,77.73674333333334,81.34838666666667,82.46193666666667,,69.59255999999999,
2020Q2,153.17,130.7,-0.08876197275269215,-0.15970168445415978,152.48,127.91,1752724,264650,269117.78,45796.39,270334.49,46796.28,56.31389333333333,56.49748,68.27268333333333,,35.70210333333333,
2020Q3,165.3,143.48,0.07919305347000072,0.09778117827084931,168.37,148.43,1929323,316149,297161.63,53143.58,291756.53,51371.6,84.00664,79.10296,91.46738333333333,,71.14754333333333,
2020Q4,171.65,163.52,0.038415003024803385,0.13967103429049366,171.46,165.52,2059455,377414,302621.73,59262.64,302955.58,58546.58,95.81755,95.24057333333333,100.05826,,88.50839666666667,
2021Q1,173.15,173.67,0.008738712496358936,0.06207191780821897,170.53,169.31,2156670,396730,300988.64,60620.53,305606.37,62181.16,93.97455666666667,99.53813333333333,98.17046333333333,,86.74262666666667,
2021Q2,171.94,165.31,-0.006988160554432632,-0.04813727183739269,171.38,161.99,2203639,383293,302479.09,58001.84,303478.4,59188.79,99.59802333333333,99.76771,99.28853666666667,,100.13145666666667,
2021Q3,172.2,165.16,0.0015121554030474993,-9.073861230416425e-4,175.46,170.39,2295851,419005,309680.93,61006.81,303921.66,59136.59,106.52016666666667,101.27478666666667,106.07430666666666,,107.28864333333334,
2021Q4,174.49,166.27,0.013298490127758633,0.006720755630903463,173.96,168.35,2355982,415754,307035.75,60277.76,307977.13,59532.38,100.98522666666666,100.84112999999999,102.72635666666666,,97.98429,
2022Q1,175.7,163.14,0.0069344948134562046,-0.018824803031214477,173.05,159.3,2319528,410115,305423.35,57038,310105.56,58413.05,95.19882333333332,100.52736,98.11681333333333,,86.22950999999999,
2022Q2,177.71,168.48,0.011439954467842961,0.03273262228760565,177.45,165.23,2517481,435559,313198.51,59158.76,313649.04,60323.97,101.70644666666666,101.67838333333333,102.35940666666667,,99.69938,
2022Q3,179.58,173.79,0.01052276180293732,0.03151709401709413,183.04,179.03,2601182,476868,323064.76,64101.51,316956.54,62226.51,105.4565,100.31090333333333,103.55473666666667,,111.30215333333334,
2022Q4,180.35,171.8,0.0042877826038534295,-0.011450601300419971,178.65,173.78,2641485,471681,315307.04,62222.39,318316.99,61512.32,97.63822333333333,98.45591666666667,95.96903333333333,,102.76898666666666,
2023Q1,182.75,165.34,0.01330745772109787,-0.03760186263096632,180.74,161.61,2581018,440153,318997.4,57865.26,322549.7,59198.78,89.14284666666667,93.91225,89.39334666666667,,88.37286,
2023Q2,184.2,165.72,0.007934336525307728,0.0022982944236118463,184.28,162.67,2727580,444049,325257.49,58243.38,325107.22,59336.84,89.03432666666666,88.65093999999999,90.08517666666667,,85.80423666666667,
2023Q3,184.45,161.83,0.001357220412594895,-0.02347332850591355,187.35,166.78,2769445,454830,330673.02,59715.33,325549.59,57943.52,91.19013666666666,86.51577333333333,91.82978,,89.22400333333333,
2023Q4,185.14,164.63,0.003740851179181437,0.017302107149477663,182.9,166.1,2865301,456877,322813.14,59472.35,326771.87,58945.72,83.82069333333334,85.43063333333333,82.33083,,88.40025333333334,
2024Q1,186.36,169.44,0.006589607864319058,0.029217032132661025,185.18,165.76,2764833,458641,326845.79,59350.81,328927.46,60667.79,87.68389,92.83389,86.30601,,91.91922333333333,
2024Q2,189.55,174.16,0.017117407168920407,0.027856468366383336,190.68,171.18,2934759,482720,336547.53,61290.09,334544.2,62358.47,99.75438,97.416,94.27564333333333,,116.59493333333333,
2024Q3,191.25,178.24,0.008968609865470878,0.023426734037666597,195.1,183.91,3015936,524523,344351.67,65849.01,337549.13,63818.4,102.07804,96.86107,98.13198666666666,,114.20742333333334,
2024Q4,191.4,180.48,7.843137254901489e-4,0.012567324955116588,189.45,181.4,3063723,525913,334369.91,64949.51,337823.52,64620.99,95.49321333333333,96.37942666666666,91.48109666666666,,107.82565333333334,
2025Q1,193.81,184.45,0.012591431556948862,0.021996897163120588,191.02,180.69,3024723,530908,337137.92,64695.59,342065.18,66041.16,91.41541000000001,96.97585333333333,91.08532666666666,,92.43001666666667,
2025Q2,194.5,181.01,0.0035601878128064257,-0.018650040661425837,195.18,178.21,3200345,530091,344489.44,63807.99,343294.08,64811.31,97.011,95.94632,96.18816333333334,,99.54023666666666,
2025Q3,194.71,182.35,0.0010796915167095023,0.007402905916800151,198.66,188.18,3235708,558726,350631.43,67377.62,343667.46,65289.53,99.57474666666667,94.06087666666667,99.61366666666666,,99.45511333333333,
2025Q4,195.2,175.41,0.0025165630938317474,-0.03805867836578003,192.94,175.74,3277790,525325,340533.46,62922.44,344521.61,62806.86,90.39457,91.81184666666667,91.48586666666667,,87.04014,
