periodo,fbcf_constr_nsa,fbcf_me_nsa,fbcf_outros_nsa,fbcf_total_nsa,fbcf_constr_sa,fbcf_me_sa,fbcf_outros_sa,fbcf_total_sa,ca_bk_nsa,ca_bk_sa,funcex_imp_bk_quantum,funcex_imp_bk_preco,funcex_imp_bk_valor_usd_mi,brent_usd_barril,trimestre
1996-01,82.34681264141388,69.142303470946,74.01051450121962,83.144479850387,87.5300700373445,75.437292379642,79.6267371010382,91.7165345652367,45.3955674238936,49.8820537401607,,,641.6,17.853181818181817,1996Q1
1996-02,85.2625610395123,76.58227848489139,78.74568177149538,92.8127749952146,90.8029932521012,79.9262943279245,84.7863427017154,97.5111665438804,46.0285819079705,49.109947035557,,,594.29,17.99904761904762,1996Q1
1996-03,92.05372841121297,88.46712011980661,89.07561730175341,102.776027094399,94.5338419173885,84.2650521277568,89.7709295896201,101.292230820883,49.6595464459451,50.41886300401,,,615.01,19.851904761904763,1996Q1
1996-04,97.10334625560449,91.47415692199577,86.60055332158281,99.4453500736289,99.7212922372752,90.9579794127235,93.6576743705504,98.7832678098326,48.8040751611808,50.1454869276719,,,655.75,20.9005,1996Q2
1996-05,103.43031771700653,103.82723492846387,93.41500504957622,103.155543291361,102.780237368061,96.1708837421874,95.0353705565017,97.397809968224,53.4434320314122,51.6114325345569,,,743.1,19.154761904761905,1996Q2
1996-06,104.91005813471915,105.73904523630651,98.17197497686445,100.941230035011,107.836248249066,106.798507955905,97.1311602651572,99.9627735819433,53.2835010598024,53.6080853151384,,,825.96,18.4565,1996Q2
1996-07,116.45012532703794,115.32761634042065,98.92669918150774,108.06537919663,112.324485350784,105.961405830822,99.1496331535556,101.368986965642,57.6774390394376,53.09740418906,,,863.71,19.57086956521739,1996Q3
1996-08,118.75483727947903,108.57644378952301,105.36446173417829,105.473525220831,113.372397811537,110.388647067557,106.026548367264,104.041917096932,54.6777723857431,54.7275691696899,,,832.61,20.51238095238095,1996Q3
1996-09,117.53120216209406,102.14880890288565,104.33728410873499,102.24001108254,113.592429501728,105.694823498301,100.90154353825,101.821673837426,52.5285947803322,52.7853653305186,,,786,22.63047619047619,1996Q3
1996-10,121.75281986088886,112.21718886969734,96.00661910235908,109.327134642255,114.813373007809,105.010067861967,99.1510543115709,107.72701902582,59.7775551072958,54.9319196971739,,,964.51,24.162608695652175,1996Q4
1996-11,119.52230457006918,105.86043842407707,94.39027447861766,105.340769531945,114.771345862355,105.253031355558,97.0505712799693,108.152757761601,59.4732436513776,55.8732022113897,,,949.29,22.75952380952381,1996Q4
1996-12,111.3482078444932,103.35341389372725,122.9627494163453,101.624028425802,115.296710444992,110.295573098163,98.3622382642774,104.44762891258,62.5267052252084,64.3658338621831,,,1300.85,23.783,1996Q4
1997-01,110.72357199627474,105.69519769428653,96.66621381777209,97.6978839610701,115.912642658792,115.32775292831,102.329200742953,105.172777517804,42.5436088796621,46.4318691965796,28,97.85,545,23.53761904761905,1997Q1
1997-02,107.56459401246144,128.6997786278258,91.4732530788504,105.153724984188,116.867137042032,140.491093232629,98.8469621533772,111.4135634162,54.3209408525634,60.8225002111222,41.97,90.83,758.29,20.850526315789473,1997Q1
1997-03,112.69888660933847,122.27105315611581,93.99293620131581,107.269342254746,118.12970161907501,123.513619408156,94.7367498421535,106.468322765998,57.8946864981093,60.9424803431328,43.51,91.28,789.97,19.133,1997Q1
1997-04,116.97240842169664,124.82077414721505,90.5653561979454,115.20854767667,116.49299996712,117.619887157106,97.8523840603318,110.983101035251,61.8907044809878,61.0647893559121,53.15,97.3,1028.68,17.55590909090909,1997Q2
1997-05,113.9091058651459,100.53384756516238,93.36073168352249,107.133040333969,114.200214669512,96.2016522642786,95.7865952281167,103.930135347241,56.2469031523576,55.7834108221206,45.85,90.73,827.47,19.02285714285714,1997Q2
1997-06,111.84538056639097,109.50401492955244,97.04302450958696,113.675916989361,113.330998104058,107.762907257532,94.8728291990418,112.688406417508,66.886209164853,65.8787896067793,55.48,95.2,1050.49,17.58,1997Q2
1997-07,117.0581921107578,115.40134925704287,93.00143053388236,121.00598804235,113.101672081889,106.29368587455,93.0866226962219,114.605228834505,71.9122364747131,66.4809171359975,68.05,92.93,1257.93,18.4645,1997Q3
1997-08,117.13945372220321,90.52060873761324,93.162758976101685,109.107374970071,113.104146400077,94.0786592399018,94.5464343255167,109.125695927303,61.1435940362553,62.6718169191337,56.62,92.31,1039.6,18.5955,1997Q3
1997-09,121.11705652607469,96.316839935537,101.77463096585231,112.54169178758,116.078644412391,96.2805672031574,97.6507420521845,110.281440538192,69.9534127842623,68.2482700060358,59.61,89.34,1059.25,18.46095238095238,1997Q3
1997-10,123.78153630976483,100.81386400388973,92.00903460699706,110.90216591184,116.980955629125,94.5215289998502,95.3522931311957,109.11014765594,72.2858793747587,66.0908806458991,66.2,90.38,1190.16,19.86521739130435,1997Q4
1997-11,120.37478132946798,94.16253934133346,92.42304713464091,104.914277735464,117.209269598535,96.1314394456469,95.9271590241047,109.164635602251,66.9140501886028,65.2861364984601,61.36,89.53,1092.67,19.17421052631579,1997Q4
1997-12,113.34352993975969,110.0255647032512,117.68743359464558,111.961354952697,116.039908051764,113.070306444635,92.2659884729895,113.555760341809,65.9184297599906,66.000888303524,79.74,97.1,1540.07,17.18190476190476,1997Q4
1998-01,112.01338482723206,86.87236969174879,89.72599897023984,102.438957025923,118.273303934017,97.5136906259229,96.1858620857307,112.872632591723,58.3160582320515,64.981652564056,54.93,90.76,991.78,15.186666666666667,1998Q1
1998-02,108.0174740398086,81.38638316298614,88.06585962774153,99.8733876527467,117.350291074461,89.1297487058857,95.3716783248682,107.375711768222,51.8078515077099,58.1777706536829,41.92,92.19,768.81,14.0695,1998Q1
1998-03,115.71194275149527,109.25438781919401,99.70088546766851,118.628882321331,116.515655003424,101.712281398854,99.6487754954992,113.385337240057,66.6733923991575,64.4259927942463,55.61,88.86,983.07,13.103181818181818,1998Q1
1998-04,115.34424727278973,104.51349413170976,86.16060146492669,114.113624479195,117.862926948564,104.660027356027,93.9716533476308,112.88293308113,61.719978578875,64.0228418813798,50.6,91.16,917.57,13.5265,1998Q2
1998-05,117.05863693114534,108.20153683463883,91.13296515255674,115.445645194006,118.089570115935,107.140928055652,94.271705408709,111.889814578661,61.959692004366,63.0739075792627,46.71,93.01,864.42,14.363157894736842,1998Q2
1998-06,114.95149204297542,110.9991548839504,96.18184070655313,113.682249426803,114.973736596115,107.23793475489,92.7666216894324,110.091215940211,62.4943926206779,60.4600532973992,51.26,90.66,924.57,12.206363636363637,1998Q2
1998-07,122.76638835832908,120.06159446286023,95.11598701203549,118.06224996783,119.167734316958,111.038083532919,94.9329310475236,111.914092316416,66.1106939584155,61.4450395222568,55.21,96.62,1061.32,12.079565217391304,1998Q3
1998-08,123.68035742979473,106.56976517628264,59.0738305531555,106.848149388602,119.806846061891,109.352910738932,60.191508589853,106.758264910121,58.0054577006411,58.9067804245771,42.48,91.31,771.7,11.914,1998Q3
1998-09,122.35835776152565,124.38194564490475,91.44210453081324,113.602678743569,117.583695826875,123.143208987144,87.6069146325026,111.863770073464,67.4491113653862,65.5470246887432,66.5,86.8,1148.34,13.343636363636364,1998Q3
1998-10,120.78593978391477,117.74745359959125,92.80823683291173,107.894956546196,115.468926853443,113.66812488444,97.3916201173757,108.468213793191,63.633977467548,59.7297864874743,61.38,92.16,1125.45,12.702272727272728,1998Q4
1998-11,122.49711416941011,107.28958373279971,94.64533743868773,104.553969151748,118.6654363609,105.633728975917,97.2421820884095,107.244716657898,58.1648682793151,55.6964329675031,56.28,96.64,1082.09,11.039047619047619,1998Q4
1998-12,114.14108950206989,91.8581333285859,128.9575046590456,99.2694793020526,116.712820858935,93.8179818721214,103.499838794101,99.9388837489112,50.1915687303761,50.5085425422357,53.45,95.13,1011.53,9.824285714285715,1998Q4
1999-01,106.97970384307906,84.64563970676313,88.77689588985564,93.8270958993581,114.166455910518,97.9407201155778,95.9559346779517,103.896104185403,46.8361216404657,53.5285601548891,38.57,94.79,727.78,11.1145,1999Q1
1999-02,105.88588232791,83.53735119842526,90.78775841493444,95.5379648897302,115.318036438276,91.9454462247788,98.188085408121,102.464759932536,46.5076878990582,52.315281457499196,36.33,100.67,728.05,10.271578947368422,1999Q1
1999-03,111.31936891372725,93.20556701980341,99.13164115551238,104.621612970915,110.495164144456,84.6238546209132,98.1360079579016,98.041245882061,52.4813590652596,50.4676097271424,37.41,98.69,734.95,12.511304347826087,1999Q1
1999-04,108.16948097829253,79.73970163487725,89.57053125178354,96.6483853600465,110.553870138137,80.1916024089598,98.0446223120048,95.5669257809827,45.127579038285504,44.9725155662482,33.54,94.88,633.44,15.2945,1999Q2
1999-05,112.26447968796923,88.9586209416307,95.1673433900247,102.963604162856,112.817063380575,88.7329824670208,98.1184906113231,99.7855840837981,50.5497895639458,51.3624281630854,39.64,99.02,781.42,15.225263157894737,1999Q2
1999-06,112.60722298500944,100.32299384329364,103.46595785854096,107.930911377102,112.243730744743,98.3350027103292,99.6773661557215,105.35010783522,57.1911383658701,56.1414136806583,54.6,93.69,1018.44,15.863181818181818,1999Q2
1999-07,114.03128007179787,85.01983275580533,97.53136135634139,100.107770727821,111.843638341374,81.1116624652695,97.8652442325268,96.7354311479735,48.3487044594107,46.4581588908717,36.55,96.91,705.15,19.08,1999Q3
1999-08,116.89542689614657,86.8552364592712,97.26352238848621,100.632702247999,111.873523491941,85.1227866180255,97.30038425159,98.9650844071865,49.3195478189408,48.0831497479795,39.5,90.8,713.94,20.21904761904762,1999Q3
1999-09,118.08740412732583,86.45504950524959,99.29995673098021,99.354101124182307,113.902341164971,84.5499314533487,95.8224999548956,97.961408774841,48.7081921191516,47.1402155509333,37.19,92.19,682.46,22.543181818181818,1999Q3
1999-10,118.30260358505866,89.57653201475479,90.35148023357588,97.9654368919321,114.703895265845,89.003785715208707,96.2365442568403,100.187209797575,50.1238629649062,48.3554277202427,39.76,93.26,738.28,22.002380952380953,1999Q4
1999-11,114.80027829458872,96.83820924461766,96.03227589129125,98.950163315795,110.402747215932,92.0801164822764,97.7506931714503,99.805124229888,53.6138998327792,50.3885577229872,41.58,92.03,761.81,24.58409090909091,1999Q4
1999-12,111.95220507667922,93.9810681446454,123.6249929107771,99.2162427222722,114.307754187293,96.4140418628072,97.8894179302779,99.6294253725373,51.4306381013801,52.4683319174181,46.88,92.4,862.36,25.473157894736843,1999Q4
2000-01,107.82184200465024,75.28534031609652,91.96588884996304,88.8714893120443,114.640540708576,86.6156517410519,99.0162200759932,98.4143804377106,40.5972853613752,46.2715823361458,27.93,101.74,567.41,25.511,2000Q1
2000-02,110.68329950477649,93.8783199656641,93.61563264459463,100.117092260446,113.14267291332,90.3905378643537,99.7048809550329,99.539105336867,50.1201282138334,48.6958044406017,42.26,82.49,696.16,27.775714285714287,2000Q1
2000-03,114.90500486447765,92.79126417975647,100.11602238499528,104.09789505751,116.825110715818,92.874730948297,99.1035178371404,103.824668225423,49.0319668957879,49.9351129982324,39.73,81.02,642.72,27.48608695652174,2000Q1
2000-04,112.22723388082326,87.54286171416855,89.06053252939282,101.442465056215,116.844489088277,93.7390421632183,99.8779662658257,104.073877797915,46.029629767298204,49.6606571876827,36.18,83.8,605.39,22.764444444444443,2000Q2
2000-05,118.58643557365589,96.90322908565676,99.357796977778,109.972883814046,116.35827112776,91.5229115328163,100.416773421385,103.722840132773,50.5986094391356,48.4389273832119,39.96,89.61,714.95,27.73761904761905,2000Q2
2000-06,116.75278334223033,96.87285919186252,105.26393646334743,108.128042529744,116.118149633496,96.3388235719132,101.120246688597,106.239813169311,50.5525900390564,50.3534510403761,38.2,89.23,680.73,29.795454545454547,2000Q2
2000-07,114.35935005108837,101.0165302685414,100.34096460610216,105.157405885249,113.576125454801,99.7444675806061,101.382009383894,103.220366374005,52.8586669473216,52.7100565509754,41.2,92.42,760.39,28.682380952380953,2000Q3
2000-08,119.5203362241552,111.56306097012552,103.3212124249309,110.297052112477,113.425433517033,104.942580682283,102.299852169239,106.140112983169,58.6792167896111,54.9959747172647,48,80.15,768.29,30.19608695652174,2000Q3
2000-09,116.10597570024018,103.93778168984042,104.15515338592458,105.030846402278,113.664093489036,103.316041326835,101.74033612897,104.736985342827,55.2715889395008,54.7050579381342,43.83,89.06,779.46,33.14476190476191,2000Q3
2000-10,117.43971853234449,101.83569450260725,96.52899163638267,104.964879148881,113.033880667508,97.7599066653596,102.042310155725,105.491101761037,55.1428503421483,51.7664516040049,41.58,91.36,758.46,30.96090909090909,2000Q4
2000-11,115.12701277823759,110.27150085214566,100.86096355076496,108.996430296656,111.429571809366,104.16494013341,102.631073995403,109.155956036835,60.5949836163684,57.1187824300887,44.94,86.89,779.75,32.55227272727273,2000Q4
2000-12,114.70934951226141,100.94106343636403,126.56532090270328,108.329800554463,119.360433661991,110.963073489614,102.167807592958,110.733606402128,55.7788434345806,61.2756446515727,52.59,89.54,940.2,25.66,2000Q4
2001-01,111.00228259550529,100.50802820461053,103.7471638241811,105.949672462215,114.904072109706,108.663536646485,108.893673650933,111.51644704919,56.7973887914507,61.0828334560146,51.19,87.39,890.24,25.624545454545455,2001Q1
2001-02,106.16587264440429,94.72541614724335,102.7245677773025,102.381992916675,115.348131498328,105.315650845004,110.78753860678,110.221399863218,54.6834789855609,61.2276709076119,40.97,85.1,693.88,27.5035,2001Q1
2001-03,116.02922538000253,110.80184011263704,104.44735000151807,114.779827321111,115.484962016752,104.260355542098,103.741896159743,109.286639287593,65.0048326209825,61.1803111223853,56.06,83.5,931.45,24.497272727272726,2001Q1
2001-04,111.8248146480749,96.72183816937816,91.05996837449986,106.075588093875,114.930215143791,100.089731643048,101.341280243973,106.972546077732,57.6722428596913,59.6252775573855,40.59,86.85,701.48,25.65714285714286,2001Q2
2001-05,117.06591724868835,108.15844790764767,113.70729802845662,115.498566054823,114.915597685467,102.890936090475,114.781478372823,110.088393417799,65.0661800769553,62.2898391996168,50.9,87.44,885.72,28.313636363636363,2001Q2
2001-06,112.95147162678906,97.24354268734587,81.90389533419217,104.478189051305,113.344973133418,100.758419624326,78.3648740351346,105.462540304471,59.0506314890639,61.2579181574982,43.15,87.82,754.03,27.849047619047617,2001Q2
2001-07,115.58407899430513,103.48350778693629,118.27138834471975,110.31126958281,113.611502179613,98.9248570540166,118.373671925411,106.982191921767,63.1700796837145,61.5067945110203,44.86,86.06,768.33,24.613636363636363,2001Q3
2001-08,120.39729262956538,108.98439997355223,120.36955378975892,112.580574431065,114.314641844839,101.662649022925,119.218195095828,108.120997483351,66.5595789093683,61.9077969884356,46.47,87.4,808.22,25.68,2001Q3
2001-09,113.63257251313829,95.35694370455118,119.87434985422641,101.418795786123,112.911328727734,96.5309518830752,118.255041329904,102.855736994882,58.203886214919,59.0370186567576,39.56,87.35,687.66,25.6195,2001Q3
2001-10,118.51180631109683,101.56729172627001,110.9969530910438,101.869090033918,113.178067746984,94.6016173939862,116.181478564782,101.546834714735,62.1839603752374,56.8575571917726,43.31,85.81,739.49,20.53782608695652,2001Q4
2001-11,115.84913050977316,94.4435602139069,112.22346376404363,98.9212288323515,112.820886731568,89.1130059599941,114.209789838971,99.220649879883,56.8101781043994,53.5583181230386,40.19,83.95,671.4,18.797272727272727,2001Q4
2001-12,108.86118256706041,80.59777595853117,138.88966119894752,97.5179556337277,113.54018099296,90.109499341284,114.262137631125,99.4218106053812,48.3059173876749,53.9480506758366,35.86,90.84,648.29,18.705263157894738,2001Q4
2002-01,89.6838498254268,84.73570118266272,107.41871888084313,92.8450010275873,93.0141054706299,90.9783813943817,112.326316577717,95.326966872103,49.9097138904821,53.4569352558757,42.17,83.5,701.69,19.416818181818183,2002Q1
2002-02,89.76653365450089,84.20690943572856,102.83468908076233,94.6030781368701,98.6992656420601,94.1487085016409,111.373933079631,100.131348847633,49.1219343233587,55.0863232549982,33.29,83.57,554.43,20.2755,2002Q1
2002-03,112.34454980498666,93.3270131475888,111.07603562488973,110.050819125543,115.501489960671,95.2754746885885,110.823025272466,108.359603380265,53.902151872433,54.6580980074877,34.68,79.69,550.71,23.696666666666665,2002Q1
2002-04,117.46754870727128,103.13120739473628,99.58467770847186,107.433762123169,116.049653166609,97.6496353337424,109.022001868163,104.169364062018,59.169314621287,56.0686917269492,39.72,78.58,621.89,25.714333333333332,2002Q2
2002-05,120.03868508545105,100.29950025506257,107.44261670058086,104.638646509145,118.177877967223,95.4243595548988,108.373222616844,101.864398062939,57.0505523660525,54.420679957639,36.77,79.94,585.76,25.66225806451613,2002Q2
2002-06,118.65489232787611,88.73107792889448,111.20691600684066,100.034418067687,120.347398013218,95.4498470357176,108.292296240458,104.868423575042,50.2128924958499,53.9566637118766,27.58,79.6,437.47,23.94551724137931,2002Q2
2002-07,124.90345949663806,106.29188606181062,108.51124231502007,111.169238931631,121.893657657072,98.5778341437133,107.966526738079,107.38775334936,59.9371072684971,56.9033063015234,44.07,80.58,707.62,25.74032258064516,2002Q3
2002-08,120.01708687666986,94.17290435019889,108.40412152092323,105.976637084968,115.192801693201,90.3501931253611,107.973167522995,103.218506242817,52.9505438548835,50.5453774115524,32.25,82.91,532.76,26.50548387096774,2002Q3
2002-09,119.88023401632964,92.22145342961574,112.16371637631778,105.700090583402,118.132791078417,89.8766827806141,109.536929814861,105.137807607823,51.8305118142036,50.7952885059508,29.12,82.07,476.26,28.222666666666665,2002Q3
2002-10,123.87897990302031,96.8683141629866,111.53445403721017,107.900422195337,118.652980082784,89.9182356560006,117.327376562364,107.085710354428,54.3341571368836,49.7054080841327,28.92,85.22,491.07,27.881612903225808,2002Q4
2002-11,119.80459382446693,92.85267832626532,114.21197237761442,105.49205709231,118.403480603336,90.4493838091982,117.426056108717,106.896998037948,52.4266604100906,50.8957813984458,25.96,84.5,437.15,24.323,2002Q4
2002-12,121.79792844628504,76.74160123801732,146.1312854671766,107.576900312354,125.31797993267,84.5978691538004,120.430275945882,108.494650907625,43.2750375765853,47.6333407593042,27.6,86.37,475.09,27.840357142857144,2002Q4
2003-01,111.80167006092135,84.62487363555636,115.93979596516846,105.347509843423,114.577841547321,90.4312580466589,120.721001175857,108.573159284138,47.8780070333799,51.1251361443559,27.94,82.53,461.57,31.146551724137932,2003Q1
2003-02,106.63773225996353,86.80858859717632,89.07476529397572,101.371910440141,112.166035788526,88.6658867268184,97.8955793886706,103.368102087282,49.2923274745478,50.129160150493,27.81,85.24,474.43,32.426785714285714,2003Q1
2003-03,106.0407639303858,84.40540038490448,98.2749037546176,100.067780016432,108.945368345771,89.3704536953791,97.4661579675858,100.986510228582,47.9900209583346,50.9104010234185,23.81,84.38,402.08,31.240645161290324,2003Q1
2003-04,107.60436917104107,87.432000933432107,116.82709231476046,100.329545716963,109.359171810589,87.3056923273663,126.146535908092,100.067358516201,50.3542287581733,50.1366643621742,27.19,83.4,453.76,25.423333333333332,2003Q2
2003-05,105.65439564145248,84.44701092794215,124.04478875168397,96.8756967265552,105.275860456086,82.5383018878808,125.684398362785,95.122202595405,48.2159532539598,47.0739912040629,23.09,87.86,406.06,25.563548387096773,2003Q2
2003-06,102.66026018836182,79.69147951263487,128.35486191550157,93.5950455764833,103.246070819341,83.5074770044345,124.350856933428,95.9487561983948,45.4794472552951,47.5666484053145,23.78,88.53,421.31,27.465666666666667,2003Q2
2003-07,105.525496545001,88.95345935607081,125.15148889111072,98.6961498585935,102.457108525273,82.0721821788493,124.789890081555,94.9193310801204,50.800837262607,48.2831740352275,25.27,88.74,448.84,28.363870967741935,2003Q3
2003-08,105.72367970456958,85.93059325609421,125.18522610074531,98.0165552876519,102.11271966172,85.0061174311466,125.673201538414,96.7576523245376,49.0156557530034,48.1606567303847,23.68,83.28,394.7,29.61967741935484,2003Q3
2003-09,106.57204389189513,101.42835427203997,131.72538804590542,103.903544053752,103.753519603916,95.8700375957701,128.106132223718,101.41631069534,57.7431342685887,54.9554462953827,33.72,78.39,529.1,27.229333333333333,2003Q3
2003-10,108.23974161653763,110.63074516849834,122.18609028972637,105.484376006147,103.072461033255,102.171131263002,128.666214817614,103.963686837772,62.8723839234322,57.3796745343777,39.03,73.4,573.31,29.586451612903225,2003Q4
2003-11,109.09656566499703,103.326853714048,122.75060827422173,103.320792685915,109.025536567025,104.017703385193,127.2407415713,105.716051723093,59.349870059017,59.2029886185474,26.55,81.98,435.6,28.708333333333332,2003Q4
2003-12,101.12721914871847,81.33298592063592,156.99056661073516,96.4694472079386,103.47221131322,88.2697726873596,130.45233791424,96.6240270391347,45.844239603148,49.6666273147471,29.5,89.07,525.81,29.779,2003Q4
2004-01,105.8341245569074,88.06579392713604,114.91756092500957,97.9242976890538,109.524258311118,96.150699151934,120.614564831839,103.478663072597,50.3980549748545,55.0311131249689,26.29,82.59,432.04,31.266,2004Q1
2004-02,105.27648124282035,87.22421977625558,114.43308785684228,98.3485429472094,111.274235097402,96.9551741455548,123.089206156373,105.131852685826,49.8214722733286,55.363403440493,26.62,87.64,464.23,30.64862068965517,2004Q1
2004-03,116.41647198908267,106.63264904062193,127.4944990448001,113.307245963735,113.61269884884,96.818031790904,123.889069015067,107.500596041577,61.0389113631966,55.310116674063,33.67,86.02,576.31,33.663225806451614,2004Q1
2004-04,111.48231278294054,103.63015877039638,114.64989831084061,108.35283369785,113.504835497737,103.93073730498,123.742774277765,109.442112298454,58.7224812083524,58.7811584158436,34.21,80.99,551.23,33.346666666666664,2004Q2
2004-05,111.79255167413537,103.72314150335296,119.3808003223714,108.754866671242,112.775386745724,103.606052938526,121.41197038272,108.413454812957,59.159614439288,58.9728428026552,33.34,83.19,551.75,37.29483870967742,2004Q2
2004-06,112.19519588185177,101.22858231113604,129.76412526680156,108.416749630914,111.767543135162,102.760767677394,124.698509844575,109.042891288591,57.8559640887276,58.6785617197214,32.38,84.44,543.91,35.55133333333333,2004Q2
2004-07,117.8269001571825,112.58587919523087,124.84074673771204,113.493989413495,115.809974980346,107.338683550596,125.65852450138,110.493075879683,60.6671775473625,59.5280614766095,34.53,81.26,558.34,37.43096774193548,2004Q3
2004-08,122.85081725811166,110.3558860435321,125.57518974544195,114.956740377345,118.042241374387,105.539780318761,125.395527384194,111.061185868925,62.8118142369421,59.7461242358212,35.07,85.34,595.43,42.75677419354839,2004Q3
2004-09,120.29668372174481,110.13817967245348,129.55852854345267,114.788429509162,117.263986313386,104.587955775532,125.932552671629,111.970806651393,62.7695119173147,59.8895818501335,36.79,79.57,582.52,42.53766666666667,2004Q3
2004-10,121.30771280979283,91.19920869278876,115.35216185329266,108.518430883575,118.517854592443,88.7835098252334,124.189124748198,110.062180616597,62.3243210924454,60.0845493893721,32.1,88.88,567.73,49.55903225806452,2004Q4
2004-11,117.52625559576711,114.64930086067373,122.54659812211541,116.750518499347,115.076473093964,108.753053359938,125.928094864662,115.829222057412,65.5778636137714,61.7154674653603,38.46,85.31,652.77,43.34166666666667,2004Q4
2004-12,111.28775657837231,75.50527181140681,151.44962855009362,102.004475417077,113.665343769196,82.1902826794218,125.096563728782,102.086817525992,54.8056689685706,59.6136505318841,38.74,84.28,649.63,39.90870967741935,2004Q4
2005-01,110.55723259674538,91.89058196101881,123.32280317412544,103.15747089009,115.425230453252,102.932325821417,129.971634620744,108.024454316495,53.1891434818136,59.4097792851348,34.16,87.39,593.44,43.83806451612903,2005Q1
2005-02,105.18281644507441,90.99212838959492,121.56195427234758,99.1046769679264,113.78189446159,102.973449431068,130.393559582242,105.988214972284,52.8895491163659,59.792905079817,30.59,90.33,549.3,45.02321428571429,2005Q1
2005-03,113.95997296679754,110.02024568213044,136.02292222156763,111.542156841987,114.022283824953,106.564453262383,131.48594121917,107.528703511224,64.6222304246801,62.1121097742816,39.88,90.47,717.25,52.97838709677419,2005Q1
2005-04,112.67510027954519,104.09936507184722,125.47977765321518,107.556516049203,113.428869077621,102.743896476491,135.034837808703,108.000072311069,60.9069414801681,60.1772996323971,35.26,89.52,627.47,51.858666666666664,2005Q2
2005-05,113.55952582069649,112.16052422473437,136.6636139082295,112.683566465147,113.372898058209,107.999599626102,137.490186690985,112.047162675231,65.8554607069833,63.3541700888105,42.57,89.59,758.32,48.8358064516129,2005Q2
2005-06,113.67690046161427,114.36085611922043,142.26763857077813,115.204208885655,113.416293151117,115.526500078064,137.171573631021,117.135209613701,67.2262185432422,67.8378556560035,41.47,90.29,744.44,53.491,2005Q2
2005-07,111.60185257805315,105.70324284989066,132.4196244598874,111.324765584453,110.285003732009,103.754264790509,134.359135077418,110.523651088002,62.1725236966126,62.7904134502414,39.52,85.36,670.74,57.30806451612903,2005Q3
2005-08,118.06598876904224,115.86296043581653,136.85621161551745,119.520557765569,111.802149390879,106.16819378498,136.071212533372,112.840617489923,68.1353609771287,62.4611773660244,46.53,89,823.31,63.399032258064516,2005Q3
2005-09,115.84638448914258,109.11616461283185,136.1035900332769,115.364174949973,112.473291377204,104.149163929336,132.483344740275,111.937159222077,64.0551274628609,61.3839333942765,44.36,92.04,811.69,63.401333333333334,2005Q3
2005-10,112.82988615050806,109.98533312070039,115.40080893360899,110.42220717874,109.762620892438,106.765228812214,124.727672678086,109.928135099837,65.12442449277,62.6034360663983,40.52,89.04,717.28,58.97451612903226,2005Q4
2005-11,116.12457004585055,111.31484318632961,130.03613388365358,113.981686175363,113.65180632476,106.019982994358,134.00732610157,111.869316695748,65.538172805582093,61.8347563347618,40.39,94.07,755.3,55.778999999999996,2005Q4
2005-12,111.36018390470825,98.56782841996069,160.89094357860728,111.296934645896,115.256138095037,110.375986081736,136.008336829147,114.036268404417,56.9167738946499,63.8426700108071,47.75,86.36,819.76,56.424,2005Q4
2006-01,110.01471571871741,103.18553121201406,126.07091768438525,110.216061750866,114.078321346066,111.765777067299,131.925854383107,115.639173532424,60.6919015908719,65.3782278514714,43.07,88.68,759.39,62.25677419354839,2006Q1
2006-02,105.5537112006523,100.70449999284406,122.9631820014165,107.441965541494,114.632539013397,114.647051477163,131.110124603478,117.715797624663,59.1712742617809,67.1552573702329,37.35,88.54,657.52,60.565357142857145,2006Q1
2006-03,115.71619573597887,125.28568795309447,138.6907214690046,123.754684307637,112.526832672191,115.729428138741,133.472214631181,118.035012642915,73.5483676135629,67.5315451451624,50.45,90.1,903.63,61.45645161290322,2006Q1
2006-04,108.12116603407752,105.77059719580794,121.21929823867752,109.069743361745,113.844715712837,115.124190079073,131.04345889043,115.663855146938,61.9772256545966,67.2805548943227,40.24,89.91,719.22,69.687,2006Q2
2006-05,118.1416977720735,123.54566435058231,133.15550131584814,121.276107342961,116.607751382685,114.578095653543,132.533692316159,117.126369923193,72.2506154041702,67.116251403567,47.17,92.34,866,69.97741935483872,2006Q2
2006-06,115.30230588354019,115.81208433411818,139.59841672244474,117.190674495296,114.997719227957,116.435652837178,134.736183739247,117.10271072987,67.5699633775673,67.8424272949627,50.24,92.01,919.01,68.045,2006Q2
2006-07,118.11667651845625,123.1310276236576,135.17402191829666,120.901133505978,116.262865408925,121.252033578783,137.49847373181,118.759214039028,71.6305960692658,72.2118062788337,52.33,89.66,932.66,73.3958064516129,2006Q3
2006-08,120.96126792644291,130.35379489014167,138.48226709678042,125.25703370166,114.155135852132,117.617582752796,137.920008049935,116.485540586716,75.6370349979281,68.6706246672773,53.82,88.19,943.5,73.87161290322581,2006Q3
2006-09,117.38132350251824,120.51002062392568,143.39361043954634,119.977280992362,114.650823000984,119.112069614508,140.877925907817,117.955311874255,69.6878559998434,69.0295520889977,50.94,91.9,930.6,62.787333333333336,2006Q3
2006-10,120.4972564205108,131.73466751816454,129.70124287879727,123.685665415162,115.901300135632,123.462691933065,138.339167999674,119.988581701892,75.9163697031605,70.6631287292715,54.25,89.96,970.1,58.035806451612906,2006Q4
2006-11,120.50200958457643,132.43329952399642,129.69391625574394,123.615438706149,118.075944093439,126.597835215955,134.175299295797,121.024548115728,76.0069933244959,72.1516067272779,53.66,87.16,929.82,58.31933333333333,2006Q4
2006-12,114.14763225168335,114.69361860882248,163.4182422690119,117.438811278689,119.707725817446,132.108382554729,140.077226064399,123.106647482381,65.6017978070195,75.8799064623028,55.6,88.64,979.75,62.425666666666665,2006Q4
2007-01,116.37634194398629,126.22010223773975,135.82643423541614,119.848487522982,119.998909542081,132.733913880365,140.813844588221,124.284421888024,71.8338495595708,74.8600171085299,57.18,90.73,1030.15,53.84483870967742,2007Q1
2007-02,113.89784071317871,116.68394899116964,138.91967753354027,115.744113087639,123.829798319765,133.280738659955,146.076294515625,127.083437529607,66.1246668874845,75.0890205237973,44.98,89.14,796.04,57.04392857142857,2007Q1
2007-03,123.56489860139628,138.76970199803216,149.29429223994887,130.402157789378,121.335231458694,133.06403801089,144.537337815818,126.879833782369,78.1546039853493,74.6237207238771,60.7,90.03,1085.02,61.383870967741935,2007Q1
2007-04,119.33489937190045,128.7972252962941,133.5839328640223,123.518982011759,124.566589188502,137.257610349067,141.979635669714,130.227716533992,72.2440111094397,76.4684888835422,51.41,95.47,974.65,67.52633333333334,2007Q2
2007-05,122.22117317395778,152.71353639510357,145.44677104878517,136.108913539919,120.249097350927,141.176057784369,144.486808669159,131.473215434028,85.262342103424,78.9821920690415,64.81,93.77,1206.65,67.13870967741936,2007Q2
2007-06,119.88789775015915,139.58230269952537,146.7508694004935,131.124219148325,120.577272531778,144.212070308443,143.139575202203,132.739107331981,77.4567752105343,79.720823147026,60.93,94.46,1142.84,70.672,2007Q2
2007-07,125.72357207200835,149.90483530389096,141.00700946536645,138.415017504179,121.971788365452,143.286362810286,142.71619377777,133.448770295469,82.7363085082587,80.8277255535582,64.61,95.63,1226.96,76.49689655172413,2007Q3
2007-08,128.1171986904707,167.44395936217686,142.0921454627949,146.492330397827,120.619641468503,149.402290165642,141.789391225601,135.261836075305,91.8968765663751,82.8197146600043,76.73,93.09,1418.19,71.26516129032258,2007Q3
2007-09,124.29108361509662,139.66452096410663,144.97250731539057,133.327031797997,122.360016889834,142.32107111553,143.546007925823,133.332167029227,81.2077952312565,83.0243350491949,73.65,89.72,1312.04,76.11166666666666,2007Q3
2007-10,129.29311414499955,170.65814956187094,133.91896300618865,144.094693213913,123.185569859147,154.919154629575,141.719294793511,137.095297074042,92.6556766461247,83.7223148958073,71.07,93.29,1316.34,81.52870967741936,2007Q4
2007-11,125.2798498310517,164.59639451151074,140.3211755852306,139.121231860289,122.76069547608,157.506310561732,144.975690539191,136.472725745577,88.6155131911285,84.3886370575984,74.11,93.91,1381.84,92.37517241379311,2007Q4
2007-12,119.36964304516592,140.76779181440645,180.9517237015425,131.330649425798,125.699105260694,162.452061643865,158.52815570387,138.932684580381,75.4268787176634,87.5726389860425,72.68,96.94,1398.99,90.89464285714286,2007Q4
2008-01,123.26432134652444,161.98410704000352,146.6961124181082,136.784124478411,127.948478851648,170.747234876864,151.646631866849,141.984266765771,86.3194980568746,89.8107887111275,85.35,96.43,1640.3,92.32433333333333,2008Q1
2008-02,119.08997543821133,155.77990835732854,148.9420373103946,132.714945133094,126.059374626034,170.575126553362,153.529840081598,139.5851669576,82.3928404754235,89.6091137243126,68.32,102.59,1396.84,93.99,2008Q1
2008-03,128.81493265096586,161.13790989924178,156.34004296982923,140.516288388496,130.708535546394,168.249728937782,152.447995292321,143.632418376629,84.6855142276686,86.8719080870708,58.47,103.54,1206.49,103.11,2008Q1
2008-04,126.90918456989766,174.94237225194095,147.36154652717528,143.70893592079,128.446898606977,171.698493175864,154.343718771007,146.690256900411,91.6977567594965,90.586957935251,69.94,108.81,1516.81,108.11633333333333,2008Q2
2008-05,131.07344037982529,177.8621713248544,152.2782263464732,148.489029761824,129.611054454133,169.173052104068,151.763790999482,147.44842293435,92.7287018493904,88.4455510559509,84.93,104.17,1763.3,121.51935483870967,2008Q2
2008-06,130.07424420652043,182.41784372823494,155.41787990111143,151.835508017384,130.374368659114,189.060428286667,152.35969954135,155.65664066524,94.5912279462952,97.3409176413603,85.74,104.06,1778.31,130.906,2008Q2
2008-07,139.0897841876394,197.2178726118424,151.46803499242117,164.210629229378,133.70743548372,183.883547438863,152.528816261857,156.984325607526,102.049160015614,96.6491513021665,96.81,109.02,2103.56,134.03096774193548,2008Q3
2008-08,139.13933012173715,201.65941614699696,152.41548468953488,166.978140906518,133.39721088455,190.241435717976,154.231361846393,158.717738984627,103.91120886011,98.9078581428796,109.94,104.41,2287.62,114.69483870967741,2008Q3
2008-09,137.03055596944893,192.0115241772149,158.39817839526492,162.134686764107,132.152756330784,183.598772016639,155.460391814581,157.305791607851,103.685746313549,100.176466172208,104.81,102.91,2149.79,98.69366666666667,2008Q3
2008-10,143.82943515988154,211.34999193432859,149.85763271311018,169.004902116143,137.518254886995,191.598166172511,157.27773437286,159.888283814251,108.336161986394,97.9765795866738,108.3,96.18,2076.05,74.82161290322581,2008Q4
2008-11,132.26588334008952,160.18781904884648,151.14488109097226,142.058977335429,132.444270564962,162.099914583967,157.415846102615,143.252079878158,85.6745069224745,86.3753697563222,84.9,100.75,1704.72,53.695517241379314,2008Q4
2008-12,122.47590744792738,127.15276718292743,180.98105788723004,126.39627504843,127.322422550784,138.488515485304,157.927187922728,130.63050510759,64.7191922376072,71.0183165500447,103.48,94.02,1939.04,40.882333333333335,2008Q4
2009-01,120.59352286271027,133.00337579995613,150.1324004905273,121.504802823049,127.140101066623,144.957855939618,155.8674513361,128.595078244567,67.8664202034103,72.866658640882,80.52,108.48,1736.58,42.495666666666665,2009Q1
2009-02,117.05324669644311,123.30842022681914,151.44980547180907,115.456125522442,128.201378944053,141.001850506568,156.111035592793,126.554252787601,62.7567734379749,71.2487232625516,62.8,100.73,1257.42,43.28321428571429,2009Q1
2009-03,131.95553272518038,153.32189455780482,162.2990960550866,134.143105454511,129.28242884792,146.690382002996,157.896856433229,130.743309567833,77.9052111683982,73.3858829331463,81.73,102.51,1665.52,46.230645161290326,2009Q1
2009-04,126.0545299299068,144.92573275459213,153.05707482676758,128.868074148136,131.28755395893,150.337513413509,159.722607177396,134.985896323647,73.7019741082704,76.8512590633829,79.11,103.75,1631.59,50.16266666666667,2009Q2
2009-05,134.22086321436964,150.91257482121588,158.852793927248,137.642415318034,133.067340390666,147.844323058607,159.131674790433,137.269341613825,76.7557104830971,75.3723965179207,71.91,100.18,1432.15,56.35709677419355,2009Q2
2009-06,139.4971036874914,143.61000301015937,162.55428461707282,140.727441533824,138.406442247622,144.912381474774,159.012478452543,141.232074662528,72.6371389151644,72.6429606253153,66.45,102.94,1359.87,68.40866666666666,2009Q2
2009-07,144.13113923870364,161.6920926676416,158.71879937301824,152.468739207001,138.622973322304,151.449304888228,159.791537673783,145.660497127456,82.1007389564677,77.7000503602584,73.13,102.55,1490.87,64.13548387096775,2009Q3
2009-08,149.51793377686613,163.48119936540766,163.35601276783902,158.966661421457,143.099813327365,154.070135287077,165.277045173737,150.83155910383,82.8914949908913,78.8380675549373,68.72,100.47,1372.47,72.22096774193548,2009Q3
2009-09,150.75255157079724,167.80217020462047,163.93334962326912,162.868005271539,145.562265993503,159.636358677385,161.055903443981,157.741453768715,84.9450423667463,82.216858800971,77.11,101.88,1561.74,68.22266666666667,2009Q3
2009-10,152.1083558301703,183.92357471395306,153.70722879210737,169.00837504675,146.558285273376,172.28181674,161.701885234929,160.815104094953,93.2226976662948,86.9081210630984,78.46,99.87,1557.63,71.82387096774194,2009Q4
2009-11,147.16313959326803,183.4988030634913,156.80634997885656,166.07369037596,146.218024091652,180.217905364446,161.835689793651,163.542991352145,92.9552746286586,90.8835144797708,79.12,102.26,1608.49,76.70689655172414,2009Q4
2009-12,142.9106300969031,167.06336869094167,181.11793418791257,159.018917077293,149.159972510936,182.493190686295,159.11654787558,164.497440152903,84.2967311894918,92.6892423825235,92.09,97.98,1793.8,74.45548387096774,2009Q4
2010-01,141.40650601194682,167.0972335721244,158.03103825680282,152.772261953851,149.492675689735,188.051618958043,164.593793284646,164.274353945677,84.5479183680741,93.836892544272,79.25,96.65,1525.69,76.60032258064516,2010Q1
2010-02,138.64846952299553,171.70875914150102,159.2234204394082,151.015425071176,150.021971868556,195.497275623606,163.159067895219,165.735491893635,86.8768810461654,98.4944454509656,76.46,99.25,1511.57,73.64214285714286,2010Q1
2010-03,158.67545942931793,212.60667811299945,167.62813908959882,174.938610774973,154.672954761323,195.81704083745,162.962180754758,168.369448660689,107.553882287689,100.948010059556,98.27,98.82,1934.2,78.63645161290323,2010Q1
2010-04,150.17465652438636,189.48592806753916,157.00197313317125,160.469522949951,155.798919204768,195.145868162296,163.243959320572,168.17207747942,95.785772372013,96.2878693826006,82.66,99.21,1633.41,84.19166666666666,2010Q2
2010-05,156.72761653480066,204.00571525035218,165.6383050340429,169.889830171743,154.723042354069,200.143892890044,165.81243177428,169.146807412692,103.068797556767,101.182257229573,99.93,98.37,1958.06,77.26774193548387,2010Q2
2010-06,155.4577299074264,201.75041517224636,170.50989655319282,170.234282478308,154.242652063377,204.557514944685,167.126001459266,171.15257490789,101.942843486801,102.319002477457,108.25,100.98,2177.25,74.555,2010Q2
2010-07,157.54233811011275,208.73654005034092,165.64500308058973,175.520862781526,153.511920297396,203.089113497676,167.784549829604,171.112377422522,105.403461235731,102.807609878081,118.53,99.61,2351.71,75.3367741935484,2010Q3
2010-08,161.9654589059186,223.6555971148144,167.18612273996814,184.769308730525,153.853088174219,205.257987257825,168.271234677079,172.927650797162,112.894519665288,104.724864622804,130.33,101.77,2641.96,77.17322580645161,2010Q3
2010-09,159.8380440436559,228.49384529552026,171.29432972933276,186.389573287953,154.32544990695,216.858870389382,168.42379419562,180.016994680318,115.262402877742,111.921368901406,152.44,88.55,2688.76,77.50133333333333,2010Q3
2010-10,160.1813441917635,211.93480125700765,160.29836651861024,179.113825992954,155.238906727203,205.335192505179,168.710191635033,172.44323130677,107.555989036234,103.237056892097,112.23,102.68,2295.33,82.27,2010Q4
2010-11,162.22725572711462,220.29561285066828,167.72154992757464,182.972720260475,160.236336340006,211.055551641577,171.270314454683,177.090714422592,110.956718057346,105.363826119068,122.43,101.68,2479.63,85.1703448275862,2010Q4
2010-12,154.149939743416,192.32763954700874,195.0263164642334,170.522849946575,161.920109672634,210.451723436161,173.859324499027,177.285546770639,96.8501170971463,106.452751367022,124.68,99.86,2479.95,90.76161290322581,2010Q4
2011-01,151.2583323039081,191.35303262992807,169.3187341981183,163.61375701733,159.267056639286,213.84435763173,175.722819068751,175.066121865454,96.2194362347915,106.801140331536,104.63,101.36,2106.78,96.03225806451613,2011Q1
2011-02,158.5613425653039,210.33783716645414,176.5857443271658,173.25427876405,166.694462935841,215.539793695015,180.211889020424,180.353303439065,105.628287186711,107.818394927335,107.33,100.89,2151.28,103.14892857142857,2011Q1
2011-03,167.05074678035623,219.58336747526704,182.95573697321626,181.24805891862,165.9924450697,220.177947796643,179.161265587251,183.022769795481,109.945019893333,109.570491839682,112.6,103.66,2318.57,114.38,2011Q1
2011-04,159.00364548736144,200.34793678609964,174.07266593842883,170.535653352763,165.709260791326,210.908452645269,181.109830090966,180.761547240443,100.31737748044701,106.740252629577,114.15,105.66,2395.94,122.28551724137931,2011Q2
2011-05,176.03163276201664,225.01482122478356,183.10082256296812,189.716736549076,172.315442548827,215.102533517313,182.520218237231,185.94830150872,112.549541924711,107.475599156793,133.78,102.74,2730.45,115.81967741935483,2011Q2
2011-06,172.24817958545293,201.134809724977,184.3787423490839,181.050371498169,171.329060058761,204.899229292039,180.55786350512,182.553742050839,106.942109686936,108.085533122794,121.46,104.07,2510.94,115.00566666666667,2011Q2
2011-07,173.03358480452619,218.88432212035346,180.9234467086345,187.989874460513,170.860381260274,221.800341853755,184.372330727051,187.838714045734,109.136914156235,110.142898635323,118.23,103.88,2439.9,116.05903225806452,2011Q3
2011-08,178.20326312395446,239.4519447607468,180.42474114332722,199.249816852887,168.869666282708,215.321718010142,180.466224638651,184.751307912511,119.026595199327,107.811092298677,142.16,105.59,2981.92,110.40096774193549,2011Q3
2011-09,173.19034301031718,213.90084346479165,186.9140953258822,190.930535386605,167.474461718066,202.28043098534,183.907136452073,183.373811741755,106.26585057567,103.080748634066,124.55,99.92,2472.39,114.09466666666667,2011Q3
2011-10,168.06398860425452,219.0211850085263,177.40005430172283,191.308968855092,162.209594578552,212.978313683102,185.559105642644,182.244440277592,108.640947343095,104.260055622929,130.57,98.56,2556.35,109.33387096774193,2011Q4
2011-11,163.52308765736834,229.18911615557582,181.62759494314045,192.471742495608,161.300783428596,221.422913603516,184.398577342007,184.85048837426,113.472668237384,108.113341909794,144.93,104.67,3013.52,110.74137931034483,2011Q4
2011-12,153.61423673488824,204.62028965535814,201.47977736211615,177.925579849301,164.004252619346,230.745684572281,181.725671457756,189.131204048148,101.145038095431,114.234710137992,135.68,105.24,2836.7,108.12033333333333,2011Q4
2012-01,178.6936989781859,186.11382998952428,177.08909722281948,177.41537649098,185.304270539317,198.71744777515,182.453512579223,187.919400610185,91.8409440932079,98.2602221368265,116.48,100.61,2329.53,110.44241379310346,2012Q1
2012-02,174.38089319240353,184.78360729350206,183.63813528531495,172.516147699388,181.620756530798,196.880841561115,186.378123320667,183.771341615425,90.720467469922,97.4639090641151,112.34,105.83,2363.42,118.23448275862069,2012Q1
2012-03,179.8782056600339,212.3677121004994,188.16396370547884,184.463674809634,176.677847956745,197.716502716894,185.648967597006,181.465563674393,104.22191758683,96.8127978772084,115.84,107.8,2482.38,125.3283870967742,2012Q1
2012-04,166.79637341918612,195.1286984630555,176.3691445899288,173.392887551025,173.006093441873,203.664856165956,183.342751202228,183.638145284579,95.3404372018452,100.368398580196,122.53,106.98,2605.58,120.247,2012Q2
2012-05,179.36210103172476,224.05025791512716,191.83594797721855,193.538356056952,174.686727122718,209.278941117734,190.613646649021,186.769418154898,109.180800151793,101.772791983904,149.21,108.93,3230.96,111.3174193548387,2012Q2
2012-06,169.1074357322362,199.69718991383664,182.61618893059338,180.392536392027,169.91487172547,211.383367466599,179.036087524371,184.192738460524,96.8972241708876,101.962374053288,122.78,103.47,2525.33,96.52166666666666,2012Q2
2012-07,172.02560456039095,210.0104231400714,185.07085657471066,186.486838939267,169.192050951082,208.588250073658,188.444535953178,183.247501947233,101.545369101056,99.6857874617419,120.42,104.19,2493.99,101.39827586206897,2012Q3
2012-08,182.88378337153478,227.68568446657582,188.7148110138301,199.958584257561,173.750599010695,206.667098745647,188.803629446133,185.580933903858,109.556278766651,99.8109307457993,135.45,100.15,2696.59,112.87838709677419,2012Q3
2012-09,166.15839146025883,201.18575275008996,187.74999533386358,183.137354203182,162.839953414717,202.594930068205,185.981730444707,181.007061148911,96.3765789254761,99.0149914389418,119.59,105.94,2518.51,112.78733333333334,2012Q3
2012-10,178.81204355460906,229.64247556921575,178.6712410121875,200.47012459032,169.513845421867,210.526196222468,184.723075165194,186.339727770567,111.855012622823,101.230809227616,146.72,104.12,3036.62,111.91806451612904,2012Q4
2012-11,171.09745223174951,209.2895692593574,183.4046282310837,189.967445837219,168.549749127558,203.226254548606,185.610330735583,184.0482525564,103.338141233068,98.6254413915339,131.85,102.98,2698.82,109.09241379310345,2012Q4
2012-12,153.34287691133676,189.1806016083624,207.15926149840794,174.683652872455,166.005674057811,219.820647616129,188.457139816307,190.161259173035,89.1268286764403,103.096124773062,132.32,101.72,2675.46,109.50068965517241,2012Q4
2013-01,165.33779046064933,214.73035417328958,183.35047193931382,184.398316558452,170.497654511502,216.720256132567,187.553800255162,186.612588673024,100.463064168768,103.116116611904,124.72,106.76,2649.94,112.66833333333334,2013Q1
2013-02,158.01249392229082,209.13724608448908,180.89596359261162,176.51525721963,168.325709962707,231.38977106373,185.453084032166,190.121675515339,97.339498396424,108.961057724187,116.25,108.65,2513.81,116.1226923076923,2013Q1
2013-03,171.99108393732513,224.04492174932267,188.7320996451108,189.270051021921,172.821437239766,225.446349950984,187.545199913124,190.285361511637,108.261515886734,108.228412829074,119.24,108.8,2581.91,109.13333333333333,2013Q1
2013-04,183.8836602020391,247.6066657790967,184.62370849713275,203.38620103999,185.216591895039,236.480144375848,190.754218590822,204.47508275244,114.266757504198,111.681729459763,132.86,107.5,2842.31,102.70466666666667,2013Q2
2013-05,182.78585709173166,237.2791175722488,188.2874234440513,199.497770165538,178.724934140707,224.006038586821,187.587875289341,195.226056438789,109.190297734111,102.461188141193,129.26,108.86,2800.63,102.30354838709677,2013Q2
2013-06,178.63717616161765,220.311537563837,190.11834735901408,190.898934994471,181.236429295546,241.724172088089,186.67043092086,201.077306208771,111.197457163582,121.403390783315,141.25,106.07,2981.58,102.87666666666667,2013Q2
2013-07,187.8919757931669,236.80521309273234,183.61923514101846,198.805102128658,184.385289736736,229.754339141423,186.961846766255,194.912145648126,110.806431009403,105.267975985519,131.86,105.51,2769.05,107.67933333333333,2013Q3
2013-08,192.7520977009078,250.15484644884776,186.5607315859175,206.580389453883,185.166534017438,236.222546276373,187.648300920914,196.692372937488,115.044468714921,108.627823109742,124.13,107.03,2643.99,110.46709677419355,2013Q3
2013-09,189.78279521678002,242.21094943358835,192.8952362814304,206.050959617456,185.495947007052,237.223451346455,189.514048453602,200.771477314388,110.859627217918,110.438492052195,112.65,109.27,2449.95,112.53133333333334,2013Q3
2013-10,194.86405223366944,242.57885841467893,189.8171401154435,213.982778814432,184.730646229692,221.486447878986,195.793448223003,197.909284343819,121.839679152479,110.205709468173,146.32,101.28,2949.31,109.15612903225806,2013Q4
2013-11,185.6841998420028,210.41435160473395,188.31587857611078,199.580019218011,183.667801622375,212.656179781317,190.984655352554,196.637705519925,106.968000960673,105.344900551489,119.14,108.54,2573.61,107.5496551724138,2013Q4
2013-12,167.96230966583275,168.42964178685793,208.95476754030753,176.612623767556,179.845551242427,188.999149212377,189.077131509366,191.728122936259,84.3499150808907,94.4177619498658,137.91,107.29,2944.65,110.86689655172414,2013Q4
2014-01,175.1307929060132,226.1228724593515,195.29756757929468,194.413443105902,180.319396200537,223.06855203276,199.099448041985,197.941949211379,106.118526826647,107.517579720926,144.47,104.08,2992.38,108.25965517241379,2014Q1
2014-02,174.33322970164534,222.1695940826292,182.48218732883987,189.07379417479,180.88859771833,222.335558853584,187.326534594892,195.341282441766,103.324811908849,104.267462842758,100.14,110.88,2209.79,108.84892857142857,2014Q1
2014-03,180.26651095504425,212.87114798281834,188.12295660798253,189.594890719309,181.166322778965,221.746016534437,187.584103249358,194.972831546856,98.9587310422226,104.048190404024,106.43,106.49,2255.51,107.62161290322581,2014Q1
2014-04,178.0083107167852,214.32298686974227,182.29633319221253,189.553635215819,181.895857328289,216.422349600563,188.428370693105,194.640272790655,99.633659042591,102.914637600787,119.42,108.49,2578.42,107.51633333333334,2014Q2
2014-05,176.15007935484047,218.18418956878344,189.33122131224272,191.397222502745,174.260898392355,214.867248561213,190.388654833077,188.572661815932,101.901780154944,99.2726481875542,123.48,107.99,2653.78,109.51935483870967,2014Q2
2014-06,163.14369480454414,186.28783877497492,197.84948731637274,174.853505881442,164.741089890624,199.046896394233,192.997272322372,179.224089093414,87.3299510092939,93.0968768619987,109.82,110.38,2412.6,111.55766666666666,2014Q2
2014-07,172.5709346284251,203.5214945014083,183.80282254250807,183.770377019886,169.160234773413,198.340755028079,187.838485840618,179.836240590801,99.454096302981,93.6580167782832,117.37,108.18,2526.99,107.18709677419355,2014Q3
2014-08,176.52640318571784,203.29867945652128,189.14432339012006,186.439174420301,170.3908433187,198.87701105022,191.196881174194,181.291495767032,101.187529806145,99.0194889213764,104.92,108.39,2263.28,102.25645161290322,2014Q3
2014-09,179.4287157324415,224.8133967592095,192.09716794251406,195.69073225982,174.324541998891,214.014303116476,187.000581400283,188.160507842168,105.170528531067,101.446631101453,118.2,103.35,2431.4,97.63033333333334,2014Q3
2014-10,186.27414163685083,231.7112287602878,183.38089663423688,201.327759620386,175.874804232207,210.610647264687,189.045100897081,185.750128526706,108.255715982219,97.8487094725832,120.76,105.62,2538.48,88.33387096774193,2014Q4
2014-11,171.0877950251056,206.14405062057335,187.2624380537353,184.844935344232,169.787998534944,216.487226147742,190.55857498413,184.969486450926,95.8557741752746,97.253617891956,108.62,110.69,2392.87,80.51413793103448,2014Q4
2014-12,158.2711011971597,164.13276707729798,206.25601817425365,165.540092535382,168.631285841616,178.150551378381,185.214376720339,177.522350122369,75.1784282873354,81.3654976300558,107.55,104.8,2243.13,63.381,2014Q4
2015-01,160.81596492521584,197.73656341951627,181.5168201049819,174.05451905166,167.669972905552,198.052686745197,185.746320506172,179.378905776808,91.6882214394082,95.0790784566676,127.16,102.56,2594.18,48.97387096774194,2015Q1
2015-02,154.53039568057113,172.9815540243868,180.16302861004007,162.445321078528,163.664621783775,188.138128279456,185.588392490881,175.984187915213,80.3535379035824,89.4918623580123,84.32,101.14,1696.39,56.48142857142857,2015Q1
2015-03,171.5656496441733,198.04986453045245,191.02075692914423,182.506986069808,167.993552371176,181.981643666692,189.667929765222,176.13885790798,91.6316277517642,87.2546317613479,104.44,99.67,2070.63,56.58806451612903,2015Q1
2015-04,156.29879946824278,174.20422163053252,170.51556613177667,166.024010332985,159.711457250301,177.146433145026,177.054481866553,170.671518474551,80.5868762494158,81.6162930222092,99.94,104.81,2083.69,58.47,2015Q2
2015-05,153.95672915309547,168.59669665751204,179.55483496503467,164.478682564426,154.092971172443,172.757191824902,182.600102111469,165.379751880242,78.1268075515732,78.9290404457689,85.96,108.55,1856.11,64.1558064516129,2015Q2
2015-06,152.93674830004747,148.2865810255675,187.75532185318886,157.187333402593,153.354660275998,153.984688080535,181.536623287563,158.546108945209,72.7495311616646,75.3890165160746,101.24,101.7,2048.14,61.733333333333334,2015Q2
2015-07,157.75604892718633,178.7968610817779,174.47344715412137,166.062966435896,154.340991315514,174.295784195392,178.723195894918,162.320918380425,82.8474948480807,77.2216009844729,122.58,98.75,2407.75,57.30129032258065,2015Q3
2015-08,159.16497008965058,162.0931921914951,177.24588025975444,160.436355681095,153.452503291199,158.934448927855,179.399877582195,155.739121611065,74.920281900896,73.3496959288038,92.87,99,1829.11,47.796129032258065,2015Q3
2015-09,154.53351736993866,150.57850245843068,186.13019358126695,154.961998883007,149.669419949952,143.365645087569,180.533223925158,148.78791650851,72.2941522006632,69.5205171786296,85.45,100.48,1707.95,47.907333333333334,2015Q3
2015-10,165.485264346983,158.08428889639316,169.73795555190324,162.520450088808,156.525631620643,147.251053431786,175.753281987844,152.244543767519,73.3807067271336,68.3143854198663,82.92,100.98,1665.56,48.35709677419355,2015Q4
2015-11,154.84546810317406,147.40064260141375,169.96025691751274,152.965036787592,152.156606874376,150.861467177049,172.336470574384,150.867996055778,68.6039036859192,67.6189934574964,84.04,100.12,1673.81,44.711666666666666,2015Q4
2015-12,137.90319010572955,96.27745123565283,202.18616098959015,129.5478364236,147.124490434218,104.810395934754,180.780833444162,138.916964176705,50.2228943116303,54.1896243911689,82.43,102.92,1687.6,38.50677419354839,2015Q4
2016-01,138.1506415098408,146.34322340447363,171.0832742609997,140.595378322901,146.586368135402,150.12674719307,175.721272750875,147.232288159304,67.0347850427614,71.7000741578715,101.69,94.92,1933.14,31.384193548387096,2016Q1
2016-02,142.9738055890185,124.05338366963355,170.73009062411197,135.029751588726,148.019827303487,127.362081471916,174.67844116904,140.218425096357,57.0150691514438,60.6101696923471,60.57,99.23,1203.72,32.038620689655176,2016Q1
2016-03,147.08050034358254,147.7068987002255,178.64105772240794,146.125572288373,145.675225263889,139.763628131134,176.684502619579,144.532582144338,66.1082439242604,63.0943699861798,80.77,93.76,1516.76,38.218387096774194,2016Q1
2016-04,142.5382386636235,131.19442731556225,169.7883908076129,138.708134670052,143.930542361504,131.428504392718,177.928154895564,142.228338332339,59.8496512611039,61.3442857316786,63.09,104.28,1317.81,40.78966666666667,2016Q2
2016-05,148.502807189424,124.02925580772389,171.92849880822735,141.152892753214,148.129021374269,123.792933448095,175.137034771959,141.961366109536,62.4899981226022,61.7027831025824,76.04,93.29,1420.82,46.56677419354839,2016Q2
2016-06,143.0830769330045,169.1863121874322,178.31760473577486,155.605634876733,143.584202713879,175.892815541354,172.443990145538,158.674435258125,79.6923428527339,82.5470571774292,147.91,90.12,2669.53,48.513333333333335,2016Q2
2016-07,140.5975859081971,127.70499488384411,167.95379142745344,140.378011289379,139.089807915947,131.791449556347,173.767044276144,141.510270469978,65.7766420598155,64.260242548609,85.71,100.91,1732.25,45.37290322580645,2016Q3
2016-08,144.57548830852747,135.95599918264588,168.12220598207983,146.551672193899,136.694806513097,124.850974431484,168.434527379284,137.422250264142,61.4989932818084,56.5312003837199,70.77,97.39,1380.41,45.31,2016Q3
2016-09,137.00388955359762,132.62437585264152,180.7637668421226,143.540392416726,132.092423154,126.284191590806,175.088984867396,137.08607246588,59.4153969537321,57.0599456004719,62.53,97.8,1224.9,46.54066666666667,2016Q3
2016-10,134.92468572398312,137.07878223975126,163.91648046707118,142.557097785894,127.763058262561,131.411680567932,169.706350100342,134.589623803601,61.1056658042434,58.3606102431519,65.77,96.28,1268.19,49.48516129032258,2016Q4
2016-11,135.21399635566792,118.03033673807748,171.67063936699725,136.654822390572,131.281864111518,117.496903211708,173.01206768058,131.629632668166,63.6182629633556,60.9321838279426,64.24,100.81,1297.1,44.765,2016Q4
2016-12,122.03922174538938,120.90682483287075,194.81654096255303,131.799362223537,131.295096907551,136.733516255227,174.09208792231,141.978333728234,54.1052299791606,59.8082138995611,76.8,91.24,1403.39,52.56258064516129,2016Q4
2017-01,122.1298367068892,129.236729646775,172.01598284962475,129.988174014955,129.366731050044,128.764484896208,175.141732216401,134.560675436209,59.4355039320562,62.3035808729696,70.59,90.47,1272.53,54.52129032258065,2017Q1
2017-02,124.58642240485985,125.9766597067665,172.68473696782348,129.188444094932,133.038101350077,132.32674355359,177.644622898128,139.509466159015,57.4666065173805,63.8776232511895,52.67,97.25,1020.58,54.902857142857144,2017Q1
2017-03,131.43912010540885,147.05292172369073,175.43737638878383,140.246421790116,127.599038720897,133.06698288045,173.551598520395,135.652080704778,66.6996650061271,60.7846457301493,72.82,101.81,1477.18,51.63870967741936,2017Q1
2017-04,120.6018959566626,122.89276632819444,165.82722501634137,126.036832664451,126.610762500652,135.550127924351,175.808044682408,135.008556194412,55.8273179135487,62.478497275066204,61.92,96.43,1189.55,52.37413793103448,2017Q2
2017-05,127.05109756210959,145.78229935293638,173.360619920313,138.715218898083,125.776346563,140.4946158213,176.766046539607,135.621245870033,66.1935650339789,63.6506849706354,67.47,93.71,1259.82,50.41258064516129,2017Q2
2017-06,127.18424444451924,137.49270004613766,187.4481020354305,137.429473037464,127.941860697065,142.823924097567,183.043643699469,139.003623535554,62.5982553403357,64.8697827574105,69.74,96.78,1344.63,46.557,2017Q2
2017-07,129.39090165252597,133.4726750696977,176.67584500245312,135.435573888698,127.355182972972,137.38864738049,181.897695317301,135.107874341885,66.5879498081169,64.6021751806287,78.05,90.81,1412.25,48.266451612903225,2017Q3
2017-08,134.43929364804495,157.93996013797033,185.64405585228033,147.506782977283,126.535880803591,144.713487524392,185.837041864373,137.265466339477,71.7407476471579,65.5568597719611,81.29,96.06,1555.84,51.60935483870968,2017Q3
2017-09,129.52856016694963,154.31590597322625,178.4816070250269,143.449451834019,125.398726196662,151.290828373479,174.080099592767,138.909358618639,70.6604191038118,69.724366996702,93.62,88.06,1642.6,55.785,2017Q3
2017-10,133.14546244353423,158.7498789062545,179.8097259003503,148.415384433472,125.131927346388,147.558751227438,183.041858406303,138.830605972322,72.940452285858,67.3723633844079,87.16,96.37,1673.6,57.30774193548387,2017Q4
2017-11,129.3684985176415,153.3297562508139,182.14094450838556,144.853480983692,125.587199261604,153.151356545684,182.887913671969,140.035004627922,70.4340375563072,67.4725481842429,79.99,95.14,1516.26,62.57833333333333,2017Q4
2017-12,120.66834514735916,132.52317895627831,200.65965213912364,133.991717482838,130.275504057288,155.279259895751,180.860369491625,145.165176199756,61.2832376074499,69.4229168726288,82.99,92.98,1537.46,64.37466666666667,2017Q4
2018-01,119.0690364298557,140.58061792427438,178.14429568794662,131.553689842959,124.667423147375,136.916512852882,179.223334464798,132.841101436626,66.2365615890996,67.9345087403362,77.53,97.14,1508.49,68.92516129032258,2018Q1
2018-02,118.59441331882705,164.03031649402618,174.7474217367604,138.476065089825,127.383084731332,168.084181552022,178.92221622075,146.515782601666,64.0655671780869,71.1239695290286,68.95,98.92,1366.08,65.4562962962963,2018Q1
2018-03,127.54965395391527,155.4079390599458,187.01136035528555,142.779755067217,128.73952788812,154.970591942759,186.531994723364,144.325508861709,73.2688568835215,72.8667695867156,80.24,103.83,1668.81,66.01423076923076,2018Q1
2018-04,126.29222015044705,154.38074998430938,173.38093308653941,142.968747764285,128.410286819255,157.883171309034,183.603488925443,147.563697228119,72.7669762581636,75.4975539561688,86.68,107.33,1863.44,71.91333333333333,2018Q2
2018-05,116.36439777893104,138.85561358336838,178.28818970165014,133.221160186933,115.623583589908,133.146917748915,182.766311722087,131.250388453167,65.7730162232209,63.3315371949609,77.69,99.47,1547.86,76.78730769230769,2018Q2
2018-06,124.48497970969076,150.83492352120703,190.54790239474644,141.873557848778,126.669768360794,161.019780659296,189.336870608482,147.685835818714,71.0021651761373,76.0223128754675,88.44,100.66,1783.09,74.40884615384616,2018Q2
2018-07,130.64194957877,218.25760463269293,182.24400224103337,163.548638001883,126.523915389293,218.873360859723,186.040296447068,161.040031614448,92.0405575684985,86.8004185056766,163.32,98.12,3209.82,74.33423076923077,2018Q3
2018-08,132.86185406722907,206.7029164343491,184.7578935470192,159.921294530071,124.702960132085,188.548329240946,184.520861841826,148.613591327048,104.576779456869,95.1497783503023,207.24,94.05,3903.97,72.3711111111111,2018Q3
2018-09,130.21168841481872,151.84637967683605,190.20759527522227,142.226026068052,126.70127674326,152.105677595869,187.587661442824,139.426045758504,70.9963415403969,71.6897227362804,83.16,100.61,1675.89,78.738,2018Q3
2018-10,134.30387054952456,171.84217959256273,188.34059741284128,155.21556184054,124.983719153684,156.026323616618,188.322091517909,143.956701427535,80.9573291912792,72.2034676840954,99.05,97.75,1939.21,81.505,2018Q4
2018-11,127.1623530283835,187.99352988451875,185.72370289213424,158.253320786961,123.636164584349,187.986196066661,185.24209075294,154.25358938267,74.4522936123865,71.42161894346,89.8,98,1762.77,65.68923076923078,2018Q4
2018-12,119.19933431497452,119.76105637243141,212.6284105015175,131.818183072492,128.807252632222,140.225208350108,193.508667107304,142.988118089795,55.7732164216604,62.6652417887442,77.89,104.1,1624,57.38227272727273,2018Q4
2019-01,122.44926753007695,162.72086499083707,191.40594135419997,143.091841768616,127.560486238543,160.550810114651,191.162357550606,146.010800489437,90.8268011746772,93.6782768867892,190.25,99.51,3742.19,59.09230769230769,2019Q1
2019-02,122.24851783761167,160.99181636557017,191.4987655983672,140.961915698952,128.431383029881,146.948775005233,194.840088852729,141.956114139612,73.952218315679,74.4029087222511,77.34,96.66,1477.52,63.705652173913045,2019Q1
2019-03,126.3587149329766,152.9664396820336,194.84225800824638,140.958311332437,129.567517011978,164.870073569853,195.698547115519,148.104101870953,70.0531350148493,75.4785120768499,89.08,96.38,1696.99,66.13857142857142,2019Q1
2019-04,128.61291373524946,158.68672987708186,188.32603294863682,145.55003704431,132.686002259492,167.838363803148,198.496178109413,151.78533952977,71.4373049877832,76.0768009253169,87.48,98.67,1706.13,71.2595,2019Q2
2019-05,132.61154499120332,177.71140549930232,198.41786207496378,156.798264851799,132.106225291028,169.168290155012,204.080037203865,152.243359325785,80.5011318675038,77.4531704532566,103.19,93.07,1898.48,71.17260869565217,2019Q2
2019-06,127.84472244151284,156.58360910047668,197.97409212635415,146.614869903897,131.474803873938,172.573292745527,200.221053155398,154.768129144446,70.483150551638,78.2447166577321,96.85,93.08,1782,64.17,2019Q2
2019-07,138.71431620918136,184.82368496603684,197.18454404823333,161.372811275359,132.709970637644,180.933086809273,199.381579936398,157.229914955585,84.6824589864728,78.2053751276291,132.37,93.96,2458.54,63.91913043478261,2019Q3
2019-08,139.7519156246515,191.48712838560425,200.61650251477232,164.232366120665,132.555515341965,180.130063559694,201.163778904916,156.457832248993,95.9590056474313,89.5489826699646,169.58,103.33,3463.34,59.04181818181818,2019Q3
2019-09,141.1172258287964,185.3627334233963,198.6912285286162,162.741487703975,135.906949378818,178.2965588535,196.463228957207,157.765838095421,76.1154890826468,74.1637316341243,97.07,93.2,1788.29,62.82666666666667,2019Q3
2019-10,141.76946863209068,191.08939875682293,197.4936336446348,165.879293731755,131.681158753436,174.058008207266,194.899219286069,153.808724355462,85.810525937344,76.1558759773738,116.29,92.23,2119.87,59.71304347826087,2019Q4
2019-11,136.56761492007118,157.5795599226164,197.43290356267943,151.07025683446,134.768716630207,160.919646615913,196.375698369895,149.02854905399,69.9165194082838,68.864007255933,98.01,96.52,1869.8,63.21190476190476,2019Q4
2019-12,121.22838871555312,122.46576483272405,223.8114028765099,132.712842033781,130.259516647218,138.649861001414,204.999461609839,141.654562190553,54.285644373406,58.864756120773,91.89,91.94,1670.02,67.1285,2019Q4
2020-01,129.3309126397916,197.75688393983125,195.10397567895643,159.712248626183,134.030565739019,198.229966604539,193.673884230719,165.055201880999,91.3432367092467,94.545790722398,212.3,93.14,3970.95,63.64545454545454,2020Q1
2020-02,127.79712427908936,176.66582330272786,188.35946106936169,151.437311414691,135.478113229534,174.321055864163,190.359355180274,158.886345791088,81.6322911517692,89.839373963686,143.84,90.77,2621.94,55.702,2020Q1
2020-03,125.92673026619835,152.540188800105,180.39310559667612,143.640836359128,125.152027242746,144.746256727301,180.767535957048,142.531034427914,69.8515203930849,66.0258690659081,98.22,100.91,1990.29,32.01,2020Q1
2020-04,97.48106569309135,77.24792598075601,150.18294897785444,100.273214070675,101.253781997716,82.7065527849436,160.517358401548,105.364053506782,36.3599272978466,38.9431408310759,65.81,94.15,1244.38,18.466666666666665,2020Q2
2020-05,115.22507897088768,163.53562564440477,180.9261307307254,149.020699884731,117.351331678651,164.672495615718,188.967493027666,148.830201102649,47.7144349338725,48.516774051533,67.02,95.46,1284.81,29.599999999999998,2020Q2
2020-06,125.61347014155447,116.51591237694063,184.99014483922497,134.422345144597,126.857922338305,120.925842248211,187.955078574769,138.168887390569,53.0059608313988,55.6594462559241,69.54,103.53,1445.63,40.26681818181818,2020Q2
2020-07,137.19361523215392,142.22166033731185,193.21881720584304,145.129766975405,130.433324985022,139.530628023983,194.766770488685,141.646327777923,65.9914504496271,61.4973816063439,81.28,94.36,1540.07,43.24217391304348,2020Q3
2020-08,143.54872337920676,145.13979447430137,197.93022767998983,145.862671079748,137.273754601673,140.473242078362,199.254134300461,141.877431171006,67.3843899523671,64.6817659664288,74.72,95.63,1434.98,44.736,2020Q3
2020-09,150.4616428281048,161.23935431385618,204.95531517361985,154.284014844852,144.122389457165,148.925030260372,203.296096222719,147.126438451071,75.2510246167236,70.7518694761578,101.36,92.64,1885.7,40.7396,2020Q3
2020-10,150.9222586314252,163.9996251557692,212.40035299419034,157.697940550068,141.068613476736,154.48101200696,208.937302768288,147.413891421054,77.392839550307,70.5268082574737,89.93,91.4,1650.67,40.18954545454545,2020Q4
2020-11,145.10045041806944,166.6248135640824,212.36600196167177,154.961736860754,143.655496652192,168.724459749104,209.836028578617,151.614046661038,78.3642980301667,77.1287725995479,99.09,93.48,1860.01,42.69238095238095,2020Q4
2020-12,141.03623321992592,255.03091062849396,236.71998649334805,183.88684778918,150.171863783776,277.987599437546,218.554608421017,191.082934917909,86.9025738597454,91.1301341968001,186.67,87.25,3270.81,49.845263157894735,2020Q4
2021-01,139.05269772107135,199.14998859974324,237.50259181021417,157.65113025717,145.884855013127,216.12039325811,236.969745570125,166.862388588578,77.9519673922755,85.9426200113524,121.2,87.49,2109.82,54.774,2021Q1
2021-02,134.81571629682577,180.71868510850652,234.3533898910748,147.958166661217,145.534795051847,181.81879807493,236.001655144458,158.631651555237,71.9925446560858,80.9115661065589,96.31,86.81,1663.63,62.2765,2021Q1
2021-03,150.32394022441207,301.8557515965832,233.21636284470125,202.314668581604,148.518798051384,276.074457025608,232.883927219664,195.379619756189,84.6826243936711,79.7524962476085,118.46,90.77,2140.65,65.41,2021Q1
2021-04,143.3873595025931,153.41343239910213,189.86361224854943,149.96762755561,146.74176490624,165.770953356426,199.350754237709,157.008083190833,76.402185742565,79.5142952904819,104.04,95.77,1982.47,64.76095238095238,2021Q2
2021-05,144.68960976770416,155.52626058648366,220.16296587990217,159.853554837169,146.657414485557,156.481222855606,228.745679638092,158.652607790501,76.7609075439323,77.6948987498842,104.98,93.86,1960.52,68.51333333333334,2021Q2
2021-06,150.03884784307377,185.2912422270644,223.108549270417,176.161381907225,151.22675554802,191.923410826914,228.131463871621,180.590960618665,73.7977522200122,77.1957091357546,100.17,94.71,1887.72,73.1640909090909,2021Q2
2021-07,156.75321563680598,156.4040710898458,238.19974790153205,166.642252601271,150.638296171494,157.744801249104,239.797135527603,164.931623683406,78.355022004162,75.7664137525346,105.37,94.46,1980.45,75.1659090909091,2021Q3
2021-08,155.67310928167697,171.8617685718829,241.45613896247067,171.619033285442,147.689138399938,161.759439277623,242.163852064214,165.365605412357,77.5245473781188,72.5203002971252,103.21,96.33,1978.23,70.74714285714286,2021Q3
2021-09,154.0967676459744,172.3661041692473,244.79128575495758,172.899170513288,148.321251519904,157.876647823289,244.184722332315,165.354863504241,76.5364802851874,71.3782535513424,110.27,98.81,2168.07,74.48863636363636,2021Q3
2021-10,158.9941509421286,153.0285756748653,253.924201858924,172.606132549898,149.526314978607,148.152915689075,250.52401289646,164.31349009497,76.4583079820821,71.9171994955073,103.65,93.46,1927.48,83.53809523809524,2021Q4
2021-11,150.37144358227738,154.97536053548797,262.13881774823807,171.215641684072,147.894703436902,151.25986033653,257.660187995687,165.897479685993,77.1269521390316,73.7083298167898,112.17,97.1,2168.21,81.05,2021Q4
2021-12,140.04148352438483,146.27295697202464,260.68754028995363,161.230139166033,150.592704836331,158.188578472384,244.163431462407,168.21681581904,73.1551660306789,76.9359026087226,133.79,90.17,2400.62,74.21909090909091,2021Q4
2022-01,147.00405739105216,137.09942538544118,245.4763124956583,155.417491859304,154.082122815539,151.980642988929,244.43324327783,164.444597766718,67.5222527832747,74.7906053268826,104.33,90.71,1881.61,86.5052380952381,2022Q1
2022-02,144.49029567567652,142.42412461718837,243.486315257307,154.101223096177,154.68030314045,141.491979174742,244.180778603253,162.813427659713,69.4634275634516,76.5507673448915,100.27,96.6,1925.98,97.129,2022Q1
2022-03,154.93280180290256,167.48872576460832,246.4528285893089,168.388097144526,153.581385829225,155.034949374931,246.340660815523,162.163268773571,80.6753450240618,74.7546426403908,118.17,99.37,2334.92,117.24521739130435,2022Q1
2022-04,155.7605961463359,145.1738085878366,235.8096543259447,157.860794518831,159.918814332939,163.265499983112,244.854267623487,167.735406209265,69.0416913771424,76.5824785717737,99.27,106.06,2093.35,104.888,2022Q2
2022-05,160.50048948343175,169.22386330367462,257.1772440928273,171.80410475559,161.155648279874,166.406451886533,265.361132293532,168.451878122401,80.0967429950251,78.4579156314581,112.86,102.77,2306.17,113.11136363636363,2022Q2
2022-06,157.09522759031913,158.32202621182958,262.2989258193626,166.01127312558,158.068423042477,162.599005767677,268.531154772224,169.551039268333,74.8079426395277,77.0828840610546,105.48,102.03,2139.87,122.71095238095238,2022Q2
2022-07,163.66714687428353,164.66667808308011,271.37592121552416,172.643687661213,158.214291340411,170.425670572884,273.150605133369,173.676141605785,77.2398080226458,77.330358868377,114.05,96.61,2190.74,111.92571428571429,2022Q3
2022-08,166.32265760822997,185.68114109887264,271.99731734564125,182.404850235027,156.821336255686,169.384263324274,271.747518759463,173.889929738656,86.9569201172272,79.4933058848686,136.7,97.66,2654,100.44636363636364,2022Q3
2022-09,161.3339630191257,190.93463454791387,274.59954641929176,182.041601603747,156.17522976139,173.005901028117,274.707816842222,173.73405985556,84.5070981055269,78.1994759194977,131.02,99.86,2600.8,89.74954545454545,2022Q3
2022-10,170.90497579286156,184.9271972165572,300.57196477637876,186.026103797183,160.997582938266,178.464939481277,297.177944461381,176.262399142619,86.527224335968,81.7574432588952,141.61,97.93,2757.43,93.33190476190477,2022Q4
2022-11,158.92353041028096,178.14258535159618,296.31707796980635,177.133560246047,156.514244707166,173.395089871486,291.267992377009,171.248813528288,82.8121123151101,79.3352563901544,134.19,99.46,2653.62,91.41545454545455,2022Q4
2022-12,143.00208203970777,148.75529600422655,297.4108693880814,158.18585895677,155.864454095656,165.453345650713,283.416938984678,167.635532429091,69.7424052266909,76.1649569506596,125.09,102.18,2541.36,80.99666666666667,2022Q4
2023-01,149.17065135777963,138.52203609023334,287.0662642501875,156.519748556565,155.523225839585,152.641182654338,285.065460013447,164.4839293936,65.5949558672742,71.301796618057793,116.41,99.78,2308.63,82.535,2023Q1
2023-02,145.90182182766856,125.96712292889634,288.21140717560013,150.301798246262,156.80771191345,129.339887529696,288.360714135816,162.271983605043,63.0026449086736,71.4169338826737,100.91,102.4,2053.85,82.585,2023Q1
2023-03,160.93298595662569,175.27975855013565,286.90914745722836,178.016682497181,158.460455741111,157.199510539727,286.386512415511,169.413047201359,81.3539118803573,72.642153169425,124.53,106.54,2637.14,78.43434782608696,2023Q1
2023-04,152.87568789037115,124.51042185046441,280.2856624808641,151.995926220406,157.839433393402,144.390182354364,288.854802461565,164.384458273721,61.6571381010446,70.28967888059,105.52,105.26,2207.63,84.73947368421052,2023Q2
2023-05,164.6016182006526,164.74728760552972,279.54653349246456,173.478048548689,163.83163274529,158.584246945071,287.375202422601,168.618705422955,76.0548999397288,72.2985903604816,130.95,103.59,2696.14,75.466,2023Q2
2023-06,156.19995242540375,151.9355585743081,274.78698492304085,162.532432430904,157.179762405455,154.719499050077,281.714908663584,164.526990403326,70.1500342986917,71.0410064466332,125.3,102.46,2551.77,74.83909090909091,2023Q2
2023-07,161.6026196330609,150.0368609497879,275.98018884047946,162.732087205251,155.898065690957,154.206551424729,277.067139394628,162.526734998673,69.1784172049366,69.4399701120542,118.22,105.24,2472.94,79.90869565217392,2023Q3
2023-08,165.55520685731358,166.95515216836614,274.5233249164888,171.532483325805,155.865706414202,152.331965804648,274.08285213128,162.551898111521,76.6728138724269,70.3233411892203,127,102.67,2591.83,86.14772727272728,2023Q3
2023-09,157.40424774203018,158.90828953530738,268.8288477798457,166.074926068948,153.789485137052,147.395131292941,270.006078893088,159.884086589808,73.7892215795982,70.0382270264982,122.27,101.71,2472.53,93.905,2023Q3
2023-10,166.9989910606576,156.74217102561147,275.1584933484144,174.42983908786,155.69699518541,145.71847200716,271.243518328419,162.662566045059,71.8632686983941,66.1426600116892,116.62,106.12,2459.81,90.77571428571429,2023Q4
2023-11,154.66256700651084,151.6382102939875,281.8424346821615,169.140951487687,152.12312085404,147.093745693503,276.861597021187,163.777628838839,70.6634311018968,67.8863331057528,120.85,102.54,2462.97,82.1678947368421,2023Q4
2023-12,141.8138572958209,129.81885882248304,290.4294838873863,154.732816924456,156.460255024391,150.251471814625,278.586323159651,167.445607816104,61.4674628116735,70.0428614072641,124.07,107.95,2662.19,77.761,2023Q4
2024-01,154.32575858826834,141.26781411361574,285.19329158762616,164.023879166932,160.210182198087,153.465462199862,282.41692048594,169.529821263118,68.0533621780922,72.645423843487,129.24,100.84,2594.82,80.12409090909091,2024Q1
2024-02,150.03166767796665,142.35329542438734,289.3516226193213,161.204485863233,156.998517726931,140.96685881311,287.62957133356,166.208620900091,69.2239898550239,75.3047052249773,114.52,100.2,2284.75,83.47809523809524,2024Q1
2024-03,157.5357932611041,163.75185976358728,293.1751745330778,172.056877469835,160.192456785096,164.022513307213,294.162570024424,172.920704236791,79.8688844992748,78.7688911885013,147.03,99.66,2917.37,85.4085,2024Q1
2024-04,161.75473045686178,160.83039865205598,296.6624951343509,170.534274341917,161.058914155948,165.937754960177,302.475444919873,174.022726780811,78.4707879827421,79.8725222859251,136.16,104.83,2841.98,89.93809523809524,2024Q2
2024-05,160.15211734469528,163.0072532992379,298.54576445186206,169.321255181544,159.295200978425,158.261929646059,306.470590446436,167.17820685801,80.0857491394,76.2515748958875,136.26,105.75,2869.04,81.74619047619048,2024Q2
2024-06,163.56415552177128,169.94198171412816,302.30485919817613,173.678517576547,167.088766105778,182.226051518135,311.379770425273,181.872761861178,84.0282388786844,88.5941338260777,151.4,99.88,3011.38,82.246,2024Q2
2024-07,172.44588520746504,174.05167610447842,315.0620542041666,181.514693616909,164.241416439004,167.198198159375,314.055785746354,176.491798660105,85.8723608368942,81.2396105707854,164.59,96.98,3178.13,85.15304347826087,2024Q3
2024-08,174.77855365362976,174.62283515716732,317.5624202268172,184.353574200994,166.255247796534,163.91548344633,317.530723211724,177.894288011997,85.9363095280608,81.3167632604865,164.45,101.9,3336.27,80.3552380952381,2024Q3
2024-09,169.47701294784395,179.98987480689127,318.39928668031905,185.86380518209,165.830273092315,166.029214182631,319.571435206568,179.127608827899,89.4577505905875,84.8463109788855,167.59,100.77,3362.4,74.01666666666667,2024Q3
2024-10,177.5087549689631,186.57326338656503,322.12198200265914,195.010743837497,165.127523454878,167.593530443512,317.968646366351,180.619468762624,92.2599458555962,82.6508101893539,171.25,95.22,3267.48,75.63260869565218,2024Q4
2024-11,169.50857487951376,164.68554962386756,323.5238174104434,182.963088931051,167.884114851374,165.050205740764,319.571746902386,181.711163978858,81.8455174109546,81.2819023603375,148.41,97.82,2916.86,74.34523809523809,2024Q4
2024-12,149.53875714996647,149.29456832446917,320.6251129920346,166.221557431454,163.103262607545,169.808093290022,308.80358514084,179.292944758522,74.2694663284869,83.3284723308084,161.41,97.99,3173.31,73.84,2024Q4
2025-01,157.13210045982413,155.3392510246954,321.6982254589417,171.103150102451,163.36539252319,170.141270298962,318.887469427135,177.531260246714,78.3312574982701,84.2946369129791,161.22,91.01,2923.51,79.27045454545454,2025Q1
2025-02,159.8866609930514,209.24411581001172,318.5443213469844,194.325063496754,167.051711401107,196.713806357741,317.640499158892,196.684900884613,105.590655231042,108.506996326175,288.7,96.53,5554.45,75.438,2025Q1
2025-03,163.92220292563968,159.2584058048469,318.5443213469844,176.639615000796,166.606759676263,166.058675768378,319.484401914999,179.693929868674,80.0998792579042,82.0934940067332,155.24,98.62,3050.81,72.73285714285714,2025Q1
2025-04,162.14196057032984,155.0220809360526,313.8134650672057,175.949857937212,164.685927770825,167.827149120599,319.17822093268,182.668066948788,77.6156809848563,82.8996774000169,147.66,103.79,3054.46,68.1345,2025Q2
2025-05,165.78713888384104,164.6022640312914,307.50565684328944,181.645123069881,166.236426484047,165.536977584601,316.413385124495,180.86938067756,82.4010445163572,81.0891101637984,148.69,103.5,3066.84,64.453,2025Q2
2025-06,161.12985345151324,163.10816414720168,305.92870467547533,177.035850292905,163.639312746102,168.78761246522,314.575028086396,180.433290873652,82.1760903176928,83.3003436384651,163.98,102.51,3349.73,71.4447619047619,2025Q2
2025-07,173.38747082613062,171.36833739201415,325.4829105722297,184.632082063258,165.288573617897,164.193644898216,324.301627249485,178.988306519582,85.4074754210414,80.6469540495206,174.66,103.25,3593.89,71.04130434782608,2025Q3
2025-08,172.05661024878057,163.08379032997533,329.58298607434676,178.763714359838,164.545447188693,158.053107816064,329.900672393499,175.391077482065,80.8684507484659,78.8944415014214,147.95,101.42,2990.19,67.87,2025Q3
2025-09,171.23023512331616,220.5572377364749,331.1599380184899,201.144083576906,166.113197173367,196.872554709235,331.17747071769,190.830646698353,110.302399476582,101.478819968468,291.44,100.04,5809.55,67.98545454545454,2025Q3
2025-10,177.0570595996315,187.75374398251256,337.46774646607713,192.041446409163,164.855303595495,168.330010042594,333.673463055556,178.380736217192,93.070784800635,83.555556163563807,185.28,97.35,3600.69,64.54347826086956,2025Q4
2025-11,166.7226623528438,161.75836785105332,336.8369656884229,177.352664304866,165.904153789771,167.334957095173,333.885834228365,179.226042308108,80.4348238788143,82.4775388943347,169.75,104.27,3536.71,63.797,2025Q4
2025-12,140.38704408392542,142.4375668433464,337.46774646608077,157.816941185973,152.673778869361,158.71729246588,325.293306182186,168.889827274698,71.0214616131756,78.0978594169626,179.75,102.99,3707.26,62.544285714285714,2025Q4
2026-01,155.5144743457583,139.13606664139053,344.2376379383037,166.311495398633,163.312445352087,157.049285463813,342.133371521348,175.914164543555,70.2968998068745,77.9716277517707,153.97,96.19,2955.54,66.60238095238095,2026Q1
2026-02,153.54281481347167,181.4146197059759,346.58240138752916,182.500490929829,163.669466767525,186.568054854575,345.619046434856,193.150425414554,93.3522407986594,105.978615424884,288.49,94.84,5459.88,70.887,2026Q1
2026-03,163.20286867930878,175.24679427245732,345.4955754042194,185.73679827153,161.414637192552,161.651088124039,345.338084439831,175.950882041891,89.5408040407975,82.4584562261628,198.52,97.47,3861.15,103.13454545454546,2026Q1
2026-04,158.74393583249804,151.45647875961535,340.2752454925326,175.776874526064,161.655918545405,163.267383771471,345.681584151718,179.029690905513,77.0830763187564,79.9512503233547,164.13,96.64,3165.13,117.2875,2026Q2
2026-05,159.77695227325648,154.37691380522173,339.69761061294116,177.890155195627,161.593207014504,160.917892291668,349.718032083615,176.588296102989,79.063475330084,80.4700849898775,157.82,102.42,3225.57,107.13947368421053,2026Q2
2026-06,,,,,,,,,83.5507007936494,81.6909516603519,174.33,101.79,3541.12,85.39909090909092,2026Q2
2026-07,,,,,,,,,,,,,,83.75869565217391,2026Q3
2026-08,,,,,,,,,,,,,,91.07600000000001,2026Q3
2026-09,,,,,,,,,,,,,,112.955,2026Q3
