trimestre,fbcf_me,fbcf_me_l10,fbcf_constr,fbcf_constr_l10,fbcf_outros,fbcf_outros_l10,fbcf_total,fbcf_total_l10,ca_bk_sa,ca_bk_sa_l10,pim_bk,pim_bk_l10,imp_bk_quantum,imp_bk_quantum_l10,imp_bk_real,imp_bk_real_l10,bndes_priv,bndes_priv_l10,bndes_total,bndes_total_l10,fbcf_cnt_vol,fbcf_cnt_vol_l10,pvd_diss,pvd_diss_l10,pib_vol_sa,pib_vol_sa_l10,pib_cresc,pib_acel,selic_fim,selic_media,ipca_tri,cambio_real,cambio_real_l10,icbr_usd,icbr_usd_l10,brent_usd,brent_usd_l10,fbcf_real_rs_bi,fbcf_real_rs_bi_l10,pib_real_rs_bi,pib_real_rs_bi_l10
2002Q1,93.4675215282037,1.9706607266856988,102.40495369112033,2.0103209655136722,111.507758309938,2.0473050850880106,101.27263970000034,2.005492130135451,54.4004521727872,1.7356025095388088,65.56565333333333,1.8166763931232768,38.3064769123397,1.5832722112916529,18.6688302594824,1.271117107034934,31.5284461134645,1.4987025669744343,31.8405816370151,1.502980992465096,101.3,2.0056094453602804,88.10443957005579,1.944997793,114.94,2.060471192797679,0.02487739634418173,0.027811251251720782,18.5,18.86111111111111,1.4871632320000217,109.84666666666666,2.0407868826471756,57.693333333333335,1.7611256318070243,21.129661616161616,1.3248925420399844,300.4460797066262,2.477766541606414,1881.3899473590855,3.274478819173267
2002Q2,96.17461397478628,1.9830604518132005,118.19164304901666,2.0725867700646496,108.56250690848832,2.0356798634279567,103.63406189999968,2.0155025205049766,54.81534513215493,1.7389021528880444,65.02368333333334,1.8130715669139357,34.0175519832254,1.5317030571181087,15.9095974387692,1.2016591908135825,33.6157409161604,1.5265426878725779,34.2878148559219,1.5351398086420909,103.62,2.0154435879511023,90.6777265364492,1.957500623,115.2,2.061452479087193,0.00226204976509492,-0.02261534657908681,18.5,18.5,1.435929056000007,114.32666666666668,2.0581475412913854,55.74333333333333,1.7461929350444723,25.10736954640959,1.3998012148507053,307.33263586678856,2.487608680738906,1885.6026613156741,3.275450182474422
2002Q3,92.93490334989616,1.9681788516191883,118.40641680956334,2.0733752387844615,108.49220802531168,2.035398548017468,105.2480224,2.0222139442337266,52.74799073967554,1.7222059212722702,63.36219333333333,1.8018302022947699,34.3608536800334,1.5360639451453002,19.9120249468854,1.2991154277090082,42.8746627390657,1.632200716814353,42.4194504474776,1.6275650378445228,105.24,2.0221808394136653,87.62371578653276,1.942621666,116.8,2.067442842776381,0.01388888888888884,0.01162683912379392,18,18.092391304347824,2.581038692000015,143.84666666666666,2.157899802513825,59.943333333333335,1.7777408895609406,26.822824372759857,1.428504505988466,312.14760884253366,2.4943600124357515,1911.926188054453,3.2814711218629777
2002Q4,88.3218295396664,1.9460680566572257,120.79148020626332,2.082036303242949,118.39456953898768,2.07333178284857,107.49245310000032,2.0313779740927425,49.411510080627565,1.69382812670185,62.78088,1.7978273989152431,27.3413352696549,1.4368197204030706,18.1068534072597,1.2578429855655349,33.7312276047443,1.5280321470671967,33.9860252376008,1.5313003755770012,107.47,2.031287248876998,83.19351499745436,1.920089474,117.99,2.0718452011294093,0.01018835616438362,-0.003700532724505219,25,21.41304347826087,6.561322802000014,162.66333333333333,2.2112896677147758,64.36,1.808616035426992,26.68165668202765,1.426212791718487,318.7560817993174,2.503458479768869,1931.426776411049,3.2858782479696167
2003Q1,89.4891994896188,1.9517706231918357,111.896415227206,2.048816173463283,105.3609128440378,2.0226795246854192,104.30925720000069,2.0183228527455586,50.7215657727558,1.7051926517343183,63.60752333333333,1.803508485914423,26.1084164922384,1.4167805321240672,16.5223331241717,1.2180713741834188,24.8018205860876,1.394483561530702,25.020658492198,1.3982987352440814,104.36,2.018534070428183,84.39061172870102,1.926294135,117.47,2.069926968752472,-0.00440715314857187,-0.014595509312955491,26.5,25.822222222222223,5.132745497500002,154.13333333333333,2.18789657069281,67.66,1.8303319934519617,31.60466086657132,1.4997511344971333,309.52789442286024,2.4906997934144166,1922.8884814477403,3.2839540979169715
2003Q2,84.45049040656053,1.9266021758755856,105.96036769533866,2.0251434566823803,125.393930401435,2.098276515306821,97.04610577000028,1.986978112866757,48.25910132385054,1.68357923025974,61.84384333333333,1.7912964713144204,25.9070685274337,1.4134182738740637,13.5200360905445,1.130977850917999,26.4828841520418,1.4229652807339694,26.6120633614175,1.4250785487993096,97.03,1.9869060313807212,79.60222461859898,1.900925205,116.48,2.0662513619689618,-0.00842768366391411,-0.00402053051534224,26,26.43956043956044,1.4335381245,133.81666666666666,2.1265102075318807,66.98333333333333,1.8259667558083912,26.150849462365592,1.417485800691863,287.78107552201624,2.4590622313428057,1906.6896948321285,3.280280019324128
2003Q3,87.64944573525534,1.9427491741105758,102.77444926363634,2.0118851582093362,126.189741281229,2.1010240499473554,97.69776469999934,1.9898846272851887,50.4664256869983,1.7030025466718004,64.58185333333333,1.8101105039962637,26.7927319272179,1.4280169988051017,13.0295362464142,1.11492895836742,22.1453921448718,1.345283375063137,22.0729275922907,1.3438599386376997,97.69,1.9898501096031804,82.62795741224552,1.917127017,117.58,2.070333455853063,0.00944368131868134,0.01787136498259545,20,23.47826086956522,1.3248973040000056,130.55333333333334,2.1157879648590163,68.73333333333333,1.8371674062278354,28.404293906810036,1.4533839977608725,289.73917226358907,2.462007215078981,1924.6122775535682,3.284343251933395
2003Q4,98.15286911185152,1.991902999007175,105.19006963783332,2.0219747426213894,128.78643143438467,2.1098701094245316,102.1012551999999,2.0090310811964383,55.41643015589074,1.7436385457419024,73.06259666666666,1.8636951031067317,31.3610559699722,1.4963906775522928,14.0888199556789,1.148874619213064,34.8431135488489,1.5421169562284747,35.1097673232752,1.5454279513522073,102.07,2.0088981147709397,92.45923270060312,1.965950285,118.8,2.074816440645175,0.0103759142711346,9.322329524532602e-4,16.5,18.402173913043477,1.154267127200015,130.95333333333332,2.117116557590181,74.39,1.871514558708382,29.357928315412185,1.4677254057083025,302.72334671409635,2.481045916027956,1944.6268422387,3.2888362761477747
2004Q1,96.64130169613094,1.9851627709835913,111.47039741912,2.0471595494966874,122.53094666775966,2.08824578886125,105.3703706,2.022718507518544,55.2348777465083,1.7422133971047888,74.32768333333334,1.8711505967982538,29.369520715753,1.4678968592840484,14.3580463647834,1.1570953514164342,35.8391161588371,1.554357290831801,36.2816401442519,1.5596869115054137,105.45,2.023046584075505,91.13017242679868,1.959662192,120.44,2.080770746840722,0.0138047138047137,0.003428799533579099,16.25,16.46153846153846,1.8510967891999908,134.72333333333333,2.1294428196303663,76.81,1.885417765110936,31.859282165368928,1.5032359863071947,312.7685536422134,2.495223081772116,1971.463325143688,3.2947887023649254
2004Q2,103.43251930696668,2.0146571029281484,112.682588459541,2.051856814714016,123.28441816835333,2.0909081898874686,108.96615280000069,2.0372916178033464,58.81085431274007,1.7694574882035,80.15360666666668,1.9039230690506161,34.2571937221481,1.5347517835885351,16.438561545277,1.215863811970419,34.9039524842984,1.542874608762254,34.5682452480705,1.5386773344622193,108.94,2.0371873709371133,97.48326891684268,1.988930084,123.76,2.0925803006913113,0.02756559282630366,0.013760879021589961,16,16.03846153846154,1.5981483977000277,140.59,2.1479544309308207,82.06333333333333,1.914149153611537,35.397612903225806,1.5489739756440954,323.1089909953649,2.5093490430852565,2025.8806384839475,3.3066138538698446
2004Q3,105.82213988162968,2.0245765393675303,117.03873422270634,2.068329616235278,125.66220151906766,2.0992046640000672,111.17502280000032,2.046007227186979,59.721255854188065,1.7761289317524067,81.01026333333333,1.9085400438992486,34.2267198539088,1.5343652801601821,15.5828890436424,1.1926479783298292,29.8484836255592,1.4749222728261955,30.1725953931392,1.4796126690228164,111.15,2.0459094670350093,99.76435107575793,1.998975382,125.34,2.098089690363952,0.01276664511958625,-0.01479894770671741,16.25,16.04076086956522,1.9415797207000152,135.8766666666667,2.133144884194239,81.56333333333333,1.911494966231793,40.90846953405018,1.6118132319953196,329.6648625717063,2.5180726602021983,2051.6698783896886,3.312107482401041
2004Q4,93.2422819548644,1.9696128936374537,115.75322381853434,2.0635330953021134,125.07126111388068,2.097157528929978,109.32607340000034,2.03872375008649,60.471222462205496,1.781548748219367,79.77588333333333,1.901871621698747,35.8266726069343,1.5542064750499884,15.4661878109825,1.1893832796541408,27.2497567529605,1.4353626298670283,27.4143821516053,1.4379784624692844,109.28,2.0385406863374573,87.84051270680749,1.943694862,126.29,2.1013689632492514,0.00757938407531511,-0.005187261044271141,17.75,16.967391304347824,2.0027801095999775,128.97,2.110488699836669,84.64,1.9275756546911105,44.26980286738351,1.6461075880778278,324.12589579270593,2.510713730046722,2067.261761163016,3.315395471417359
2005Q1,104.15674283828932,2.0176873902959738,114.409802913265,2.058463237470486,130.61704514071866,2.1159998547914816,107.180457600001,2.030115606903629,60.4382647130778,1.7813119865016391,80.71901,1.9069758267400818,37.5403866533352,1.5744987413952134,16.1713095491715,1.2087451904042692,37.3265723602877,1.572018111186443,37.4853785209052,1.573861900635257,107.29,2.0305592452911556,98.19964188447852,1.992109904,127.41,2.105203515710342,0.00886847731411832,0.0012890932388032097,19.25,18.466666666666665,1.7905798741999934,123.12333333333332,2.0903403646911665,87.52666666666667,1.942140389271346,47.279888632872506,1.674676444899724,318.2163170828402,2.5027224450696797,2085.567924919249,3.3192243389611478
2005Q2,108.75666539355234,2.0364558831432937,113.406020095649,2.0546361094504078,136.56553271023634,2.135341103133419,112.39414820000032,2.050743700284581,63.78977512573703,1.804751071160906,83.41575333333334,1.9212480762932524,39.3353737554872,1.5947832810889684,15.4083523035208,1.1877561997990118,34.9926672889289,1.5439770475047325,34.625120838005,1.5393912977169006,112.38,2.0506890277588807,102.51673119420575,2.01079475,128.75,2.1097472377132287,0.01051722784710773,0.0016487505329894105,19.75,19.563186813186817,1.3439901473999871,112.75,2.0521165505499983,86.98333333333333,1.9394360464718168,51.39515770609319,1.710922203030517,333.3056236297005,2.5228426412655205,2107.485741537657,3.3237646450322655
2005Q3,104.69054083494169,2.019907443390669,111.52014816669734,2.0473533377619715,134.30456411702167,2.1280907716944526,111.76714260000068,2.048314148051066,62.2118414035141,1.7938730561819192,81.88252666666666,1.913191235315098,41.5142953862519,1.6181976711293267,15.2794341401453,1.1841072708389557,32.4978145756506,1.511854156374316,33.0832832077024,1.5196086027013418,111.7,2.048053173115609,98.69921760427418,1.99431371,128.02,2.1072778228597717,-0.00566990291262126,-0.01618713075972899,19.5,19.706521739130434,0.7718964875000012,105.74333333333333,2.0242529964933005,87.87,1.943840626401261,61.36947670250896,1.7879524200709338,331.30403755784056,2.520226728602774,2095.533241493381,3.3212945544481456
2005Q4,107.72039929610268,2.032297954577689,112.89018843741168,2.052656197968748,131.581111869601,2.119193551895428,111.94457340000066,2.0490030456635373,62.76028747065573,1.7976849241856696,82.57154,1.916830384478015,41.914695005793,1.6223663103424502,14.5066044090474,1.1615657681240554,33.9914876757787,1.5313701723866175,34.014761862968,1.5316674348155936,111.89,2.0487912738484098,101.51757943997049,2.006541254,129.64,2.1127390223601723,0.01265427276987951,0.01832417568250077,18,18.804347826086957,1.668819850000025,99.66333333333333,1.9985354084628102,96.41,1.9841220828611101,57.059172043010754,1.756325465537663,331.85150609854014,2.520943793015581,2122.0553289177237,3.3267567031894485
2006Q1,114.047418894401,2.057085460830524,113.745897677218,2.055935742487177,132.16939787258866,2.1211309114767487,117.12999460000069,2.068668123263788,66.68834345562223,1.8240499296391126,84.09921666666666,1.9247919506263482,44.3837712291962,1.6472242008803537,14.7282747041109,1.1681518758060432,25.3774693081021,1.4044483112052841,25.3297519685116,1.4036309371559588,117.32,2.0693720543085146,107.53134128985113,2.031535063,131.74,2.119717659105495,0.01619870410367196,0.003544431333792451,16.5,17.208333333333332,1.4367294016999876,97.13666666666668,1.987383196181372,101.77,2.007619774517403,61.42619431643625,1.7883536092708887,347.97014296568057,2.5415419815858606,2156.468186454087,3.3337430555497405
2006Q2,115.379312856598,2.0621279481818706,115.15006210782632,2.0612641765432285,132.771111648612,2.1231035914748775,116.63097860000032,2.0668139196179203,67.41307786428413,1.8287441560804838,85.24496333333333,1.9306687282960895,48.8362312905905,1.68874214190568,16.4199871547485,1.2153728130377444,35.8986979670025,1.5550786971576904,35.6921555695321,1.5525727772547329,116.6,2.0666985504229953,108.72843800672732,2.036343149,132.14,2.121034302472299,0.00303628358888707,-0.013162420514784891,15.25,15.74175824175824,0.09955855899999032,98.93333333333334,1.995342641887327,102.6,2.0111473607757975,69.23647311827958,1.8403349369578175,345.82947387372167,2.5388620039617247,2163.037011674922,3.3350639507052326
2006Q3,119.32722864869568,2.0767395543376073,115.02294142068034,2.060784469386177,138.765469229854,2.1422814085636275,117.73335549999966,2.070899521954215,69.9706610117029,1.8449159767044665,86.56006333333333,1.9373175655225119,49.5786013344616,1.6952942706913137,16.5770481439966,1.219507198777176,36.3871463732053,1.5609479977965928,37.0867030951411,1.5692182274718174,117.61,2.070444249972947,112.48939577070735,2.051111584,134.36,2.1282699951696267,0.01680036325109757,0.013764079662210498,14.25,14.684782608695652,0.4505991994999903,99.48666666666666,1.9977648799305883,102.30666666666666,2.0099039348090324,70.01825089605735,1.845211257590418,348.8320600735605,2.542616392754749,2199.251012169874,3.3422748005199097
2006Q4,127.38963656791633,2.1051340986081475,117.89499001550568,2.071495350007299,137.53056445329,2.1383992254267135,121.37325910000034,2.0841230137198874,72.89821397295073,1.8627168881095533,89.55398666666666,1.9520849240632852,52.9588028082717,1.7239381588402882,16.8836027052099,1.2274651240459158,42.3699560524546,1.62705801353636,42.2325810333699,1.625647624031984,121.32,2.083932401638626,120.07729280863543,2.079460888,135.93,2.133315316898848,0.01168502530515036,-0.005115337945947209,13.25,13.673913043478262,1.1240999104000116,98.54333333333334,1.993627248661324,104.99,2.0211479357209945,59.593602150537635,1.77519963725933,359.8343636152714,2.5561026354293825,2224.9578044112213,3.347321779143857
2007Q1,133.02623018373666,2.1239372838308377,121.72131310684668,2.0853666287993535,143.80915897322134,2.15778654644228,126.0825644,2.100655033373934,74.85758611873477,1.8742358186077412,95.47870333333331,1.9799065123560609,57.8366413285061,1.7622030648043043,17.74110096058,1.2489805673710381,40.8881238504799,1.6115971834309053,40.9424237940132,1.6121735493476497,126.35,2.1015752462559334,125.39353388691585,2.098275142,138.48,2.1413870548673373,0.01875965570514215,0.00707463039999179,12.75,13,1.2551991632000048,96.61333333333332,1.985037066306818,107.27,2.0304782806224084,57.424212749615975,1.7590950499995626,374.73985525945164,2.5737298847105086,2266.732709748349,3.3554003116901474
2007Q2,140.88191281395967,2.1488552396011,121.79765302373566,2.0856389197528404,143.202006513692,2.1559491032492057,131.48001310000032,2.118859738680484,78.39050136653657,1.894263442097504,100.40895666666668,2.001772454416713,60.8373198049415,1.7841700729094963,18.5786547368609,1.2690142639358974,40.2349199486319,1.604603141591841,39.9353489893898,1.601357484023379,131.44,2.118727550427005,132.7646338285599,2.123082402,140.8,2.1486026548060932,0.01675332177931854,-0.0020063339258236113,12,12.423076923076923,0.812185959999967,92.40333333333334,1.9656876381266182,108.31,2.0346685558342408,68.44568100358423,1.8353460488836049,389.83562307824025,2.59088152231219,2304.796820993565,3.362632646250357
2007Q3,145.00324136381934,2.161377710446607,121.650482241263,2.0851138348805187,142.68386430973135,2.154374862831066,134.01425780000034,2.1271510054876743,82.2239250875858,1.9149982046651037,105.47735666666668,2.023159237546643,67.4571612361358,1.829028061053862,19.8713658698636,1.2982277196190084,46.3401297022161,1.6659572450102345,47.1470525287986,1.6734545473280598,133.82,2.126521025543412,136.69525862267218,2.135753451,142.27,2.1531133315106095,0.01044034090909096,-0.0063129808702275785,11.25,11.529891304347826,0.8924080303999826,90.33666666666667,1.9558640614857132,111.31,2.0465341827509693,74.6245748362378,1.8728818698084229,396.8948940072569,2.598675511810321,2328.7127646416197,3.3671159237325496
2007Q4,158.29250894505734,2.1994603627410396,123.88179019864032,2.0930074726596715,148.40771367885733,2.171456474535333,137.5002358,2.138303442941198,85.22786364648273,1.9305816023910645,109.44518666666666,2.0391966663144308,70.1866422053325,1.8462544658546203,18.9950857003331,1.278641257306259,46.9969811616561,1.672069962043344,46.799263069186,1.6702390144522037,137.46,2.1381763395730413,149.26006210905436,2.173943618,144.42,2.1596273406586737,0.01511211077528629,0.00467176986619533,11.25,11.25,1.426180436000002,86.34,1.9362120443202488,119.39,2.0769679521979185,88.2661749827851,1.9457943068313306,407.7082467634729,2.610349496067432,2363.922183470981,3.373633176166328
2008Q1,169.85736345600267,2.2300843786360893,128.23879634135866,2.10801943304572,152.541489080256,2.1833879815713906,141.7339507,2.151473892841517,88.76393684083698,1.9482365557313976,112.80322,2.05232149688378,78.6000924969613,1.8954230571195128,20.9932454653324,1.3220795838291413,56.4061361487758,1.7513263513343655,56.8345464408041,1.754612398525414,142.08,2.152532948434526,160.01508148041327,2.204160917,146.25,2.165095874754218,0.01267137515579563,-0.0024407356194906596,11.25,11.25,1.5176027007999917,85.95666666666666,1.9342795655404155,134.71666666666667,2.1294213284149075,96.47477777777776,1.9844137868806873,421.40523204659024,2.6246999233813773,2393.880270353268,3.379102425424941
2008Q2,176.64399118886632,2.247098868841896,129.477440573408,2.1121941059619855,152.82240310394633,2.184187024601137,149.93177350000033,2.175893678168303,92.1244755441874,1.9643750284772707,119.21957,2.0763475510871174,79.6851325766495,1.9013772995362237,21.8258462063669,1.3389710906654153,60.3867298034802,1.7809415113642655,60.3633910579806,1.7807736293209362,149.86,2.1756857282620823,166.50956721025352,2.221439192,149.19,2.1737397139518873,0.02010256410256405,0.007431188946768421,12.25,11.804945054945057,2.0942931530000264,84.06666666666666,1.9246238275174004,146.95666666666668,2.1671892925581564,120.18056272401434,2.079834233188304,444.47495495635707,2.6478472945960165,2442.08136366957,3.3877601293893993
2008Q3,185.90791839115937,2.2692978881062076,133.08580089968467,2.1241317224929763,154.07352330761034,2.187728013998497,157.66928540000134,2.1977470992865977,98.57782520575137,1.9937792326505168,127.25193,2.104664377900692,98.0464486143209,1.9914318675077678,27.0008447406975,1.4313773515843453,56.5334700508638,1.7523056434769275,57.079123436802,1.756477295040314,157.41,2.1970323189180014,175.29456135847883,2.243768442,151.64,2.180813775754397,0.01642201219920891,-0.0036805519033551413,13.75,12.97554347826087,1.0735938584000015,83.07333333333334,1.9194616369637207,139.55333333333334,2.1447402143895644,115.80649103942652,2.0637329026003908,466.85829197896453,2.669185076816918,2482.171517295369,3.394831787815929
2008Q4,164.06219874726065,2.2150085276306757,132.42831600091367,2.121980856464108,157.54025613273433,2.1973915472202767,144.59028959999966,2.160139127573017,85.1234219643469,1.9300490739542775,115.97288,2.0643564423012357,94.9637683651855,1.9775579400212393,31.5435102527019,1.4989100212234143,59.5183708895133,1.7746510353843012,59.2217703958923,1.7724813861953643,144.59,2.1601382577234016,154.68941462303712,2.189460596,145.92,2.164114820984341,-0.037720917963598,-0.05414293016280691,13.75,13.75,1.0938925359999851,102.69666666666666,2.011556347474915,100.68333333333334,2.002957585345823,56.466487825979485,1.7517907757795137,428.84662922439594,2.6323020008308373,2388.521728619873,3.3781291964574667
2009Q1,144.21669614972734,2.159015542116753,128.207969619532,2.10791502248551,156.62511445404067,2.1948614013636756,128.63088020000032,2.1093452414539975,72.50042161219329,1.8603405321339819,93.27836666666668,1.9697809328494995,80.127055370153,1.9037791829258373,27.7983585146999,1.444019151707448,57.9797776914701,1.763276545831795,58.898252201515,1.7701024073422817,128.92,2.110320296840297,135.88462619043426,2.133170324,143.82,2.1578192844172976,-0.01439144736842101,0.02332947059517699,11.25,12.65,1.2347052800000036,99.42333333333332,1.9974883194950475,92.82666666666668,1.9676727555565696,44.00317537122376,1.6434840173144076,382.3777413733353,2.5824926035829137,2354.1649800114715,3.371836894955136
2009Q2,147.69807264896332,2.1693748281258882,134.25377886573935,2.1279265187100775,159.288920140124,2.2021855680839,137.8291042,2.1393409335284095,74.95553873553963,1.8748037299582274,92.53370666666667,1.9662999592563772,74.8807629535352,1.8743702607410297,23.7798925308633,1.376209887567849,63.7138289439818,1.8042337052119324,63.7641478073064,1.8045765598189696,137.77,2.139154658406904,139.19313775127554,2.143617825,146.47,2.1657486815594145,0.01842581004032828,0.03281725740874929,9.25,10.35989010989011,1.3156841215999917,90.89,1.9585161034230412,98.85,1.994976673649691,58.30947670250896,1.7657391438694658,408.61961745265074,2.6113192128762606,2397.6032136510694,3.3797773120488626
2009Q3,155.05193295089666,2.1904771847279765,142.42835088105733,2.1535964458014134,162.04149543050033,2.2096262424985755,151.41117000000034,2.180157915391402,79.58499223872224,1.9008311782600706,98.52262333333331,1.993535967154305,69.5823759367209,1.8424992539400313,19.7889045957227,1.2964217547319306,127.350058111098,2.1049991474725704,132.74070305929,2.123004113546807,151.16,2.179436883244977,146.22490335651636,2.165021343,149.9,2.1758016328482794,0.02341776472997891,0.004991954689650632,8.75,8.869565217391305,0.6312968640000083,83.78999999999999,1.9231921904206675,105.53333333333332,2.0233896558066746,68.1930394265233,1.8337400477807506,448.348404640592,2.6516156287464168,2453.68079480682,3.3898180636595696
2009Q4,178.33097093024702,2.251226774112294,147.31209395865466,2.1682384028093664,160.88470763472,2.206514765631136,162.95184520000035,2.212059282601967,90.16029264179755,1.9550153126710537,114.40998333333332,2.058463922336436,79.4103502115948,1.8998771113292556,19.8482084348162,1.2977213120065552,71.9477198412094,1.8570170348803785,74.8427959261915,1.8741500032084617,162.96,2.2120810159921076,168.13083234887137,2.225647363,153.76,2.1868433703244703,0.02575050033355563,0.002332735603576719,8.75,8.75,1.0637052475999995,79.43,1.899984562549391,116.52,2.06640047595563,74.32875046347795,1.8711568319637484,483.33710333770154,2.6842501350029853,2516.9399477735597,3.4008728537439548
2010Q1,193.121978473033,2.285831701984423,151.39586743987132,2.1801140206557656,163.57168064487433,2.213708115935148,166.12643150000034,2.2204387362525035,97.7597826849312,1.9901602274848118,115.24678,2.0616288000246565,94.4468580705377,1.9751875149807292,22.9465631127963,1.3607176470444036,77.3293610086341,1.8883444215116743,79.9180806486386,1.9026450451163912,166.47,2.221335979533828,181.93043628816878,2.259905361,156.93,2.1957059747470984,0.02061654526534861,-0.005133955068207019,8.75,8.75,2.063836420000009,79.95666666666666,1.9028546804129594,120.25,2.0800850850458694,76.29297235023041,1.8824845352015318,493.73801156915704,2.693496563677411,2568.766790740548,3.409724677994698
2010Q2,199.94909199900837,2.3009194362729133,154.92153787407133,2.1901117994869606,165.3941308513727,2.218520094188188,169.49048660000068,2.229145326532763,99.92970969654354,1.9996946257539558,122.06241666666666,2.0865819641344863,95.0557086634513,1.9779782039640903,24.3026062584045,1.3856528506743873,82.9605708262479,1.9188717316384183,85.6189479696635,1.9325698872009662,169.4,2.228913405994688,188.44377428069984,2.275181794,158.94,2.2012332086808746,0.01280825845918554,-0.007808286806163071,10.25,9.442307692307692,1.0024510000000042,77.08,1.8869417059834153,113.75666666666667,2.0559768577397475,78.67146953405017,1.8958172625953194,502.4464807394789,2.7010898086649178,2601.6641507697655,3.4152512327015785
2010Q3,208.40199038162768,2.318901862456805,153.89681945952168,2.187229644487408,168.15985956743432,2.225722335999142,174.68567430000067,2.2422572906293943,106.48461446743032,2.0272868628490306,121.77015666666668,2.0855408647905413,129.778550552897,2.1132029193804955,31.1343950441851,1.4932404315950882,157.44208298334,2.1971208269090794,161.425938561846,2.2079733201579184,174.46,2.2416958681398103,196.55009904288357,2.293473267,160.34,2.2050418792613695,0.00880835535422175,-0.00399990310496379,10.75,10.63586956521739,0.500229017999998,76.27666666666666,1.8823917058749633,122.37333333333332,2.0876867899669405,76.67044444444444,1.88462798078865,517.44218168019745,2.7138618293365298,2624.5130973662494,3.4190487444121023
2010Q4,208.9474891943057,2.3200371568359035,159.13178424661433,2.201756932281895,171.279943529581,2.2337065111009813,175.60649750000033,2.244540580910581,105.01787812606231,2.0212632391705014,124.67231,2.095770006409072,113.693469247039,2.055735518764848,26.7185976983141,1.4268136608444664,67.9425366293935,1.8321417571878666,70.6791916033605,1.8492915735991933,175.64,2.2446234284323503,196.99311879435845,2.294451056,162.63,2.2112006620002567,0.01428215043033542,0.005473795076113671,10.75,10.75,2.226218217499998,74.88666666666667,1.874404499828174,146.27,2.1651552613920657,86.067319243604,1.9348382761172664,520.9306058269575,2.7167798739450575,2662.0546072741686,3.4252169600021425
2011Q1,216.520699707796,2.335499421886342,163.984654881609,2.2148032101693884,178.36532455880865,2.2513104284229923,179.4807317,2.2540178313793375,108.06334236618434,2.033678396006636,124.23586333333331,2.094246982309878,114.497969448832,2.0587977847982906,25.3737881169587,1.4043853089829028,70.7054799098985,1.8494530743683701,73.385439939171,1.8656099021323342,179.73,2.2546205743100276,203.95890279624712,2.309542667,164.81,2.216983559382094,0.01340466088667535,-8.774895436600705e-4,11.75,11.305555555555555,2.4395694559999903,74.21,1.87046243158892,168.9466666666667,2.227749627525215,104.5203955453149,2.019201044595496,533.0787082572984,2.726791336677978,2697.697780576385,3.430993294639173
2011Q2,210.30340515154032,2.3228463046718253,169.784587799638,2.2298982646042806,181.39597061110567,2.2586276357516506,183.08786360000067,2.262659557047526,107.43379496972132,2.031140916933273,128.05177666666663,2.107385608506726,125.576298824178,2.098907678722938,27.8227982294949,1.444400806264064,72.2581641077169,1.8588869230773297,72.9842056054089,1.8632288853179868,183.02,2.2624985510147675,198.1996416799004,2.297102865,166.48,2.2213620672035703,0.01013288028639025,-0.0032717806002850996,12.25,11.994505494505496,1.3954844284999934,72.67,1.86135516019326,165.2,2.218010042984363,117.70362044246694,2.070789821501068,542.8236317143856,2.734658746319591,2725.109356807474,3.435383934908111
2011Q3,213.1341636164123,2.328653069052059,169.06816975368267,2.228061851231469,182.915230605925,2.2622498689139103,185.3212779,2.267925286259182,107.011579856022,2.02943077577363,129.44106,2.112072060744293,126.659782433069,2.1026387376925735,28.1985027325549,1.4502260490196284,77.3301263397435,1.8883487197165028,79.3587400851096,1.8995947642566557,185.17,2.2675706265693374,200.9708739012882,2.303133121,166.11,2.220395778231596,-0.00222248918789025,-0.0123553694742805,12,12.282608695652174,1.0634041376000214,74.43666666666667,1.8717869168407022,158.92000000000002,2.2011785563833253,113.51822222222222,2.0550655811357763,549.2032265386301,2.7397330800283126,2718.950080389745,3.434401234064039
2011Q4,221.71563728629965,2.3457963243623903,162.50487687549798,2.2108663989661923,183.89445148080233,2.2645686257708513,185.4087109,2.2681301343766123,108.86936922357168,2.03690570667593,126.66078,2.1026421581635315,130.099728271909,2.1142763894890746,30.7795379298167,1.488262095806144,76.0408368740817,1.8810468878856166,77.3999112725711,1.8887404628294708,185.44,2.2682034186195206,209.05834692417233,2.320267512,167.62,2.224325836319485,0.00909036180844014,0.011312850996330389,11,11.434782608695652,1.456997179999986,78.55666666666667,1.8951830470932258,145.97,2.1642636080226607,109.39852787047336,2.0390114779203397,550.0084004250879,2.740369322640427,2743.752359615537,3.4383449110777926
2012Q1,197.771597351053,2.296163921237852,181.20095834228667,2.258160490259482,184.82686783229863,2.2667651038059082,184.385435300001,2.2657266129288054,97.51230969271668,1.9890594433310724,110.24565333333334,2.042361475504398,125.032405461524,2.097022586521687,28.7608435575537,1.4588016197851883,66.3150368468474,1.821612015270129,67.8206752164534,1.8313621092598211,184.52,2.266043445936229,186.2946555639694,2.270200396,165.23,2.218088902860845,-0.0142584417133994,-0.023348803521839538,9.75,10.4010989010989,1.224646292000009,77.06666666666666,1.886866575028829,146.74666666666667,2.166568245083438,118.00176121616612,2.071888489346416,547.2913527423909,2.738218586300862,2704.55865044871,3.432096403892355
2012Q2,208.109054916763,2.3182909769671802,172.53589743002033,2.2368794671417214,184.33082845854,2.2655979749899617,184.86676730000033,2.266858846933051,101.36785487246269,2.005900256133409,114.55882,2.059028531586267,128.604543260209,2.1092563113408143,34.175027506709,1.5337088727938357,63.7404605975686,1.8044151974223026,65.6798097311668,1.81743188599896,184.82,2.266748965908202,196.20133857091972,2.292701966,168.21,2.225851810818157,0.01803546571445879,0.03229390742785819,8.5,8.978021978021978,1.083105843199994,84.54333333333334,1.9270793669816924,134.14333333333337,2.1275690939405694,109.36202867383513,2.038866557829704,548.1710797664837,2.738916119439267,2753.4559581818867,3.4398781342868676
2012Q3,205.95009296250333,2.3137619923259063,168.594201125498,2.2268426327886757,187.74329861467265,2.27356444406976,183.27849900000064,2.2631115194447284,99.50390321549432,1.9978401170442472,113.97112,2.0567948161293423,124.614643764463,2.095569080304,32.6334236011081,1.5136626383932483,84.9529544433178,1.9291784871028672,86.8176806496481,1.9386081794004677,183.21,2.262949174715528,194.10877553003556,2.28804517,171.11,2.233275391293944,0.01724035431900605,-7.951113954527411e-4,7.5,7.885869565217392,1.4165610490999958,86.81333333333333,1.9385864319551966,141.01000000000002,2.1492499125902818,109.02133209739216,2.037511484231876,543.3930520122776,2.7351140810969268,2800.850752292072,3.4472899673801876
2012Q4,211.19103279573432,2.3246754740416606,168.02308953574533,2.2253689660647784,186.263515239028,2.2701277948741727,186.84974650000063,2.271492512976528,100.9841251307373,2.0042531073470355,111.28351666666669,2.0464308413261554,131.037150314508,2.1173944398487197,33.6037916744446,1.5263882836512226,79.7121549295656,1.901524549957552,94.7451024404352,1.976556769689537,186.88,2.2715628254323055,199.2176455079451,2.299327803,171.16,2.233402277811895,2.9220968967313965e-4,-0.01694814462933291,7.25,7.2771739130434785,1.9929689660000085,87.94333333333333,1.9442029227441993,141.17666666666665,2.1497629235196936,110.17038932146828,2.0420648841500157,554.2802123747524,2.7437293746959277,2801.632011150172,3.4474110909704017
2013Q1,224.518792382427,2.3512526976173893,170.54826723799167,2.2318473113552515,186.850694733484,2.271494716948073,189.0065419,2.2764768362468013,106.768529055055,2.028443259510309,122.71935333333332,2.0889130581066584,132.977730765595,2.1237789175431128,33.7315970898538,1.528036904215891,90.1348032461286,1.9548925150552303,96.132915176885,1.9828721122490218,189.04,2.2765537086243124,211.32057708012323,2.324941788,172.08,2.235730397379406,0.00537508763729843,0.00508287794762529,7.25,7.25,1.9420462519999848,84.18333333333334,1.925226118128706,140.56,2.1478617484872387,112.641452991453,2.0516982439118543,560.6825044875656,2.7487170046038374,2816.732639392237,3.449745626273273
2013Q2,234.07011835025267,2.3693459747221817,181.72598511043063,2.2594170317835163,188.33750826700768,2.274936820341691,200.2594818,2.301593088031835,111.84876946142369,2.0486312104348547,130.42873666666668,2.115373287721173,127.377981212155,2.1050943615588364,33.6596382461126,1.5271094441246134,100.183637383379,2.0007967956391073,108.965620537375,2.0372894964172104,200.25,2.301572524756275,220.8973510787029,2.344190508,174.45,2.24167097378413,0.01377266387726616,0.00839757623996773,8,7.62912087912088,1.1844322910000038,85.93666666666667,1.9341785041495074,132.65666666666667,2.122729080355236,102.62829390681004,2.011267109251439,593.9361031614504,2.773739725221863,2855.5591828635256,3.455691165560044
2013Q3,234.40011225475033,2.369957815330724,185.01592358707535,2.267209108015957,188.04139871359033,2.2742534729530095,197.45866530000063,2.2954761971224427,108.11143038248534,2.0338716133761205,131.08435333333333,2.1175508559423353,122.507055338595,2.088161100997576,35.5324184053042,1.550624767419952,79.206954388268,1.8987633144159646,86.54015607596,1.937217674117467,197.44,2.295435142353148,220.84079557042836,2.344079303,175.28,2.243732364552649,0.00475781026081989,-0.009014853616446269,9,8.625,0.621017251999989,95.43333333333334,1.9797000933019362,128.94333333333333,2.110398893031603,110.2259211469534,2.042283736868896,585.5896308927563,2.7675933780128905,2869.1295676157242,3.4577501610832093
2013Q4,207.71392562422668,2.3174656136223604,182.74799969816468,2.261852632005802,191.95174502830767,2.2831920646311783,195.425037600001,2.2909802041879193,103.32279065650928,2.0141961275666653,121.18641333333332,2.083453932164273,130.151832498396,2.1144502872231175,35.6465873279453,1.5520179584351428,82.4620961346991,1.9162543700986516,85.6494951034614,1.9327248071797902,195.43,2.290991232025503,196.00339324340598,2.29226359,175.56,2.244425572172936,0.00159744408945683,-0.0031603661713630604,10,9.63586956521739,2.043318317600029,94.01666666666668,1.97320484934175,129.63666666666666,2.1127278555375524,109.19089358546532,2.038186420140754,579.6447636977433,2.7631619169582784,2873.7062940388414,3.458442379178736
2014Q1,222.383375806927,2.347102318588223,180.79143889927732,2.2571778612785454,191.3366952954117,2.28179826869966,196.0853544000003,2.292445157457734,105.27774432256932,2.0223365711905132,122.54985333333332,2.088312795828308,119.289841598653,2.07660346189758,33.971675436863,1.531116966211834,99.1713460781057,1.9963862080637629,106.846395027573,2.0287598737528354,196.1,2.292477593667784,209.2374400787277,2.320639398,177.04,2.2480714009192013,0.00843016632490312,0.0068327222354462895,10.75,10.508333333333333,2.1752379140000055,94,1.9731278535996986,134.30666666666667,2.128097570559162,108.24339888235606,2.0344014208094143,581.6200076609722,2.76463933778788,2897.8777419786898,3.4620800591530867
2014Q2,210.112164852003,2.322451197456674,173.632615203756,2.2396313065120883,190.604765949518,2.2801337556921246,187.4790079000003,2.2729526466579903,98.42805421677996,1.9931188998037896,113.13726,2.05360565662739,119.878428074286,2.0787410395527246,32.0231423574015,1.5054639459942614,70.8480323957237,1.8503277934466325,79.5365192302537,1.9005665809651358,187.47,2.2729317793870707,198.35045726169704,2.297433206,174.43,2.241621180791424,-0.0147424310890194,-0.023172597413922517,11,10.994505494505496,1.537614327999992,87.19333333333333,1.9404832807212353,138.22,2.14057088863295,109.5311182795699,2.0395375217072536,556.0296431677668,2.745097945396831,2855.180424414276,3.4556335573635453
2014Q3,203.744023064925,2.309084877348234,171.291873363668,2.2337367591299238,188.67864947169835,2.275722758981931,183.09608140000032,2.2626790496836318,98.0413789337042,1.991409410893863,115.22078666666668,2.0615308360339393,112.400829653629,2.050769516861718,30.3647824974426,1.4823701746237794,82.5034396286417,1.916472054981433,87.3760787723442,1.9413925507220828,183.09,2.2626646246762556,191.95023095590628,2.283188639,174.32,2.241347217238199,-6.306254658029475e-4,0.014111805623216452,11,11,0.8315071424999987,88.61666666666666,1.947515409930535,131.86,2.120113071407684,102.3579605734767,2.010121624220727,543.0472911272906,2.734837651653882,2853.4788863955737,3.455374663443302
2014Q4,201.74947493027,2.3048124131081944,171.431362869589,2.2340902777691367,188.27268420051664,2.274787314379225,182.74732170000033,2.2618510207629527,92.155941664865,1.9645233411728569,107.40089333333334,2.031007893729679,110.002123755005,2.041401069941643,32.0246589839869,1.5054845138371373,76.6956557901368,1.884770765255327,79.2167867072699,1.8988172220167168,182.75,2.2618573856298982,190.56461508953652,2.280042262,175.24,2.243633244506138,0.00527765029830207,0.005908275764105017,11.75,11.32336956521739,1.71941270760001,94.82666666666668,1.9769304845704574,128.40333333333334,2.108576298105751,77.40966963292547,1.8887952139893815,542.04049242194,2.7340317311482303,2868.424820932118,3.4576434718645483
2015Q1,189.3908195637817,2.277358923403148,166.44271568683433,2.2212647931470153,187.00088092075833,2.2718436524088155,177.16731720000033,2.2483836088105003,90.60852419200928,1.9571690567872941,101.63170333333332,2.007029204355306,111.789178885658,2.0483997661828193,33.5862076505204,1.5261609687290316,73.4572380389787,1.866034595027776,75.8393896991143,1.8798948294543054,177.17,2.248390185172511,177.77358846632433,2.249867239,173.85,2.2401746950192774,-0.00793197900022835,-0.01320962929853042,12.75,12.283333333333331,3.827799689600009,99.68666666666668,1.9986370742562123,116.49,2.06628864526571,54.01445468509985,1.7325099959328907,525.4868794151093,2.720561876846175,2845.731866429571,3.4541939771200276
2015Q2,167.962771016821,2.225213030930105,155.719696232914,2.1923435478556677,180.39706908852833,2.2562294772800957,164.86579310000067,2.217130556135856,78.64478332801757,1.8956699202588065,88.37101333333334,1.9463098349929295,93.3988677731812,1.9703416115315913,30.423627149357,1.4832109900274724,63.1422193637629,1.8003198426891764,63.6725294804356,1.803952103163268,164.85,2.217088951479172,158.74257725966095,2.200693427,169.75,2.229809782952539,-0.02358354903652571,-0.015651570036297358,13.75,13.239010989010987,2.2567505066000138,104.29666666666668,2.018270428547276,114.24666666666668,2.0578435376750033,61.45304659498208,1.7885434183305493,488.9479724761098,2.6892626495763032,2778.6583265237555,3.4438351477028646
2015Q3,158.86529273693867,2.2010290273569963,152.487638185555,2.1832346378768603,179.55209913409033,2.2541904868055793,155.6159855,2.192054207421356,73.36393803063544,1.8654826353537846,79.21107,1.8987858798717852,98.2245468673206,1.9922200339870133,35.0126607857427,1.544225116210789,42.2800380960815,1.6261353699530452,45.2861691880209,1.6559655847397254,155.61,2.1920375027132475,149.684230480479,2.175176049,166.96,2.2226124360573976,-0.0164359351988218,0.007147613837703907,14.25,14.092391304347826,1.3859073656000032,118.15,2.072433725968388,110.21,2.0422210023903817,51.00158422939068,1.7075836665174764,461.5462152488333,2.664215194035051,2732.9176792551016,3.4366265501033078
2015Q4,134.30763884786302,2.128100714196119,151.93557630974567,2.1816594775228206,176.29019533546332,2.2462281589804682,147.34316800000067,2.168330003309879,63.374334422843866,1.80191341126835,72.84038333333334,1.8623722226680957,82.5278910486039,1.9166007471127806,31.1434267443513,1.493366396744775,50.7334087991886,1.7052940437276407,51.1312927027279,1.7086867727101975,147.35,2.168350140185944,126.9111133351002,2.103499654,165.68,2.2192700858853964,-0.00766650694777193,0.008769428251049871,14.25,14.25,2.815929507199999,123.84666666666666,2.0928843220421256,106.92666666666666,2.0290860283325927,43.85851254480287,1.6420538985558575,437.04863407971754,2.640529767261557,2711.9375772988783,3.4332796888282693
2016Q1,139.08415226537335,2.143277647779272,146.76047356759267,2.1666091044702585,175.694738846498,2.244758756804661,143.99443179999966,2.158345698447404,65.13487127879947,1.8138135592180145,75.63472666666667,1.8787212417567816,86.539746812273,1.9372156202572794,31.0143097509487,1.4915621200265399,36.7097313121507,1.5647812058039774,37.4604993829158,1.5735735626227498,144,2.1583624920952498,130.16306903135114,2.11448778,163.3,2.212986184736668,-0.01436504104297442,-0.006698534095202489,14.25,14.25,2.6208101489999747,118.52,2.0737916428080134,104.28666666666666,2.018228786247741,33.88040044493882,1.5299485347755368,427.1092926070422,2.630539020464656,2673.021352284881,3.4270024279456366
2016Q2,143.704751127389,2.157471126897607,145.21458881655067,2.1620102494512183,175.16972660435368,2.243459052147617,147.6213799,2.1691492606047644,68.53137533723006,1.835889447640774,78.7395,1.896192652669979,93.1898811520053,1.9693687578644299,28.219492435627,1.4505491981359486,35.0390799417703,1.5445526939156153,36.2437732746171,1.559233404982707,147.6,2.1690863574870227,136.09199733974327,2.133832588,163.75,2.2141813086638207,0.00275566442131047,0.017120705464284888,14.25,14.25,1.7496396530000125,107.86333333333332,2.0328738372937365,108.13,2.0339462029903608,45.2899247311828,1.6560015989152572,437.7806630544734,2.6412565746960377,2680.3370290708012,3.4281894062164513
2016Q3,127.642205192879,2.105994298614751,135.95901252768132,2.133408001635232,172.430185507608,2.2366132954321944,138.6728644,2.1419914863486937,59.283796177600266,1.7729360054671877,76.32056333333333,1.8826415672994876,70.1664546768623,1.8461295333454975,21.5280875560531,1.3330054510615972,33.4983130399112,1.5250229367113202,35.8900418245683,1.5549739644399168,138.65,2.1419198739138805,120.42605342854728,2.080720454,162.86,2.2118144304568186,-0.00543511450381672,-0.00819077892512719,14.25,14.25,1.043057830399996,98.94,1.9953719060281623,110.92666666666666,2.0450359626867556,45.741189964157705,1.6603074586560609,411.2433080396647,2.6140988439547654,2665.888748265567,3.4258420216635477
2016Q4,128.547366678289,2.1090631844498873,130.11333976054334,2.1143218245201014,172.270168567744,2.236210078677907,136.06586340000032,2.1337491818046046,59.700335990218534,1.7759767753217857,75.45590333333332,1.877693222704045,69.1836372485338,1.8400033908012543,19.9274721607469,1.2994522110804898,28.699135977941,1.4578688219722873,29.8241877528829,1.474568624706356,136.1,2.133858125203335,121.86822507951295,2.085890486,162.68,2.21133416373255,-0.00110524376765319,0.00432987073616353,13.75,13.967391304347826,0.7417894039999817,97.44666666666669,1.988766987906874,114.53666666666666,2.0589445397923436,48.93758064516129,1.6896424950846685,403.668129398214,2.6060244621354176,2662.9427976924985,3.425361837519182
2017Q1,131.386070443416,2.1185493237455724,130.00129037367267,2.113947663071332,175.44598454497466,2.24414343291098,136.57407410000067,2.1353682649096766,62.32194995143613,1.7946410332380034,79.33116666666666,1.8994438411911299,64.6895559670825,1.8108341701278483,17.9458205594144,1.2539633209182623,28.6717646679185,1.4574544233948437,30.1476135194009,1.479252939150256,136.6,2.1354506993455136,122.49976427695191,2.088135253,164.36,2.215796132589834,0.01032702237521521,0.0114322661428684,12.25,12.783333333333331,0.9630321349999972,92.23333333333332,1.9648879044212895,116.58,2.0666240509834264,53.68761904761905,1.7298741441865717,405.1379859250974,2.607602964744311,2690.398148161601,3.4298165553757602
2017Q2,139.62288928107264,2.1449566208200896,126.77632325357231,2.1030381522802575,178.539244973828,2.251733693849999,136.54447519999965,2.135274132606879,63.66632166770404,1.8039097591529076,80.74612333333333,1.9071216807820073,70.2172814853071,1.8464440114183611,18.8496478772735,1.2753032417362187,29.4678390059577,1.4693482884729514,29.5109954002225,1.469983858416706,136.5,2.1351326513767748,132.51013303714305,2.12224909,165.73,2.2194011303575603,0.00833536140180069,-0.00199166097341452,10.25,11.052197802197805,0.21939800180001967,96.04333333333334,1.9824672245123458,112.87666666666668,2.052604175891154,49.78123952539859,1.6970657061001921,404.862139315848,2.6073071656175038,2712.854517746412,3.433426504475178
2017Q3,144.464321092787,2.1597606009623656,126.429929991075,2.101849897453286,180.60494559148032,2.256729638633532,137.09423310000034,2.1370191864778887,66.62780064976394,1.8236554776620146,82.81027333333334,1.918084218128028,80.5335950097524,1.905977086377282,21.650333093048,1.3354645824150144,23.5560726232456,1.3721028845772543,25.5789739888541,1.4078831202866704,137.05,2.136879039875517,136.45018379809073,2.134974125,166.11,2.220395778231596,0.00229288601942934,-0.006042475382371349,8.25,9.282608695652174,0.5911447296000016,97.44,1.9887372752888002,113.05,2.0532705666813786,51.88693548387096,1.715058021403228,406.49742097146134,2.6090577945514495,2718.951935230339,3.434401530335297
2017Q4,151.99645588962434,2.1818334615926416,126.99821022176,2.1037976005127237,182.263380523299,2.2606994210729945,141.3435956,2.150276135014483,68.0892761470932,1.833078717244959,84.52113,1.9269652946922018,83.2868890798874,1.9205766406816336,22.7078345936446,1.3561757221163024,23.1185397114585,1.3639603982915411,23.1913502339547,1.36532603462699,141.42,2.150510832907967,144.41511918356252,2.159612663,167.01,2.222742476026601,0.00541809644211643,0.00312521042268709,7,7.567934782608695,1.144261174399985,99.59,1.9982157323709584,118.05,2.0720659914147457,61.42024731182796,1.7883115608199442,419.43495829253703,2.622664624414588,2733.685119550777,3.4367484887551756
2018Q1,153.32376211588766,2.1856094670271684,126.93001192227568,2.1035643208433488,181.55918180297067,2.2590182169257598,141.22746430000032,2.1499191615464746,70.64174928536013,1.8490614450368523,89.02378,1.949506030727101,79.3229018155341,1.8993985933222512,22.933239321258,1.3604654031811438,20.505368696625,1.3118675825223174,21.8751414155183,1.3399508692728987,141.26,2.1500192019151485,142.0020738421055,2.152294687,168.03,2.225386827388403,0.00610741871744213,6.893222753256998e-4,6.5,6.8277777777777775,0.7014778351999817,101.31333333333332,2.0056666044129954,120.17,2.07979606117236,66.79856278528321,1.8247671184465708,418.97869309021104,2.622191937742826,2750.4501889996686,3.4394037842290803
2018Q2,150.68328990574832,2.1780650936941903,123.56787958998568,2.091905594298726,185.23555708533735,2.267724355800254,142.1666405,2.152797700849249,71.6171346755324,1.8550169413687316,85.24981,1.9306934197344061,85.2351177926769,1.9306185656735129,26.6812870493641,1.4262067752053456,26.3291718893809,1.4204371998000287,26.184862128742,1.4180502915510738,142.1,2.15259407792747,142.7655763716754,2.154623503,167.84,2.2248954708494826,-0.00113075046122712,-0.0072381691786692496,6.5,6.5,1.8887030879999989,109.19333333333331,2.03819612385472,119.51333333333334,2.0774163594270054,74.36982905982906,1.8713967832562308,421.4548513015273,2.624751057298064,2747.3249680832128,3.4389100331002473
2018Q3,186.50912256551263,2.270700078948831,125.97605075487932,2.1002879894540243,186.04960657723933,2.269628755994131,149.6932229,2.175202138861705,84.54663986408643,1.9270963521172784,89.00814,1.9494297256946727,144.287622295088,2.159229076765658,49.0704752592186,1.6908202642465886,21.5924283656075,1.3343014874698291,22.6383034944063,1.354843877877352,149.62,2.1749896504073343,176.45395419319408,2.246631395,169.44,2.22901594276341,0.00953288846520483,0.01066363892643195,6.5,6.5,0.7208535743999933,113.99333333333333,2.0568794532557084,116.7,2.0670708560453703,75.14778062678063,1.8759161588979716,443.7820249604498,2.647169707498099,2773.57726894319,3.443040269370509
2018Q4,161.412576011129,2.2079373685487895,125.80904545675168,2.0997118672676587,189.024283126051,2.276517599677039,147.06613629999998,2.1675126828490434,68.7634428054332,1.8373576125462994,86.45327666666667,1.9367814581221996,87.2201475459741,1.9406168170123466,28.3995030211964,1.4533107401512444,27.7977310426936,1.4440093485852477,27.9713744005191,1.4467138063749823,147.18,2.1678487985900294,154.68941462303712,2.189460596,169.02,2.227938097369417,-0.0024787535410764,-0.012011642006281228,6.5,6.5,0.3894135824999978,107.5,2.031408464251624,116.94333333333334,2.067975468735411,68.19216783216783,1.833734496905745,436.5275076476491,2.6400116158380977,2766.6207820382556,3.4419496349071927
2019Q1,157.45655289657898,2.197160739457193,128.51979542680067,2.108970025585656,193.90033117295133,2.2875785508345716,145.35700550000067,2.1624359674905294,81.18656589529674,1.9094841716029147,84.74987666666667,1.9281390748630245,116.560868580896,2.0665527750220978,36.6490397311973,1.5640625998528441,26.9976784106842,1.4313264198338462,27.4577445844179,1.438664860840652,145.4,2.162564406523019,145.36714097990912,2.162466249,169.52,2.2292209437027384,0.00295822979529059,0.00543698333636699,6.5,6.5,1.507011320000018,106.52666666666669,2.02745833769506,114.47,2.05869168281923,62.97884376493072,1.79919468311666,431.26057698419686,2.6347397596049054,2774.8504315267596,3.4432395789854713
2019Q2,169.85998223456232,2.230091074326446,132.08901047481933,2.1208666867388417,200.932422822892,2.303050020954005,152.93227600000034,2.184499151922693,77.2582293454352,1.8879447504782445,90.90859,1.958604921872587,105.40510271538,2.022861635805281,31.1814966232553,1.4938969562544435,16.4935796558423,1.217314922234243,16.5543090763306,1.2189110594101162,152.83,2.184208613111503,162.45640481440464,2.210736838,170.5,2.2317243833285163,0.0057810287871638,0.00282279899187321,6.5,6.5,0.710811074100004,109.12,2.037904357312404,110.48,2.043283665570575,68.86736956521739,1.838013495136796,453.29318291264156,2.656379187742375,2790.861508274281,3.4457382859029733
2019Q3,179.78656974082233,2.254757246322126,133.72414511947568,2.126209830189555,199.002862599507,2.298859323657084,157.15119509999963,2.1963176880794126,80.639363143906,1.9065470892381122,88.66501666666667,1.9477523000403967,127.903529306546,2.1068825283505115,42.1587512322704,1.6248877383295808,16.3838699810812,1.2144164928404737,17.0266324311806,1.2311287606357542,157.07,2.196093243737515,170.53445201259785,2.23181213,170.53,2.2318007920578995,1.7595307917894765e-4,-0.005605075707984852,5.5,6.103260869565218,0.2600889164000142,110.06666666666666,2.0416558142071124,105.9,2.024895960107485,61.929205094422485,1.7918955055654968,465.8622620601613,2.6682575311332677,2791.4178677103846,3.445824854065396
2019Q4,157.87583860819765,2.198315670464071,132.236464010287,2.121351227728001,198.75812642193432,2.2983248942495345,148.16394520000168,2.1707425335642307,67.96154645135994,1.8322632525932832,82.82480333333334,1.9181604133273207,97.8901323249533,1.9907389155742263,30.9638873163367,1.4908554783046593,17.9617870327819,1.2543495427916165,18.5088409120134,1.2673792225736407,148.3,2.1711411510283822,149.81619370439552,2.175558759,172.03,2.2356041893398375,0.00879610625696347,0.008620153177784522,4.5,5.054347826086956,1.767530865000011,112.47,2.051036695141213,111.86,2.0486748149922294,63.35114941338855,1.801754498925278,439.84023490004944,2.643294954437753,2815.9652918385914,3.449627297609325
2020Q1,172.43242639866764,2.2366189394573115,131.55356873709968,2.119102633963396,188.26692512268033,2.274774029531292,155.49086070000033,2.191704867548043,83.47034458399736,1.9215322063683768,81.34838666666667,1.9103489442585937,151.494670081383,2.1803973536636505,51.8219169915335,1.7145134743280397,15.1768477870448,1.181181578486271,15.2165761665813,1.1823169442062151,155.54,2.1918420946191057,,,168.09,2.2255418771872306,-0.02290298203801666,-0.03169908829498013,3.75,4.277472527472527,0.5308473674999759,120.78,2.081995025272298,105.37666666666668,2.022744456609429,50.45248484848484,1.7028825606504319,461.3267805137277,2.664008666599905,2751.490569088719,3.439568028577396
2020Q2,122.76829688295751,2.0890862310853353,115.154345338224,2.061280330670258,179.146643334661,2.253208675215546,130.787714,2.1165669489376935,47.706453712844336,1.678577134224303,56.49748,1.7520290770848952,73.7447642916596,1.8677311918372128,30.9141873236985,1.4901578341933819,27.2684440530581,1.4356603576537827,27.779099857209,1.4437181689256893,130.7,2.116275587580544,,,153.17,2.185173712357337,-0.08876197275269215,-0.06585899071467549,2.25,3.18956043956044,-0.4306129372000034,143.49,2.1568216355916268,90.86,1.9583727324786073,29.44449494949495,1.4690041094273447,387.64550040498347,2.5884347472617293,2507.136929751383,3.399178054026608
2020Q3,142.97630012090568,2.155264054390019,137.27648968128668,2.137596165234099,199.105667003955,2.2990836212203845,143.5500658,2.1570033959030255,65.6436723496435,1.8171928690991115,79.10296,1.898192734921374,82.7818874019785,1.917935323960368,35.0514477806368,1.5447059609661877,23.7807096355689,1.376224810173899,23.7337014675574,1.3753654753254312,143.48,2.156791368003929,,,165.3,2.2182728535714475,0.07919305347000072,0.16795502622269287,2,2.097826086956522,1.2447095296000077,148.13333333333333,2.1706527955491675,103.90333333333334,2.0166294804258174,42.90592463768116,1.6325172656065399,425.54599614765635,2.62894650870617,2705.8092767190656,3.4322971814014354
2020Q4,200.39769039787,2.3018927119395167,144.965324637568,2.161264132445352,212.44264658930737,2.3272417031781507,163.37029100000032,2.2131730826257003,79.5952383512739,1.900887087591673,95.24057333333332,1.978822001125466,118.655626822071,2.0742883379164705,45.3181794324169,1.656272454626119,19.7516547013857,1.2956034846499995,20.3740083824531,1.3090764805036104,163.52,2.2135708784546186,,,171.65,2.2346438077617687,0.03841500302480338,-0.04077805044519734,2,2,3.1313823289999876,147.89333333333337,2.169948597514124,112.57333333333334,2.0514355258815202,44.24239652160705,1.6458386437921273,484.9812485330115,2.685724947228917,2809.6715394778134,3.448655552314316
2021Q1,224.67121611954937,2.3515474360987945,146.64614937211934,2.166270663781652,235.28510931141568,2.3715944424819324,173.62455330000134,2.2396111413973983,82.20222745517327,1.9148835858902178,99.53813333333332,1.997989492037557,116.658972348163,2.0669181463997752,44.1371113983545,1.644803906877169,19.7395218155196,1.2953366277968115,19.6507156212204,1.2933783707261044,173.67,2.2397248042864657,,,173.15,2.2384224958854797,0.00873871249635893,-0.02967629052844445,2.75,2.1166666666666667,2.052492994999988,149.34,2.1741761469922367,129.6233333333333,2.1126831853755745,60.820166666666665,1.7840476059152242,515.0889533091593,2.711882236022456,2834.2555039657177,3.452438998685135
2021Q2,171.39186234631532,2.2339901978556176,148.208644979939,2.1708735366904275,218.742632582474,2.3399334345736205,165.41721719999967,2.218580710451151,78.13496772537357,1.8928454370976437,99.76771,1.9989900038332606,108.497117259438,2.03541819924491,40.5567692388247,1.6080633517090321,18.3804010418388,1.2643549830216638,18.8840162885666,1.2760943663637259,165.31,2.218299125885173,,,171.94,2.235376922402237,-0.00698816055443263,-0.01572687305079156,4.25,3.326923076923077,1.6786286369000258,143.93333333333334,2.1581613832785496,142.86,2.1549106457885236,68.8127922077922,1.837669180515097,490.3011119241846,2.6904628781574367,2814.520278274009,3.4494043820460623
2021Q3,159.12696278333866,2.2017437735868706,148.88289536377866,2.1728448060408003,242.04856997471063,2.383902521168494,165.21736420000133,2.218055689352062,73.22165586700073,1.8646395459845961,101.27478666666669,2.00550133702386,103.141260557654,2.0134324349036206,39.1990867089196,1.5932759486047139,24.2568977451827,1.3848352574415743,23.6353051614234,1.373561213961408,165.16,2.2179048742026644,,,172.2,2.236033147117636,0.00151215540304749,0.00850031595748012,6.25,4.956521739130435,3.0196768831999954,140.09333333333333,2.146417468865827,153.5,2.1861083798132053,73.46722943722943,1.8660936622370434,489.8687037259017,2.6900796945424585,2818.6311614819983,3.4500382489779224
2021Q4,152.533784832663,2.183366046576957,149.33790775061334,2.1741700624955946,250.78254411818463,2.3992973038612986,166.142595200001,2.220480989999672,74.18714397367323,1.8703286521114362,100.84113,2.003637703624945,109.895602498498,2.0409803143630105,40.7953652483898,1.610610825801044,16.940354943952,1.228922505675019,17.6172979107488,1.245939298375633,166.27,2.220813896785491,,,174.49,2.2417705426461243,0.01329849012775863,0.011786334724711139,9.25,7.684782608695652,2.958021687500012,145.03333333333333,2.1614678285730546,163.52,2.2135708784546186,79.60239538239539,1.9009261366535475,493.1473022086291,2.6929766616325805,2856.2424133962436,3.455795063864858
2022Q1,149.50252384620066,2.174648524320824,154.11460392840468,2.187843794493935,244.984894232202,2.389139306593712,163.1404314000007,2.212561606398213,75.3653384373883,1.8771716537416279,100.52736,2.0022842774769773,106.833006225859,2.0287054493892587,37.7967410746341,1.5774543555430904,23.0956398732447,1.3635299990384948,23.2536718088128,1.3664915387485619,163.14,2.2125604579711435,,,175.7,2.244771761495295,0.0069344948134562,-0.0063639953143024295,11.75,10.366666666666667,3.2006523548000043,134.63333333333333,2.1291525984503257,180.66,2.256862005896403,100.29315182884748,2.001271279735481,483.8751284809673,2.6847332996430904,2875.981905221318,3.4587861492743865
2022Q2,164.09031921244068,2.2150829598670154,159.71429521843,2.20334378937978,259.58218489641433,2.4142748835571815,168.57944119999968,2.226804609922137,77.37442608809548,1.8885974407332133,101.67838333333331,2.007228632402422,116.72386007991,2.0671596413227213,39.7874352903012,1.5997459452994844,25.1032162619075,1.399729367509508,25.8127596523926,1.4118344376216543,168.48,2.2265483538414115,,,177.71,2.249711866874659,0.01143995446784296,0.004505459654386759,13.25,12.458791208791208,2.2152663793999716,121.94333333333331,2.086158062331686,198.2,2.2971036501492565,113.57010533910534,2.055264028603335,499.70458201090366,2.698713331697796,2908.8448579575206,3.4637205589474034
2022Q3,170.93861164175834,2.232840172310778,157.070285785829,2.1960940339272113,273.201980245018,2.436483842909815,173.7667104000003,2.2399665795099257,78.34104689091444,1.8939893708359143,100.31090333333331,2.0013481413967025,122.938529367351,2.089688013637088,43.5609105819283,1.6390969495174716,29.7715662622076,1.4738016831902492,28.7511903951351,1.4586558306373334,173.79,2.2400247832187197,,,179.58,2.254257967223835,0.01052276180293732,-9.171926649056399e-4,13.75,13.565217391304348,-1.324543099200004,129.8,2.1132746924643504,180.22666666666663,2.2558190504019513,100.7072077922078,2.003060554886877,515.4646182860199,2.7121988604818106,2939.5192842771244,3.4682763136585146
2022Q4,172.43779166782534,2.2366324524060515,157.792093913696,2.198085239331751,290.6209586076893,2.463326930951162,171.71558169999932,2.2348097054072396,79.0858855332364,1.8980989818289777,98.45591666666668,1.9932418200015547,127.346201395817,2.104985994942037,44.4529788706251,1.6479008691021166,29.6359847316422,1.4718193623634013,30.8342336054191,1.4890331583704364,171.8,2.2350231594952237,,,180.35,2.256116146654382,0.00428778260385342,-0.006234979199083899,13.75,13.75,1.6286339977999995,127.99333333333333,2.1071873495545326,171.81333333333333,2.2350568636186274,88.581341991342,1.947342255481589,509.5484954674062,2.7071855235958733,2952.1363737061506,3.4701364158136254
2023Q1,146.39352690792032,2.165521873919625,156.93046449804865,2.195707260216039,286.60422885492466,2.45728259413812,165.38965340000067,2.218508337067576,71.7869612233855,1.8560455698277747,93.91225,1.972722245731589,117.356836493642,2.0695083940196835,42.2702737267089,1.6260350601690785,28.4366660816132,1.4538786783013533,28.7851084533289,1.459167870080663,165.34,2.218377933291753,,,182.75,2.2618573856298982,0.01330745772109787,0.009019675117244452,13.75,13.75,2.094210609200009,128.89,2.1102192236894037,164.17,2.2152937981865137,81.18478260869566,1.9094746320931715,490.3838659069594,2.690536173046157,2991.391385354602,3.4758732386346916
2023Q2,152.56464278317063,2.1834538965064287,159.616942848049,2.2030789884863724,285.98163784925,2.4563381490844454,165.84338470000068,2.219698152698521,71.20975856256827,1.8525395132923086,88.65093999999999,1.9476833449527136,127.224426140927,2.1045705006190922,42.5699900981492,1.6291035491595263,28.1678786686667,1.4497541413704913,29.109724100451,1.464038089251263,165.72,2.219374924626256,,,184.2,2.26528962586083,0.00793433652530772,-0.005373121195790151,13.75,13.75,0.760729877599986,120.88,2.082354451330969,161.59,2.2084144809484814,78.34818819776714,1.8940289578587253,491.5275110382799,2.691547830525724,3015.1103449315974,3.479303210777323
2023Q3,151.311216174106,2.1798711219556264,155.184419080737,2.190848114815565,273.71869013966534,2.437304453045461,161.65423990000068,2.208587099860201,69.93384610925757,1.844687413526884,86.51577333333333,1.937095294136814,117.203482981284,2.0689405179711176,38.7421739917512,1.5881839872176429,33.0235178854471,1.5188233353368028,32.6050484376077,1.513284849725816,161.83,2.2090590341287974,,,184.45,2.2658786595628224,0.00135722041259489,-0.0065771161127128296,12.75,13.375,0.6111867176000096,118.75,2.0746336182969043,168.66333333333333,2.2270206791404252,86.65380764163373,1.937787650736248,479.98569129055056,2.6812282909460436,3019.2129740989453,3.4798937490660444
2023Q4,147.687896505096,2.1693449049501665,154.760123687947,2.189659068147756,275.563812836419,2.4402221852336927,164.62860090000066,2.2165052873405138,68.02395150823537,1.8326618564760953,85.43063333333333,1.931613625983146,117.164439713445,2.068795820047103,38.6845898090105,1.587537996188378,32.0539048217629,1.5058809430356812,32.4893209539189,1.511740634427537,164.63,2.2165089781866003,,,185.14,2.2675002593932656,0.00374085117918143,0.00238363076658654,11.75,12.326086956521738,1.083587763199989,118.38,2.073278335635835,165.41,2.218561761646626,83.56820300751879,1.9220410635012721,488.28759735030314,2.6886756932156577,3030.54864690376,3.4815212597739436
2024Q1,152.81827810672834,2.1841753019238896,159.13371890337137,2.2017622122179588,288.069687281308,2.459497561164573,169.5530488,2.2293056034040606,75.57300675232186,1.8783667014286376,92.83389,1.9677065489897632,139.250671926563,2.1437972994529084,44.5775761856354,1.6491164509135996,33.8913780357565,1.5300892277679679,33.9714079831174,1.5311135470651,169.44,2.22901594276341,,,186.36,2.2703527017761833,0.00658960786431905,0.0028487566851376203,10.75,11.35989010989011,1.415491577599992,116.37333333333332,2.0658534741885854,165.35666666666668,2.2184217090058787,83.00356204906205,1.9190967302683344,502.5526775421989,2.701181591200671,3050.5400260814704,3.48437672773597
2024Q2,168.80857870812366,2.227394513325953,162.48096041338366,2.2108024774880857,306.775268597194,2.486820345026942,174.35789849999966,2.2414416259148484,81.57274366929677,1.9115450698883405,97.416,1.9886302930288915,142.129342809381,2.152683747910991,48.5987765039256,1.6866253358408474,33.699086955608,1.5276181342389075,34.4133525230771,1.5367269833256725,174.16,2.2409484160330377,,,189.55,2.2777237887624535,0.0171174071689204,0.010527799304601348,10.5,10.604395604395604,1.053515670799987,122.48333333333332,2.0880769969960036,173.39666666666668,2.239040744453989,84.64342857142857,1.9275932466038572,516.5577329573879,2.7131188673921747,3102.6308128649534,3.4917301012449844
2024Q3,165.714298596112,2.2193599829726107,165.44231244261766,2.218646591735717,317.052648054882,2.501131384808331,177.83789850000034,2.250024317688876,82.4675616033858,1.9162831535560976,96.86107,1.9861492622794752,156.375004666573,2.194167335661776,54.5685285046795,1.736942242753015,33.8545329097376,1.5296168262231524,34.2050280250636,1.534089950589409,178.24,2.2510051734936347,,,191.25,2.281601443825655,0.00896860986547087,-0.00814879730344953,10.75,10.532608695652174,0.8015076656000097,133.17666666666665,2.1244281405581042,169.02333333333334,2.22794666223747,79.84164941338854,1.9022295002699683,528.6513287604356,2.7231693281395954,3130.4991435922607,3.495613589311614
2024Q4,167.48394315809932,2.2239731771513913,165.37163363793232,2.2184610166371272,315.44799280319234,2.498927768333313,180.54119250000133,2.2565763067094107,82.4203949601666,1.9160346913413229,96.37942666666666,1.9839843384806124,159.815383965814,2.203618582549217,54.7477755074048,1.7383664777681254,36.4441035792076,1.5616272722929225,36.2845968017447,1.5597223015184212,180.48,2.2564290823032485,,,191.4,2.281941933440825,7.843137254901489e-4,-0.00818429613998072,12.25,11.266304347826088,1.4771353568000078,135.86,2.1330916102547084,176.53666666666666,2.2468349220590684,74.60594893029676,1.8727734586334368,535.2997290642638,2.728597023570383,3133.0438921448945,3.495966479140499
2025Q1,177.637917475027,2.2495356731122795,165.67462120018666,2.219255986289803,318.67079016700865,2.503342257227541,184.6366970000003,2.2663180223708697,91.63170908196244,1.962045786946365,96.97585333333332,1.986663609837728,200.592288047515,2.3023142321600187,69.2249072047304,1.840262382250757,34.6365547659129,1.5395346870241529,35.3429168516004,1.5483023889817176,184.45,2.2658786595628224,,,193.81,2.287376181552599,0.01259143155694886,0.011807117831458712,14.25,13.061111111111112,2.0403397376000276,132.89666666666665,2.123514088042597,181.08666666666667,2.2578864745754266,75.81377056277056,1.8797480966116553,547.0639656726042,2.738038109358092,3172.3819079099167,3.5013854644317877
2025Q2,167.38391305680668,2.2237137164626364,164.85388900032467,2.2170991968626055,316.72221138119033,2.5006785210354328,181.3235795,2.258454283857606,82.42971040076013,1.9160837740451733,95.94632,1.9820283221215957,164.094537374752,2.2150941238471864,57.3971178396254,1.7588900851196991,36.098741420515,1.557492060530208,37.1087507766696,1.5694763345716127,181.01,2.2577025683766574,,,194.5,2.2889196056617265,0.00356018781280642,-0.00903124374414244,15,14.57967032967033,0.9327766831999762,129.8733333333333,2.1135199872926185,176.81666666666666,2.2475231990267006,68.01075396825397,1.832577589468106,536.8762794147849,2.7298742161315346,3183.778975938386,3.5029429105536534
2025Q3,173.03976914117166,2.238145927022909,165.3157393266523,2.218314203706399,328.459923453558,2.516482387336426,181.7366769,2.2594425826072917,87.00673850647,1.9395528892030724,94.06087666666669,1.9734090221425884,192.039887533554,2.283391442956516,63.3706241691787,1.8018879847312852,40.3572459348362,1.605921521387621,41.3603251069695,1.6165839438094831,182.35,2.2609057676498,,,194.71,2.2893882567757773,0.0010796915167095,-0.00248049629609692,15,15,0.6304326271999949,127.03666666666666,2.1039290897172673,180,2.255272505103306,68.96558629776021,1.8386324326314822,540.837701801429,2.7330669586613907,3187.24177784291,3.503415009441812
2025Q4,164.794086534549,2.21694162343214,161.14441208487565,2.20721525032133,330.95086782203566,2.5197635242362098,175.49886859999933,2.2442743210163103,81.37698482495371,1.9105015943628851,91.81184666666668,1.9628987227046948,180.271074284945,2.2559260468209548,56.7452250054426,1.753929322410781,49.798411173448,1.6972154867434184,49.5647041378754,1.6951725181271424,175.41,2.244054348556946,,,195.2,2.290479813330673,0.00251656309383174,0.00143687157712224,15,15,0.6010535346000045,124.28666666666666,2.0944245405186757,179.77,2.2547172184232283,63.62825465838509,1.8036500105750854,520.2720531111819,2.716230497997566,3195.163338308787,3.504493064407719
