trimestre,pulso_2020T2,pulso_2020T3,d_ls2018T2,d_ao2018T3,d_ls2019T1,d_ls2019T3,d_ao2020T3,d_ao2021T1,d_ao2021T2,degrau_2011T1
2002Q1,0,0,0,0,0,0,0,0,0,0
2002Q2,0,0,0,0,0,0,0,0,0,0
2002Q3,0,0,0,0,0,0,0,0,0,0
2002Q4,0,0,0,0,0,0,0,0,0,0
2003Q1,0,0,0,0,0,0,0,0,0,0
2003Q2,0,0,0,0,0,0,0,0,0,0
2003Q3,0,0,0,0,0,0,0,0,0,0
2003Q4,0,0,0,0,0,0,0,0,0,0
2004Q1,0,0,0,0,0,0,0,0,0,0
2004Q2,0,0,0,0,0,0,0,0,0,0
2004Q3,0,0,0,0,0,0,0,0,0,0
2004Q4,0,0,0,0,0,0,0,0,0,0
2005Q1,0,0,0,0,0,0,0,0,0,0
2005Q2,0,0,0,0,0,0,0,0,0,0
2005Q3,0,0,0,0,0,0,0,0,0,0
2005Q4,0,0,0,0,0,0,0,0,0,0
2006Q1,0,0,0,0,0,0,0,0,0,0
2006Q2,0,0,0,0,0,0,0,0,0,0
2006Q3,0,0,0,0,0,0,0,0,0,0
2006Q4,0,0,0,0,0,0,0,0,0,0
2007Q1,0,0,0,0,0,0,0,0,0,0
2007Q2,0,0,0,0,0,0,0,0,0,0
2007Q3,0,0,0,0,0,0,0,0,0,0
2007Q4,0,0,0,0,0,0,0,0,0,0
2008Q1,0,0,0,0,0,0,0,0,0,0
2008Q2,0,0,0,0,0,0,0,0,0,0
2008Q3,0,0,0,0,0,0,0,0,0,0
2008Q4,0,0,0,0,0,0,0,0,0,0
2009Q1,0,0,0,0,0,0,0,0,0,0
2009Q2,0,0,0,0,0,0,0,0,0,0
2009Q3,0,0,0,0,0,0,0,0,0,0
2009Q4,0,0,0,0,0,0,0,0,0,0
2010Q1,0,0,0,0,0,0,0,0,0,0
2010Q2,0,0,0,0,0,0,0,0,0,0
2010Q3,0,0,0,0,0,0,0,0,0,0
2010Q4,0,0,0,0,0,0,0,0,0,0
2011Q1,0,0,0,0,0,0,0,0,0,1
2011Q2,0,0,0,0,0,0,0,0,0,1
2011Q3,0,0,0,0,0,0,0,0,0,1
2011Q4,0,0,0,0,0,0,0,0,0,1
2012Q1,0,0,0,0,0,0,0,0,0,1
2012Q2,0,0,0,0,0,0,0,0,0,1
2012Q3,0,0,0,0,0,0,0,0,0,1
2012Q4,0,0,0,0,0,0,0,0,0,1
2013Q1,0,0,0,0,0,0,0,0,0,1
2013Q2,0,0,0,0,0,0,0,0,0,1
2013Q3,0,0,0,0,0,0,0,0,0,1
2013Q4,0,0,0,0,0,0,0,0,0,1
2014Q1,0,0,0,0,0,0,0,0,0,1
2014Q2,0,0,0,0,0,0,0,0,0,1
2014Q3,0,0,0,0,0,0,0,0,0,1
2014Q4,0,0,0,0,0,0,0,0,0,1
2015Q1,0,0,0,0,0,0,0,0,0,1
2015Q2,0,0,0,0,0,0,0,0,0,1
2015Q3,0,0,0,0,0,0,0,0,0,1
2015Q4,0,0,0,0,0,0,0,0,0,1
2016Q1,0,0,0,0,0,0,0,0,0,1
2016Q2,0,0,0,0,0,0,0,0,0,1
2016Q3,0,0,0,0,0,0,0,0,0,1
2016Q4,0,0,0,0,0,0,0,0,0,1
2017Q1,0,0,0,0,0,0,0,0,0,1
2017Q2,0,0,0,0,0,0,0,0,0,1
2017Q3,0,0,0,0,0,0,0,0,0,1
2017Q4,0,0,0,0,0,0,0,0,0,1
2018Q1,0,0,0,0,0,0,0,0,0,1
2018Q2,0,0,1,0,0,0,0,0,0,1
2018Q3,0,0,0,1,0,0,0,0,0,1
2018Q4,0,0,0,-1,0,0,0,0,0,1
2019Q1,0,0,0,0,1,0,0,0,0,1
2019Q2,0,0,0,0,0,0,0,0,0,1
2019Q3,0,0,0,0,0,1,0,0,0,1
2019Q4,0,0,0,0,0,0,0,0,0,1
2020Q1,0,0,0,0,0,0,0,0,0,1
2020Q2,1,0,0,0,0,0,0,0,0,1
2020Q3,0,1,0,0,0,0,1,0,0,1
2020Q4,0,0,0,0,0,0,-1,0,0,1
2021Q1,0,0,0,0,0,0,0,1,0,1
2021Q2,0,0,0,0,0,0,0,-1,1,1
2021Q3,0,0,0,0,0,0,0,0,-1,1
2021Q4,0,0,0,0,0,0,0,0,0,1
2022Q1,0,0,0,0,0,0,0,0,0,1
2022Q2,0,0,0,0,0,0,0,0,0,1
2022Q3,0,0,0,0,0,0,0,0,0,1
2022Q4,0,0,0,0,0,0,0,0,0,1
2023Q1,0,0,0,0,0,0,0,0,0,1
2023Q2,0,0,0,0,0,0,0,0,0,1
2023Q3,0,0,0,0,0,0,0,0,0,1
2023Q4,0,0,0,0,0,0,0,0,0,1
2024Q1,0,0,0,0,0,0,0,0,0,1
2024Q2,0,0,0,0,0,0,0,0,0,1
2024Q3,0,0,0,0,0,0,0,0,0,1
2024Q4,0,0,0,0,0,0,0,0,0,1
2025Q1,0,0,0,0,0,0,0,0,0,1
2025Q2,0,0,0,0,0,0,0,0,0,1
2025Q3,0,0,0,0,0,0,0,0,0,1
2025Q4,0,0,0,0,0,0,0,0,0,1
