nome,tipo,datas,series_ou_equacoes,uso,justificativa,forma
pulso_2020T2,pulso,2020T2,VAR estendido e LP com amostra ate 2025,baseline,"Pandemia. supF das equacoes do VAR estendido com maximo em 2020T2 (inf_diss p = 0,013; fbcf_me p < 0,001); Chow em 2020T2 p = 0,002 e <0,001; os dois pulsos juntos na equacao de fbcf_me: F = 7,01, p = 0,002. Com os pulsos a elasticidade em h = 40 vai de 0,154 para 0,173.","Regressor da equacao em diferenca (VAR em diferenca, LP em diferenca): entra como esta, sem diferenciar de novo."
pulso_2020T3,pulso,2020T3,VAR estendido e LP com amostra ate 2025,baseline,"Pandemia. supF das equacoes do VAR estendido com maximo em 2020T2 (inf_diss p = 0,013; fbcf_me p < 0,001); Chow em 2020T2 p = 0,002 e <0,001; os dois pulsos juntos na equacao de fbcf_me: F = 7,01, p = 0,002. Com os pulsos a elasticidade em h = 40 vai de 0,154 para 0,173.","Regressor da equacao em diferenca (VAR em diferenca, LP em diferenca): entra como esta, sem diferenciar de novo."
d_ls2018T2,pulso,2018T2,VAR estendido e LP com inf_diss ou estatais_total,robustez,"Outlier do X-11 de inf_diss (A3, via estatais_total, trecho do boletim da SEST), diferenciado para a equacao em diferenca (degrau no nivel). Chow da equacao de inf_diss em 2018T4: p = 0,020; a equacao de INF da dissertacao sem a DUM tem quebra no fim da amostra (supF p < 0,001). Nao move o resultado: os quatro outliers de 2018-2019 levam a elasticidade em h = 40 de 0,154 para 0,140; a DUM da dissertacao, para 0,141.","Regressor da equacao em diferenca (VAR em diferenca, LP em diferenca): entra como esta, sem diferenciar de novo."
d_ao2018T3,pulso (+1 e -1 no trimestre seguinte),2018T3 2018T4,VAR estendido e LP com inf_diss ou estatais_total,robustez,"Outlier do X-11 de inf_diss (A3, via estatais_total, trecho do boletim da SEST), diferenciado para a equacao em diferenca (impulso no nivel). Chow da equacao de inf_diss em 2018T4: p = 0,020; a equacao de INF da dissertacao sem a DUM tem quebra no fim da amostra (supF p < 0,001). Nao move o resultado: os quatro outliers de 2018-2019 levam a elasticidade em h = 40 de 0,154 para 0,140; a DUM da dissertacao, para 0,141.","Regressor da equacao em diferenca (VAR em diferenca, LP em diferenca): entra como esta, sem diferenciar de novo."
d_ls2019T1,pulso,2019T1,VAR estendido e LP com inf_diss ou estatais_total,robustez,"Outlier do X-11 de inf_diss (A3, via estatais_total, trecho do boletim da SEST), diferenciado para a equacao em diferenca (degrau no nivel). Chow da equacao de inf_diss em 2018T4: p = 0,020; a equacao de INF da dissertacao sem a DUM tem quebra no fim da amostra (supF p < 0,001). Nao move o resultado: os quatro outliers de 2018-2019 levam a elasticidade em h = 40 de 0,154 para 0,140; a DUM da dissertacao, para 0,141.","Regressor da equacao em diferenca (VAR em diferenca, LP em diferenca): entra como esta, sem diferenciar de novo."
d_ls2019T3,pulso,2019T3,VAR estendido e LP com inf_diss ou estatais_total,robustez,"Outlier do X-11 de inf_diss (A3, via estatais_total, trecho do boletim da SEST), diferenciado para a equacao em diferenca (degrau no nivel). Chow da equacao de inf_diss em 2018T4: p = 0,020; a equacao de INF da dissertacao sem a DUM tem quebra no fim da amostra (supF p < 0,001). Nao move o resultado: os quatro outliers de 2018-2019 levam a elasticidade em h = 40 de 0,154 para 0,140; a DUM da dissertacao, para 0,141.","Regressor da equacao em diferenca (VAR em diferenca, LP em diferenca): entra como esta, sem diferenciar de novo."
d_ao2020T3,pulso (+1 e -1 no trimestre seguinte),2020T3 2020T4,VAR estendido e LP com inf_diss ou estatais_total,robustez,"AO do X-11 de inf_diss (A3, via estatais_total; picos da OI que a serie ajustada D11 mantem), diferenciado para a equacao em diferenca (impulso no nivel). Chow das equacoes estendidas em 2020T1 e 2020T2 com p minimo <0,001. E a quebra de dados que mais move o resultado: os tres AO de 2020-2021 levam a elasticidade em h = 40 de 0,154 para 0,364 (com os pulsos da pandemia, todos os outliers do X-11 dao 0,344). A A3 manteve os AO no baseline (decisao do coordenador); estas dummies sao a robustez equivalente a variante sem AO (0,277).","Regressor da equacao em diferenca (VAR em diferenca, LP em diferenca): entra como esta, sem diferenciar de novo."
d_ao2021T1,pulso (+1 e -1 no trimestre seguinte),2021T1 2021T2,VAR estendido e LP com inf_diss ou estatais_total,robustez,"AO do X-11 de inf_diss (A3, via estatais_total; picos da OI que a serie ajustada D11 mantem), diferenciado para a equacao em diferenca (impulso no nivel). Chow das equacoes estendidas em 2020T1 e 2020T2 com p minimo <0,001. E a quebra de dados que mais move o resultado: os tres AO de 2020-2021 levam a elasticidade em h = 40 de 0,154 para 0,364 (com os pulsos da pandemia, todos os outliers do X-11 dao 0,344). A A3 manteve os AO no baseline (decisao do coordenador); estas dummies sao a robustez equivalente a variante sem AO (0,277).","Regressor da equacao em diferenca (VAR em diferenca, LP em diferenca): entra como esta, sem diferenciar de novo."
d_ao2021T2,pulso (+1 e -1 no trimestre seguinte),2021T2 2021T3,VAR estendido e LP com inf_diss ou estatais_total,robustez,"AO do X-11 de inf_diss (A3, via estatais_total; picos da OI que a serie ajustada D11 mantem), diferenciado para a equacao em diferenca (impulso no nivel). Chow das equacoes estendidas em 2020T1 e 2020T2 com p minimo <0,001. E a quebra de dados que mais move o resultado: os tres AO de 2020-2021 levam a elasticidade em h = 40 de 0,154 para 0,364 (com os pulsos da pandemia, todos os outliers do X-11 dao 0,344). A A3 manteve os AO no baseline (decisao do coordenador); estas dummies sao a robustez equivalente a variante sem AO (0,277).","Regressor da equacao em diferenca (VAR em diferenca, LP em diferenca): entra como esta, sem diferenciar de novo."
degrau_2011T1,degrau,de 2011T1 em diante,uniao_econ_dt_g1 uniao_gnd4_dir uniao_soc_dir,robustez nas LP com choques da Uniao,"Queda do crescimento medio da execucao direta da Uniao a partir de 2011 (fim da aceleracao de 2007-2010). Chow em media com t de Newey-West em 2011T1: p = uniao_econ_dir 0,055; uniao_econ_dt_g1 0,029; uniao_gnd4_dir 0,004; uniao_soc_dir 0,026. Bai-Perron (BIC e LWZ) nao seleciona quebra nessas series; a janela 2011T1-2016T4 da mudanca de composicao por elemento nao e significativa (p de Newey-West de 0,128 a 0,228). Na equacao em diferenca, um degrau muda o drift.","Regressor da equacao em diferenca (VAR em diferenca, LP em diferenca): entra como esta, sem diferenciar de novo."
