amostra,janela,ecdet,K,dumvar,T_efetivo,hipotese,traco,fator_ra,traco_ra,cv10,cv5,cv1,rejeita5_assintotico,rejeita5_ra,p_boot,B,autovalor
2002-2019 original,2002Q1-2019Q4,trend,3,DUM,69,r = 0,24.19345708519573,0.9130434782608695,22.089678208222185,22.76,25.32,30.45,FALSE,FALSE,0.17017017017017017,999,0.2521008083875824
2002-2019 original,2002Q1-2019Q4,trend,3,DUM,69,r <= 1,4.1498485195409405,0.9130434782608695,3.78899212653738,10.49,12.25,16.26,FALSE,FALSE,0.8398398398398398,999,0.058369876916099156
2002-2019 original,2002Q1-2019Q4,const,3,DUM,69,r = 0,23.493457820002398,0.9130434782608695,21.450548444350016,17.85,19.96,24.6,TRUE,TRUE,0.036036036036036036,999,0.24479019150833042
2002-2019 original,2002Q1-2019Q4,const,3,DUM,69,r <= 1,4.121040155577879,0.9130434782608695,3.7626888377015417,7.52,9.24,12.97,FALSE,FALSE,0.48348348348348347,999,0.05797665246701552
2003-2019,2003Q1-2019Q4,trend,3,DUM,65,r = 0,28.791863426900182,0.9076923076923077,26.13415295672478,22.76,25.32,30.45,TRUE,TRUE,0.08608608608608609,999,0.2759182268874419
2003-2019,2003Q1-2019Q4,trend,3,DUM,65,r <= 1,7.806551892290121,0.9076923076923077,7.085947102232571,10.49,12.25,16.26,FALSE,FALSE,0.4694694694694695,999,0.11316895888762918
2003-2019,2003Q1-2019Q4,const,3,DUM,65,r = 0,19.509160632535668,0.9076923076923077,17.708315035686223,17.85,19.96,24.6,FALSE,FALSE,0.17517517517517517,999,0.21868790228578808
2003-2019,2003Q1-2019Q4,const,3,DUM,65,r <= 1,3.468421891488802,0.9076923076923077,3.1482598707359895,7.52,9.24,12.97,FALSE,FALSE,0.6286286286286287,999,0.05196166216645461
2003-2025,2003Q1-2025Q4,trend,3,"p2020Q2, p2020Q3",89,r = 0,26.293525163320997,0.9325842696629213,24.520927961299353,22.76,25.32,30.45,TRUE,FALSE,0.12412412412412413,999,0.20208730557327573
2003-2025,2003Q1-2025Q4,trend,3,"p2020Q2, p2020Q3",89,r <= 1,6.20123288651326,0.9325842696629213,5.783172242478658,10.49,12.25,16.26,FALSE,FALSE,0.4944944944944945,999,0.06730475746340536
2003-2025,2003Q1-2025Q4,const,3,"p2020Q2, p2020Q3",89,r = 0,16.309903740413656,0.9325842696629213,15.210359668026218,17.85,19.96,24.6,FALSE,FALSE,0.24124124124124124,999,0.12539661376511835
2003-2025,2003Q1-2025Q4,const,3,"p2020Q2, p2020Q3",89,r <= 1,4.385259365438655,0.9325842696629213,4.089623902600094,7.52,9.24,12.97,FALSE,FALSE,0.2952952952952953,999,0.04807837774085742
