medida,par,rotulo,choque_a,choque_b,resposta,amostra,p,h,est_a,ep_a,est_b,ep_b,diferenca,ep_diferenca,wald,p_wald,gl,p_wald_pa,f1_a,f1_b,n,est_sep_a,ep_sep_a,est_sep_b,ep_sep_b,baixo_poder
multiplicador,uniao_econ_dir x uniao_soc_dir,Uniao economica x social (direta),uniao_econ_dir,uniao_soc_dir,fbcf_real_rs_bi,2003T1-2025T4,3,4,6.350521788664847,3.789328292511429,24.310106614436723,16.230011967939433,-17.959584825771877,19.11750478813474,0.8825314081949652,0.34750928332823,67,0.40445192503027005,18.513204392463145,31.533440526882423,84,9.902288209860362,3.641338212341757,39.867636214454905,9.55774789524185,FALSE
multiplicador,uniao_econ_dir x uniao_soc_dir,Uniao economica x social (direta),uniao_econ_dir,uniao_soc_dir,fbcf_real_rs_bi,2003T1-2025T4,3,8,9.930738143889588,5.565289140188199,22.452411875973745,20.56907923610013,-12.521673732084157,24.553816892850453,0.26006789433552135,0.6100735143261524,63,0.6524258265044773,12.34513241631617,23.366798101295302,80,13.260335165395055,5.52972040363477,47.87404287387002,10.876537864036825,FALSE
multiplicador,uniao_econ_dir x uniao_soc_dir,Uniao economica x social (direta),uniao_econ_dir,uniao_soc_dir,fbcf_real_rs_bi,2003T1-2025T4,3,12,16.380632399231544,9.07455686468172,13.637642757339417,23.2396530084401,2.7429896418921267,30.173764166110786,0.008263981798470635,0.9275669287863508,59,0.9364315257075015,8.3815155894676,14.478592820257209,76,18.143129744565304,8.253387534990205,49.500117462511895,11.549237422491693,FALSE
multiplicador,uniao_econ_dir x uniao_soc_dir,Uniao economica x social (direta),uniao_econ_dir,uniao_soc_dir,bndes_priv,2003T1-2025T4,3,4,-1.8731400814554995,1.7868719294041693,30.483454567238727,5.661695338549679,-32.35659464869423,7.076054564124507,20.909481821403233,4.815052823876074e-6,67,1.2054327906269323e-4,16.768270130621193,43.50751158506489,84,2.3169595135169043,1.815714365897771,24.800544219382726,3.6570416643899644,FALSE
multiplicador,uniao_econ_dir x uniao_soc_dir,Uniao economica x social (direta),uniao_econ_dir,uniao_soc_dir,bndes_priv,2003T1-2025T4,3,8,-3.1980003184891985,2.317340061635456,32.312238722418925,6.184853150248364,-35.510239040908125,7.999785995271206,19.70382098771729,9.042039118256808e-6,63,2.0732058358406837e-4,12.94325003838959,19.387840612139815,80,1.3251817959207344,2.229047523767826,23.42590391658718,4.738039002460809,FALSE
multiplicador,uniao_econ_dir x uniao_soc_dir,Uniao economica x social (direta),uniao_econ_dir,uniao_soc_dir,bndes_priv,2003T1-2025T4,3,12,-4.719543562064381,3.6743670524381753,35.16296672990339,6.878927964485009,-39.88251029196777,9.93367064228011,16.119273299948603,5.947567420299636e-5,59,7.943123885143802e-4,13.116954861068033,13.402815120435845,76,1.308839852121216,2.900544319012684,24.325424813269343,5.455717244017522,FALSE
multiplicador,uniao_econ_dir x uniao_soc_dir,Uniao economica x social (direta),uniao_econ_dir,uniao_soc_dir,imp_bk_real,2003T1-2025T4,3,4,-0.5004098314494694,0.8292783311739443,1.6208157378791421,3.219970055994516,-2.1212255693286117,3.8706517405324727,0.30033469933723694,0.5836726704166701,67,0.6261280043577777,19.53586259912881,68.75350547376917,84,-0.06566858674475551,0.6183141227187261,1.1199417198898796,2.1043064498442465,FALSE
multiplicador,uniao_econ_dir x uniao_soc_dir,Uniao economica x social (direta),uniao_econ_dir,uniao_soc_dir,imp_bk_real,2003T1-2025T4,3,8,-0.11099313062077121,0.8219731936380358,2.8387528809288063,2.9057816714894034,-2.9497460115495775,3.5331994366763264,0.6970002600152317,0.4037934898226178,63,0.4615250847079886,14.431318978539327,27.05415672360708,80,0.6555296973934734,0.6698883352073058,3.244506735066428,1.8652941868868171,FALSE
multiplicador,uniao_econ_dir x uniao_soc_dir,Uniao economica x social (direta),uniao_econ_dir,uniao_soc_dir,imp_bk_real,2003T1-2025T4,3,12,0.22939241287675666,1.1242503980556653,3.566528148982937,2.6103191744674983,-3.3371357361061804,3.460679190618644,0.9298760462830554,0.33489513644500557,59,0.3989633147112408,12.129143097600013,14.926262586665521,76,1.2260033513001434,0.9156330484468186,4.269544579987855,1.6430458687086789,FALSE
elasticidade,uniao_econ_dir x uniao_soc_dir,Uniao economica x social (direta),uniao_econ_dir,uniao_soc_dir,fbcf_cnt_vol,2003T1-2025T4,3,4,0.01786670666836242,0.030516081936936182,0.0893167597265972,0.057879997220322915,-0.07145005305823478,0.07464607384668068,0.9162018640677313,0.33847421893894364,67,0.3956769890942432,14.144270442675472,36.565957198201936,84,0.049205144903657363,0.035285923470025946,0.11602737152692305,0.04812125619846571,FALSE
elasticidade,uniao_econ_dir x uniao_soc_dir,Uniao economica x social (direta),uniao_econ_dir,uniao_soc_dir,fbcf_cnt_vol,2003T1-2025T4,3,8,0.03620986117976918,0.04310330916085173,0.0794624184014909,0.07453567090386302,-0.04325255722172172,0.09963043990664,0.1884688076182268,0.664194082662588,63,0.7013483220185113,12.42602521836826,22.16689855189386,80,0.06471650129625484,0.047237864943230796,0.13015787066628734,0.06089777101502701,FALSE
elasticidade,uniao_econ_dir x uniao_soc_dir,Uniao economica x social (direta),uniao_econ_dir,uniao_soc_dir,fbcf_cnt_vol,2003T1-2025T4,3,12,0.07541096298775847,0.07683713967525345,0.0369118710006579,0.08539545121831404,0.03849909198710057,0.14629225626220835,0.069256142350683,0.7924229300761346,59,0.8174397701164889,10.811356200925804,15.217491295413838,76,0.08511862247037201,0.06866066617392816,0.13182642493497423,0.06365472546772068,FALSE
elasticidade,uniao_econ_dir x uniao_soc_dir,Uniao economica x social (direta),uniao_econ_dir,uniao_soc_dir,fbcf_me,2003T1-2025T4,3,4,0.061562676459649676,0.0773893172086796,0.08250070528722642,0.08845181232703513,-0.02093802882757674,0.13908340110178619,0.02266318700275142,0.8803362487319512,67,0.8934504441434563,13.885751538144296,46.24420921194188,84,0.09322790674107766,0.08469169768668477,0.15161479769151018,0.07936848637421778,FALSE
elasticidade,uniao_econ_dir x uniao_soc_dir,Uniao economica x social (direta),uniao_econ_dir,uniao_soc_dir,fbcf_me,2003T1-2025T4,3,8,0.09648035482848252,0.09632108043345472,0.05167179294056176,0.10686734270479999,0.04480856188792076,0.17386533659893916,0.06641956086719415,0.7966230658238551,63,0.8198399528240622,13.098858139903653,19.81594905790771,80,0.11922855221428176,0.09852587794773102,0.16791686590000787,0.09275856171220448,FALSE
elasticidade,uniao_econ_dir x uniao_soc_dir,Uniao economica x social (direta),uniao_econ_dir,uniao_soc_dir,fbcf_me,2003T1-2025T4,3,12,0.20802913807411322,0.17803040845248272,-0.06694886247838677,0.14837825225639112,0.2749780005525,0.31120645272363084,0.7807261263147349,0.3769191565278632,59,0.43937499418994574,11.841497364237345,13.616063484641735,76,0.17606247314789053,0.13294730747104935,0.16206242584079797,0.09115751922793969,FALSE
multiplicador,uniao_econ_dt_g1 x uniao_soc_dt_g1,Uniao economica x social (direta + transferencia),uniao_econ_dt_g1,uniao_soc_dt_g1,fbcf_real_rs_bi,2003T1-2025T4,3,4,7.844575300430407,2.924055107227282,2.180310665851909,3.458037259812217,5.6642646345784975,4.746186648368987,1.4242867833429187,0.23269910627276463,67,0.2903169165711253,13.881674759928885,73.03451933414183,84,8.691412663518147,3.4358860780073233,5.061767366785675,3.975841519968285,FALSE
multiplicador,uniao_econ_dt_g1 x uniao_soc_dt_g1,Uniao economica x social (direta + transferencia),uniao_econ_dt_g1,uniao_soc_dt_g1,fbcf_real_rs_bi,2003T1-2025T4,3,8,9.345389165807493,4.2623343810663,4.679736843010274,4.22741595348219,4.665652322797219,6.808842768401264,0.4695459884481399,0.49319610924928003,63,0.5453170817849735,10.092803844880416,50.03017416146936,80,11.59963677893084,4.976948135194604,9.244303223760204,4.740036152620332,FALSE
multiplicador,uniao_econ_dt_g1 x uniao_soc_dt_g1,Uniao economica x social (direta + transferencia),uniao_econ_dt_g1,uniao_soc_dt_g1,fbcf_real_rs_bi,2003T1-2025T4,3,12,14.081175646143603,6.616252560296919,3.727922014795875,5.554380674650366,10.353253631347727,10.133536031565429,1.0438345671670368,0.3069313270073936,59,0.3716779035934643,8.501264035349177,54.25032198856896,76,16.40449222798771,6.82934514821375,9.130399216271393,5.7738040974496885,FALSE
multiplicador,uniao_econ_dt_g1 x uniao_soc_dt_g1,Uniao economica x social (direta + transferencia),uniao_econ_dt_g1,uniao_soc_dt_g1,bndes_priv,2003T1-2025T4,3,4,1.1600274722814874,1.7489086347949032,4.154477005877892,1.34404626518465,-2.9944495335964048,2.305318476956342,1.687221628949827,0.1939676248885193,67,0.2501378983383024,16.276713655960027,57.31629652247883,84,2.3237077953071053,1.9276642270909599,4.249389660162837,1.4753890328191364,FALSE
multiplicador,uniao_econ_dt_g1 x uniao_soc_dt_g1,Uniao economica x social (direta + transferencia),uniao_econ_dt_g1,uniao_soc_dt_g1,bndes_priv,2003T1-2025T4,3,8,-0.21196118992093427,1.5351925076155664,5.759762590161005,1.8396273405213635,-5.971723780081939,2.718143379092472,4.826748826280186,0.028021424270237023,63,0.05567417657427649,11.206731782354225,67.97234337212984,80,1.6480475656498288,2.064508529791567,5.270714427623767,1.6411891498120346,FALSE
multiplicador,uniao_econ_dt_g1 x uniao_soc_dt_g1,Uniao economica x social (direta + transferencia),uniao_econ_dt_g1,uniao_soc_dt_g1,bndes_priv,2003T1-2025T4,3,12,-0.5211060586281989,2.1058181156515112,6.394140527990261,1.770556555158904,-6.915246586618459,3.4897338731165455,3.926727139273961,0.04752434996776496,59,0.08602298756605581,10.036147350622548,46.84753884524062,76,2.1929524938842184,2.24556353870499,5.855053705489637,1.2994042886161865,FALSE
multiplicador,uniao_econ_dt_g1 x uniao_soc_dt_g1,Uniao economica x social (direta + transferencia),uniao_econ_dt_g1,uniao_soc_dt_g1,imp_bk_real,2003T1-2025T4,3,4,-0.22495947405119138,0.4797209516298161,1.0957976227304294,0.6048088679482171,-1.3207570967816207,0.8510105834929802,2.4086626791945114,0.12066540890600513,67,0.1703208650452896,18.002612643136956,82.05678141845564,84,0.09147568798963152,0.5967163176205786,1.1134408441787387,0.5906864663363238,FALSE
multiplicador,uniao_econ_dt_g1 x uniao_soc_dt_g1,Uniao economica x social (direta + transferencia),uniao_econ_dt_g1,uniao_soc_dt_g1,imp_bk_real,2003T1-2025T4,3,8,0.2351095769714065,0.4724318103988811,1.1068122690383966,0.5853112280422361,-0.8717026920669901,0.919074874494379,0.8995700489303315,0.34289702298456215,63,0.403155325915011,14.96770206330657,71.02763749214738,80,0.6524368883443775,0.6117378544168423,1.322528436651043,0.48313313629725296,FALSE
multiplicador,uniao_econ_dt_g1 x uniao_soc_dt_g1,Uniao economica x social (direta + transferencia),uniao_econ_dt_g1,uniao_soc_dt_g1,imp_bk_real,2003T1-2025T4,3,12,0.7148532498035938,0.5919543286674822,0.9527357237150245,0.5723756090470015,-0.2378824739114307,0.9908526412119631,0.0576377143112096,0.8102693559223632,59,0.8332024862303946,15.995989481069149,45.63107695858166,76,1.1773318882554835,0.7954744202653106,1.234262046207976,0.5836348036974172,FALSE
elasticidade,uniao_econ_dt_g1 x uniao_soc_dt_g1,Uniao economica x social (direta + transferencia),uniao_econ_dt_g1,uniao_soc_dt_g1,fbcf_cnt_vol,2003T1-2025T4,3,4,0.050739099932505805,0.03753768520039931,-3.1897826729766765e-4,0.04580829399904833,0.05105807819980347,0.06848365219081308,0.5558467905786432,0.4559384907810167,67,0.5077940959083235,14.890280192339144,66.77165463416682,84,0.04585494394088775,0.03885594658716027,0.029963442982887695,0.04369397518534535,FALSE
elasticidade,uniao_econ_dt_g1 x uniao_soc_dt_g1,Uniao economica x social (direta + transferencia),uniao_econ_dt_g1,uniao_soc_dt_g1,fbcf_cnt_vol,2003T1-2025T4,3,8,0.054067886023388176,0.04199397512905424,0.023594283984218506,0.05650837958099967,0.03047360203916967,0.07645387934338774,0.15887242689574252,0.6901967744123062,63,0.7247358762828319,11.82909797550777,49.94229335593918,80,0.06244246591741735,0.04965250285278766,0.06307898255263068,0.056699862017060884,FALSE
elasticidade,uniao_econ_dt_g1 x uniao_soc_dt_g1,Uniao economica x social (direta + transferencia),uniao_econ_dt_g1,uniao_soc_dt_g1,fbcf_cnt_vol,2003T1-2025T4,3,12,0.08470069831999608,0.05783510447792202,0.012898791694463521,0.07432727744351347,0.07180190662553255,0.095565191379659,0.5645110995609803,0.4524483407752898,59,0.5105511918249084,8.795151406717501,40.04724439576481,76,0.08519800477965002,0.0698682755823309,0.058088540032045555,0.08040562961809045,FALSE
elasticidade,uniao_econ_dt_g1 x uniao_soc_dt_g1,Uniao economica x social (direta + transferencia),uniao_econ_dt_g1,uniao_soc_dt_g1,fbcf_me,2003T1-2025T4,3,4,0.09047103997954675,0.07918339401933248,0.054573877226868094,0.07985546760261834,0.03589716275267866,0.10836513071030222,0.10973397966285968,0.7404471996046396,67,0.7682613375555725,15.186600689702805,56.644975710794746,84,0.10163627446137193,0.09181414494916318,0.11025612388996898,0.08888621640550529,FALSE
elasticidade,uniao_econ_dt_g1 x uniao_soc_dt_g1,Uniao economica x social (direta + transferencia),uniao_econ_dt_g1,uniao_soc_dt_g1,fbcf_me,2003T1-2025T4,3,8,0.09562776397260826,0.08056503818574771,0.07751018879024561,0.0947562990947338,0.01811757518236265,0.1104540481035744,0.02690523996797382,0.8697089690987256,63,0.8847330300702173,12.61687365647353,48.19852388913858,80,0.12532237623767253,0.10236631155752914,0.14784211771752503,0.10458650491189345,FALSE
elasticidade,uniao_econ_dt_g1 x uniao_soc_dt_g1,Uniao economica x social (direta + transferencia),uniao_econ_dt_g1,uniao_soc_dt_g1,fbcf_me,2003T1-2025T4,3,12,0.16004893628389716,0.1045847580426642,0.07560048268812139,0.12089233642484785,0.08444845359577577,0.1448609088707399,0.33984508330642904,0.5599186564130527,59,0.6094212878444585,9.540542886150666,37.578326181849974,76,0.19134469432029505,0.13271093348448443,0.15864434703965316,0.13294308621814455,FALSE
multiplicador,uniao_soc_dir x uniao_transf_soc_g1,Social: direta x transferencia,uniao_soc_dir,uniao_transf_soc_g1,fbcf_real_rs_bi,2003T1-2025T4,3,4,42.61465350808595,9.1543364761645,1.3919659410641554,3.0311744689562716,41.222687567021794,9.087870048774574,20.575404835533714,5.732792050167701e-6,67,1.349041923612588e-4,24.553838501495846,49.585847135542515,84,39.867636214454905,9.55774789524185,2.658962973074706,4.259760229828342,FALSE
multiplicador,uniao_soc_dir x uniao_transf_soc_g1,Social: direta x transferencia,uniao_soc_dir,uniao_transf_soc_g1,fbcf_real_rs_bi,2003T1-2025T4,3,8,53.010442682774155,10.471872591669774,3.9531606896563862,3.244750781020085,49.05728199311777,10.412149595278558,22.19862970531516,2.458491983676436e-6,63,9.129442283978288e-5,19.558144280586852,59.41598329256689,80,47.87404287387002,10.876537864036825,6.420938047434536,5.53407741808946,FALSE
multiplicador,uniao_soc_dir x uniao_transf_soc_g1,Social: direta x transferencia,uniao_soc_dir,uniao_transf_soc_g1,fbcf_real_rs_bi,2003T1-2025T4,3,12,53.757219046425206,11.544053811202025,2.7262186510858726,4.852741084487205,51.03100039533933,12.704922906547866,16.133332934112556,5.903579293966148e-5,59,7.905000218112081e-4,14.230257993663253,81.19188025666995,76,49.500117462511895,11.549237422491693,6.128078662951624,7.233628524343311,FALSE
multiplicador,uniao_soc_dir x uniao_transf_soc_g1,Social: direta x transferencia,uniao_soc_dir,uniao_transf_soc_g1,bndes_priv,2003T1-2025T4,3,4,22.956505580873323,3.566994391595238,1.529455551332877,1.188660097579085,21.427050029540446,4.157544430826253,26.561400421285747,2.552937488337983e-7,67,1.9121859702939685e-5,26.198454760600484,48.6562629179645,84,24.800544219382726,3.6570416643899644,3.0023927409869327,1.306132440342987,FALSE
multiplicador,uniao_soc_dir x uniao_transf_soc_g1,Social: direta x transferencia,uniao_soc_dir,uniao_transf_soc_g1,bndes_priv,2003T1-2025T4,3,8,21.667182452914556,4.269851285718526,2.353827160930198,1.5084552901133892,19.313355291984358,5.142117823566529,14.106894312349613,1.7270960004287048e-4,63,0.0014416703055081207,17.415016818866576,60.74787458282428,80,23.42590391658718,4.738039002460809,4.217633624493972,1.6500831100062794,FALSE
multiplicador,uniao_soc_dir x uniao_transf_soc_g1,Social: direta x transferencia,uniao_soc_dir,uniao_transf_soc_g1,bndes_priv,2003T1-2025T4,3,12,21.399959548320798,5.344447000097982,2.627301002919489,1.7846664038719,18.77265854540131,6.772999540799972,7.682268278257417,0.005576602953276655,59,0.01761762882379916,15.382706265248679,58.21558735850852,76,24.325424813269343,5.455717244017522,5.042038248829386,1.6847689189727517,FALSE
multiplicador,uniao_soc_dir x uniao_transf_soc_g1,Social: direta x transferencia,uniao_soc_dir,uniao_transf_soc_g1,imp_bk_real,2003T1-2025T4,3,4,-0.2772833888195241,2.019538430744539,1.3830846703716562,0.7143577049804656,-1.6603680591911802,2.490574462193754,0.444436459385636,0.5049889013353355,67,0.5535876671208251,31.670436054270198,60.33102529622714,84,1.1199417198898796,2.1043064498442465,1.1286809423756947,0.6574757400694817,FALSE
multiplicador,uniao_soc_dir x uniao_transf_soc_g1,Social: direta x transferencia,uniao_soc_dir,uniao_transf_soc_g1,imp_bk_real,2003T1-2025T4,3,8,2.8553896783599884,1.7438881575204963,1.0812707149368102,0.6419269749957299,1.7741189634231782,2.217892217428332,0.6398594703036617,0.4237616895809701,63,0.4804153699842024,21.102855208912,68.94618765271757,80,3.244506735066428,1.8652941868868171,1.1866156089684576,0.5738892265769464,FALSE
multiplicador,uniao_soc_dir x uniao_transf_soc_g1,Social: direta x transferencia,uniao_soc_dir,uniao_transf_soc_g1,imp_bk_real,2003T1-2025T4,3,12,3.49654498491619,1.897371414090982,0.8274031876315028,0.8369152072096121,2.6691417972846874,2.5507524819264322,1.0949811842971233,0.29537016884678186,59,0.3602927956387424,14.717348794263456,57.86384249663191,76,4.269544579987855,1.6430458687086789,1.077619328307646,0.7216866505465629,FALSE
elasticidade,uniao_soc_dir x uniao_transf_soc_g1,Social: direta x transferencia,uniao_soc_dir,uniao_transf_soc_g1,fbcf_cnt_vol,2003T1-2025T4,3,4,0.12898873835245528,0.04412122825841207,0.0011886418072678678,0.02531482533553105,0.12780009654518742,0.045113536766689444,8.025065987674397,0.004613434499672572,67,0.013763268019926953,42.6928577250195,39.814457068858516,84,0.11602737152692305,0.04812125619846571,0.00663019347394752,0.030413301398003374,FALSE
elasticidade,uniao_soc_dir x uniao_transf_soc_g1,Social: direta x transferencia,uniao_soc_dir,uniao_transf_soc_g1,fbcf_cnt_vol,2003T1-2025T4,3,8,0.14401582964436538,0.0593539797987814,0.022207077928093323,0.024128995912156278,0.12180875171627206,0.05667301483381787,4.619599784261482,0.03160861239814222,63,0.061038179219827834,28.360030135138462,32.8296386127752,80,0.13015787066628734,0.06089777101502701,0.03145088432391695,0.03851772337634529,FALSE
elasticidade,uniao_soc_dir x uniao_transf_soc_g1,Social: direta x transferencia,uniao_soc_dir,uniao_transf_soc_g1,fbcf_cnt_vol,2003T1-2025T4,3,12,0.14621546320275364,0.060566244446816214,0.022634648044149705,0.03769466108521688,0.12358081515860393,0.061487531742830934,4.039503526275811,0.044446895725323544,59,0.08175011271297321,15.864510771920175,42.63239506110113,76,0.13182642493497423,0.06365472546772068,0.022852497300844724,0.05477298131977386,FALSE
elasticidade,uniao_soc_dir x uniao_transf_soc_g1,Social: direta x transferencia,uniao_soc_dir,uniao_transf_soc_g1,fbcf_me,2003T1-2025T4,3,4,0.1438657156267833,0.07547719222295048,0.05234022346548685,0.057025631116339036,0.09152549216129645,0.09443407287340802,0.939348408715524,0.3324454706094813,67,0.3898051959716393,42.437933089605515,44.89684631704674,84,0.15161479769151018,0.07936848637421778,0.053559915913407474,0.06520159293777796,FALSE
elasticidade,uniao_soc_dir x uniao_transf_soc_g1,Social: direta x transferencia,uniao_soc_dir,uniao_transf_soc_g1,fbcf_me,2003T1-2025T4,3,8,0.1703203865568444,0.08406265008508271,0.06897997822888201,0.05568557192962948,0.10134040832796239,0.08884441138995895,1.30108320504694,0.25401545851990903,63,0.3153015271250438,26.28824900989473,36.58899291948967,80,0.16791686590000787,0.09275856171220448,0.08427782107566867,0.0764057941920596,FALSE
elasticidade,uniao_soc_dir x uniao_transf_soc_g1,Social: direta x transferencia,uniao_soc_dir,uniao_transf_soc_g1,fbcf_me,2003T1-2025T4,3,12,0.15614972024992826,0.07722911535039369,0.0823104632977509,0.07518893660236718,0.07383925695217737,0.0862231975916105,0.7333754811097967,0.3917912470072278,59,0.4535261647783807,15.310922977928952,57.16164251086086,76,0.16206242584079797,0.09115751922793969,0.08755948025036245,0.10371501949476868,FALSE
multiplicador,estatais_sempetro x estatais_petro,Estatais sem petroleo x petroleo (2016-2025),estatais_sempetro,estatais_petro,fbcf_real_rs_bi,2016T1-2025T4,2,4,29.691890030598188,12.380697545998746,-0.7903970239496303,0.32114558261432613,30.482287054547818,12.517422879815522,5.9301441230847916,0.014884024489354537,19,0.08026218688802014,68.1791134207061,69.50285278117163,33,14.353024355379205,7.645940578856811,-0.24000287565785516,0.7274235548709825,TRUE
multiplicador,estatais_sempetro x estatais_petro,Estatais sem petroleo x petroleo (2016-2025),estatais_sempetro,estatais_petro,fbcf_real_rs_bi,2016T1-2025T4,2,8,31.91357543496224,11.541861066402616,-1.3811800004215158,0.31290717241156235,33.294755435383756,11.488654645063583,8.398723992825456,0.003754844865104096,15,0.05464736505761301,73.51615521579913,85.97068283375668,29,12.659256071063965,6.029879641563171,-0.5149323283558918,0.7226951411510731,TRUE
multiplicador,estatais_sempetro x estatais_petro,Estatais sem petroleo x petroleo (2016-2025),estatais_sempetro,estatais_petro,bndes_priv,2016T1-2025T4,2,4,-1.3535152538313184,1.2435570230924906,0.3428441693591755,0.06778686457730963,-1.696359423190494,1.2596373561073755,1.813613282630864,0.178075389831104,19,0.3196819416461747,43.14781400427079,90.06903447890373,33,-0.2657600664247717,1.6446800738266507,0.327392056352017,0.08805795785312104,TRUE
multiplicador,estatais_sempetro x estatais_petro,Estatais sem petroleo x petroleo (2016-2025),estatais_sempetro,estatais_petro,bndes_priv,2016T1-2025T4,2,8,-2.4374507416215963,2.1010533791845747,0.34179322331836715,0.05359107514233302,-2.7792439649399636,2.1338280566653958,1.6964243603938727,0.19275625745247188,15,0.3637359401650363,9.385716829608802,120.99622773096515,29,-0.144024831267334,1.7100802430810047,0.2645652044608029,0.05464651692653034,TRUE
multiplicador,estatais_sempetro x estatais_petro,Estatais sem petroleo x petroleo (2016-2025),estatais_sempetro,estatais_petro,imp_bk_real,2016T1-2025T4,2,4,5.679214759486577,3.3608476624874406,0.39449366525940954,0.10855189492611046,5.284721094227168,3.352287529998093,2.485201578884455,0.1149216235526681,19,0.24633670420811893,68.6848745954105,60.752495119542964,33,3.971874466645623,4.639002288815219,0.5079113646231487,0.22744877267367425,TRUE
multiplicador,estatais_sempetro x estatais_petro,Estatais sem petroleo x petroleo (2016-2025),estatais_sempetro,estatais_petro,imp_bk_real,2016T1-2025T4,2,8,7.911105945094164,3.9382813880090377,0.249162627352705,0.08831196263129831,7.661943317741459,3.9327746092379647,3.7955940305614266,0.05138763599567072,15,0.18151670822335192,55.78785750893802,134.1272924699056,29,5.312516912571681,5.602724806066369,0.4688664202360773,0.20390232642124323,TRUE
elasticidade,estatais_sempetro x estatais_petro,Estatais sem petroleo x petroleo (2016-2025),estatais_sempetro,estatais_petro,fbcf_cnt_vol,2016T1-2025T4,2,4,0.1887849627968028,0.06210820244748077,-0.04371562232347859,0.015133022529763368,0.23250058512028138,0.06717218415704725,11.980340469810319,5.376475978464438e-4,19,0.01662196270379132,59.182726862063404,68.47999103528002,33,0.10529625750560068,0.0458688697543554,-0.024590709661346244,0.02862638453692468,TRUE
elasticidade,estatais_sempetro x estatais_petro,Estatais sem petroleo x petroleo (2016-2025),estatais_sempetro,estatais_petro,fbcf_cnt_vol,2016T1-2025T4,2,8,0.2017027078790452,0.07279111747148985,-0.06607024692578145,0.010087722266564328,0.26777295480482666,0.07070350599416281,14.34338059143039,1.5231427100332372e-4,15,0.01569172436588332,50.775806518723535,75.90717978230963,29,0.0954099124749197,0.04286365032083241,-0.0325844916807001,0.024984943787927746,TRUE
elasticidade,estatais_sempetro x estatais_petro,Estatais sem petroleo x petroleo (2016-2025),estatais_sempetro,estatais_petro,fbcf_me,2016T1-2025T4,2,4,0.16273218416171042,0.18118472003002262,-0.014326488231904355,0.053367090833770676,0.17705867239361478,0.2019175348803421,0.7689291690620406,0.38054852641814624,19,0.513810895163895,66.53394150718285,80.33981874233723,33,0.13871435298405865,0.13645518826483252,0.013124262384161034,0.06251661636876868,TRUE
elasticidade,estatais_sempetro x estatais_petro,Estatais sem petroleo x petroleo (2016-2025),estatais_sempetro,estatais_petro,fbcf_me,2016T1-2025T4,2,8,0.2110953728846514,0.16319393050511238,-0.11093367253775144,0.033360173424106083,0.32202904542240285,0.1629240250082134,3.9067878456015137,0.04809143277422793,15,0.1756198278294313,119.71782735231979,142.7613961918426,29,0.14874789927785947,0.10353739782995197,-0.03931677423788982,0.03972055260106624,TRUE
multiplicador,estatais_total x uniao_gnd4_dir,Estatais x Uniao direta (GND 4),estatais_total,uniao_gnd4_dir,fbcf_real_rs_bi,2003T1-2025T4,3,4,0.06267057122580266,0.9604716473823587,4.116701127323171,2.3144151513006506,-4.054030556097368,2.9552862824083035,1.8818063064201396,0.17012899118771457,67,0.22481263576501898,15.446358133405743,33.30566070426516,84,0.8102662555460767,0.9142840787907964,4.585458049539016,1.881023421924176,FALSE
multiplicador,estatais_total x uniao_gnd4_dir,Estatais x Uniao direta (GND 4),estatais_total,uniao_gnd4_dir,fbcf_real_rs_bi,2003T1-2025T4,3,8,-0.10152202273030514,1.1559470248271015,6.105950400480175,3.305672526017275,-6.20747242321048,4.243991999549641,2.1393433165793407,0.14356333387199852,63,0.19902880367875475,7.803900685426887,29.05408642481985,80,1.3778930200175288,1.0092049428410002,5.963462103717043,2.699456041168982,FALSE
multiplicador,estatais_total x uniao_gnd4_dir,Estatais x Uniao direta (GND 4),estatais_total,uniao_gnd4_dir,fbcf_real_rs_bi,2003T1-2025T4,3,12,0.38343595573343137,1.201660973440519,6.522574654370171,4.214867328547942,-6.1391386986367396,5.182984396963258,1.4029916546633798,0.2362233117315249,59,0.30091374224303197,7.677745224622218,19.61162281892776,76,1.8334288806210617,1.0645634007752878,6.6359560702574125,3.9443828483821006,FALSE
multiplicador,estatais_total x uniao_gnd4_dir,Estatais x Uniao direta (GND 4),estatais_total,uniao_gnd4_dir,bndes_priv,2003T1-2025T4,3,4,0.8709877093767269,0.24656693931582271,1.2061980905742782,0.5505004779782862,-0.3352103811975513,0.6749931683247785,0.24662447014491642,0.6194619851096682,67,0.6588166932408515,12.743716903370284,26.72171400342244,84,1.0793244626473992,0.2786965265330831,2.266930734185043,0.6543569452131085,FALSE
multiplicador,estatais_total x uniao_gnd4_dir,Estatais x Uniao direta (GND 4),estatais_total,uniao_gnd4_dir,bndes_priv,2003T1-2025T4,3,8,1.0120063564324335,0.3587928760382047,0.9806753891562267,0.62922065292062,0.03133096727620688,0.8972060489496765,0.001219447815759446,0.9721430597837802,63,0.975376316179303,6.563992503013894,22.635053425667714,80,1.2213934344435418,0.34438742217232143,2.222199977082782,0.725958113043899,FALSE
multiplicador,estatais_total x uniao_gnd4_dir,Estatais x Uniao direta (GND 4),estatais_total,uniao_gnd4_dir,bndes_priv,2003T1-2025T4,3,12,1.055825527873775,0.4066923869748366,0.8072421091290317,0.8308195600967639,0.2485834187447432,1.1406407113237584,0.04749485615231251,0.8274812009651245,59,0.8483872757264515,5.943515150452792,14.266017360134281,76,1.2280435443689357,0.3705024208659298,2.1922642647026804,0.9379285454703856,FALSE
multiplicador,estatais_total x uniao_gnd4_dir,Estatais x Uniao direta (GND 4),estatais_total,uniao_gnd4_dir,imp_bk_real,2003T1-2025T4,3,4,0.5502815147617055,0.16599468094674505,-0.5983975609643329,0.21695889831027726,1.1486790757260383,0.3239880206025076,12.570122643881824,3.9196285542772083e-4,67,0.002323445041646172,14.093846613069337,35.4497896819163,84,0.43262548192304734,0.1679859284234963,0.028017638518676974,0.2523459465533284,FALSE
multiplicador,estatais_total x uniao_gnd4_dir,Estatais x Uniao direta (GND 4),estatais_total,uniao_gnd4_dir,imp_bk_real,2003T1-2025T4,3,8,0.44494833653065613,0.17988846743886322,-0.2110292996727291,0.20150267518844664,0.6559776362033852,0.33751755508648584,3.777333533748063,0.051951388142982606,63,0.08948176911271358,6.579530432251313,31.69933846431893,80,0.3992446309788819,0.16387073005718822,0.2787363955079518,0.26765837948469506,FALSE
multiplicador,estatais_total x uniao_gnd4_dir,Estatais x Uniao direta (GND 4),estatais_total,uniao_gnd4_dir,imp_bk_real,2003T1-2025T4,3,12,0.48332380879910736,0.20525963325093494,-0.08627333730047224,0.20800241220135635,0.5695971460995796,0.3845190170543581,2.1943200046236058,0.13852032691849248,59,0.19690009786282686,6.002806727686008,17.74056473728731,76,0.46452063327501586,0.1754274233009472,0.5042168173185962,0.3420000971309147,FALSE
elasticidade,estatais_total x uniao_gnd4_dir,Estatais x Uniao direta (GND 4),estatais_total,uniao_gnd4_dir,fbcf_cnt_vol,2003T1-2025T4,3,4,-0.021507615050181925,0.04871557823973051,0.11854037945157826,0.05541746270253446,-0.1400479945017602,0.08403542885370657,2.7773393455703976,0.09560687683584025,67,0.14134405883161394,22.211191498518975,27.004186518530112,84,0.009764698133631178,0.05502513429803853,0.10366717728927048,0.05459577079634461,FALSE
elasticidade,estatais_total x uniao_gnd4_dir,Estatais x Uniao direta (GND 4),estatais_total,uniao_gnd4_dir,fbcf_cnt_vol,2003T1-2025T4,3,8,-0.030049624874295425,0.05120541806967934,0.16615476943674765,0.07104472441374644,-0.19620439431104308,0.10589802605983809,3.432746475244859,0.06391572651982329,63,0.10512310108001272,13.93270682178566,20.925803971871673,80,0.02520958090752924,0.05967081551078631,0.13434442464404395,0.0691212040357218,FALSE
elasticidade,estatais_total x uniao_gnd4_dir,Estatais x Uniao direta (GND 4),estatais_total,uniao_gnd4_dir,fbcf_cnt_vol,2003T1-2025T4,3,12,0.0012831942471261265,0.05575888889428052,0.18070329995852966,0.07177866059849333,-0.17942010571140354,0.10201611447839616,3.0931761982293207,0.07862120605541373,59,0.12658377956544845,15.261317628345735,15.373500914352887,76,0.033271684999739565,0.06855492633639668,0.15686939800106423,0.08260016484057947,FALSE
elasticidade,estatais_total x uniao_gnd4_dir,Estatais x Uniao direta (GND 4),estatais_total,uniao_gnd4_dir,fbcf_me,2003T1-2025T4,3,4,-0.036285901596915915,0.08274222556959905,0.1867791712132515,0.12042245062098973,-0.2230650728101674,0.17092797343280072,1.703087109321982,0.19188474492566013,67,0.2479449839555887,19.5536878066494,28.77677116225845,84,0.03989814536042341,0.08378470202625403,0.19772826036744656,0.09495488898178536,FALSE
elasticidade,estatais_total x uniao_gnd4_dir,Estatais x Uniao direta (GND 4),estatais_total,uniao_gnd4_dir,fbcf_me,2003T1-2025T4,3,8,-0.10848889119967503,0.0869611486575925,0.29126820195939096,0.15821103736114245,-0.399757093159066,0.22719649757793273,3.095915458945244,0.07848899342262057,63,0.1234343446914865,12.01320468666404,24.114840180993664,80,0.0188031258228354,0.07986626868259566,0.237984346325681,0.11136893428162059,FALSE
elasticidade,estatais_total x uniao_gnd4_dir,Estatais x Uniao direta (GND 4),estatais_total,uniao_gnd4_dir,fbcf_me,2003T1-2025T4,3,12,-0.06341726352714258,0.09149273704308268,0.3079245939797703,0.14951924115059814,-0.37134185750691284,0.21813360251698663,2.8980286007247598,0.08868795689208743,59,0.13896542223345812,12.682177836486401,16.356408599542846,76,0.02748382059200888,0.07053705074163354,0.275986640326077,0.10603153850185575,FALSE
