,count,mean,std,min,10%,25%,50%,75%,90%,max
fe,399.0,55.0562,15.3469,0.0,34.9037,44.4893,54.822,65.5274,74.2725,100.0
fd,399.0,46.1214,16.2026,0.0,26.7105,35.2165,44.7447,55.9909,68.375,100.0
fs,399.0,41.7783,13.9869,0.0,24.3009,33.1016,42.0662,51.4132,58.1769,100.0
pcm_padrao,399.0,0.4796,0.1023,0.2404,0.3503,0.408,0.4784,0.5413,0.6198,0.7889
pcm_p3,399.0,0.453,0.1043,0.1728,0.3193,0.3847,0.4498,0.5176,0.5896,0.783
pop,399.0,28682.6566,102806.6229,1323.0,3277.4,4933.5,9670.0,18596.0,45043.6,1773718.0
pop04,399.0,1749.7068,5310.8329,72.0,202.4,303.5,584.0,1208.5,2856.4,85003.0
prop_creche,399.0,0.3421,0.1258,0.0,0.1817,0.2486,0.3441,0.421,0.5168,0.6507
cad_prop,399.0,0.244,0.0928,0.0302,0.1333,0.173,0.2362,0.3028,0.3731,0.6117
ipdm_r,399.0,0.466,0.084,0.2324,0.3807,0.4097,0.4498,0.5095,0.5773,0.8332
mort_inf,399.0,10.2537,11.2711,0.0,0.0,0.0,8.0,15.04,25.016,55.56
prop04,399.0,0.1318,0.0118,0.1042,0.1171,0.1239,0.1306,0.1395,0.1473,0.1721
