etapa,variavel,n_benef,n_nao,media_benef,media_nao,mediana_benef,mediana_nao,p_mannwhitney
técnica,pop,209,190,48827.04785,6523.82632,16603.0,5550.0,0.0
técnica,pop04,209,190,2981.51196,394.72105,1105.0,323.0,0.0
técnica,fe,209,190,63.35053,45.93234,63.1127,45.88625,0.0
técnica,fd,209,190,51.38173,40.33496,50.03716,37.88306,0.0
técnica,fs,209,190,42.48799,40.99773,42.3231,41.6132,0.42619
técnica,pcm_padrao,209,190,0.52612,0.42839,0.52956,0.42926,0.0
técnica,ipdm_r,209,190,0.47829,0.45246,0.46231,0.43255,0.00275
técnica,cad_prop,209,190,0.25986,0.22647,0.24465,0.22689,0.0056
técnica,prop_creche,209,190,0.27055,0.42089,0.26721,0.41901,0.0
técnica,mort_inf,209,190,11.4301,8.95968,9.32,0.0,1e-05
consolidada,pop,224,175,42015.37054,11616.78286,11213.0,6587.0,0.0
consolidada,pop04,224,175,2557.30804,715.97714,740.5,419.0,0.0
consolidada,fe,224,175,63.94351,43.68034,63.2292,44.13152,0.0
consolidada,fd,224,175,51.10754,39.73906,50.39245,37.95703,0.0
consolidada,fs,224,175,45.77008,36.66891,46.27749,36.36725,0.0
consolidada,pcm_padrao,224,175,0.54107,0.40088,0.53269,0.40834,0.0
consolidada,ipdm_r,224,175,0.45599,0.47879,0.44037,0.47079,0.0008
consolidada,cad_prop,224,175,0.27569,0.20334,0.26454,0.2003,0.0
consolidada,prop_creche,224,175,0.27304,0.43061,0.26781,0.41897,0.0
consolidada,mort_inf,224,175,11.83406,8.23086,9.895,4.15,2e-05
