mun,porte_dc,pop,pop04,rank_pop,rank_pcm,pcm_padrao,tec_ic
Marechal Cândido Rondon,P3,55836.0,3634.0,32,367,0.3366620725401946,1
União da Vitória,P3,55033.0,3552.0,33,239,0.4481922646364959,1
Medianeira,P3,54369.0,3596.0,34,376,0.3217966255938181,1
Ibiporã,P3,51603.0,2954.0,35,269,0.4288151560392754,1
Cornélio Procópio,P3,45206.0,2269.0,40,317,0.3931379047559525,1
Dois Vizinhos,P3,44869.0,3063.0,42,362,0.3475634421766798,1
Marialva,P3,41851.0,2628.0,46,284,0.4210580320572884,1
Jacarezinho,P3,40375.0,2747.0,47,286,0.417061335058671,1
Assis Chateaubriand,P3,36808.0,2189.0,50,330,0.3822390015801749,1
Mandaguari,P3,36716.0,2261.0,51,366,0.3400013855359566,1
Palotina,P3,35011.0,2435.0,53,392,0.287651172395699,1
Palmeira,P3,33855.0,2171.0,54,268,0.4298111682913693,1
Ivaiporã,P3,32720.0,1748.0,56,280,0.422997097780785,1
Mandaguaçu,P3,31457.0,2321.0,59,305,0.4031730952817132,1
Rio Negro,P3,31324.0,1930.0,60,311,0.3994946953680968,1
Bandeirantes,P3,31273.0,1828.0,61,276,0.4253603118976855,1
São Miguel do Iguaçu,P3,29122.0,2022.0,68,308,0.4025128468093942,1
Goioerê,P3,28437.0,1670.0,70,289,0.4135357426581554,1
Nova Esperança,P3,26585.0,1528.0,72,247,0.4440717854905858,1
Santa Helena,P3,25492.0,1692.0,74,364,0.3427156998000142,1
Astorga,P3,25475.0,1524.0,75,238,0.4490343906441644,1
Ubiratã,P3,24749.0,1545.0,76,351,0.3615996824451477,1
Quatro Barras,P3,24191.0,1474.0,80,334,0.3778624656200235,1
Cruzeiro do Oeste,P3,23831.0,1361.0,81,322,0.3897831998167445,1
Carambeí,P3,23283.0,1772.0,85,179,0.4872405400311551,1
