mesorregiao,municipios,pop04,pcm_medio,fs_medio,creches_tec,creches_cons,mun_cons,share_pop04_%,share_cons_%,razao_share,creches_10mil_04,cob_mun_%
Centro-Sul Paranaense,29,39613.0,0.605,52.306,28,32,29,5.674,10.667,1.88,8.078,100.0
Norte Pioneiro Paranaense,46,32927.0,0.484,48.649,19,26,26,4.716,8.667,1.838,7.896,56.522
Centro Ocidental Paranaense,25,20940.0,0.48,44.609,12,15,14,2.999,5.0,1.667,7.163,56.0
Sudeste Paranaense,21,26263.0,0.571,45.518,18,18,18,3.762,6.0,1.595,6.854,85.714
Noroeste Paranaense,61,45414.0,0.451,42.085,18,26,24,6.505,8.667,1.332,5.725,39.344
Sudoeste Paranaense,37,37334.0,0.435,34.192,12,20,18,5.348,6.667,1.247,5.357,48.649
Centro Oriental Paranaense,14,50834.0,0.529,34.22,17,20,12,7.281,6.667,0.916,3.934,85.714
Oeste Paranaense,50,91487.0,0.431,34.232,32,32,21,13.105,10.667,0.814,3.498,42.0
Norte Central Paranaense,79,132399.0,0.444,41.709,37,45,29,18.965,15.0,0.791,3.399,36.709
Metropolitana de Curitiba,37,220922.0,0.536,41.236,58,66,33,31.645,22.0,0.695,2.987,89.189
