code,date,value
GAC12_INDFBCFCCDESSAZ12,1996-01-01,87.5300700373445
GAC12_INDFBCFCCDESSAZ12,1996-02-01,90.8029932521012
GAC12_INDFBCFCCDESSAZ12,1996-03-01,94.5338419173885
GAC12_INDFBCFCCDESSAZ12,1996-04-01,99.7212922372752
GAC12_INDFBCFCCDESSAZ12,1996-05-01,102.780237368061
GAC12_INDFBCFCCDESSAZ12,1996-06-01,107.836248249066
GAC12_INDFBCFCCDESSAZ12,1996-07-01,112.324485350784
GAC12_INDFBCFCCDESSAZ12,1996-08-01,113.372397811537
GAC12_INDFBCFCCDESSAZ12,1996-09-01,113.592429501728
GAC12_INDFBCFCCDESSAZ12,1996-10-01,114.813373007809
GAC12_INDFBCFCCDESSAZ12,1996-11-01,114.771345862355
GAC12_INDFBCFCCDESSAZ12,1996-12-01,115.296710444992
GAC12_INDFBCFCCDESSAZ12,1997-01-01,115.912642658792
GAC12_INDFBCFCCDESSAZ12,1997-02-01,116.867137042032
GAC12_INDFBCFCCDESSAZ12,1997-03-01,118.12970161907501
GAC12_INDFBCFCCDESSAZ12,1997-04-01,116.49299996712
GAC12_INDFBCFCCDESSAZ12,1997-05-01,114.200214669512
GAC12_INDFBCFCCDESSAZ12,1997-06-01,113.330998104058
GAC12_INDFBCFCCDESSAZ12,1997-07-01,113.101672081889
GAC12_INDFBCFCCDESSAZ12,1997-08-01,113.104146400077
GAC12_INDFBCFCCDESSAZ12,1997-09-01,116.078644412391
GAC12_INDFBCFCCDESSAZ12,1997-10-01,116.980955629125
GAC12_INDFBCFCCDESSAZ12,1997-11-01,117.209269598535
GAC12_INDFBCFCCDESSAZ12,1997-12-01,116.039908051764
GAC12_INDFBCFCCDESSAZ12,1998-01-01,118.273303934017
GAC12_INDFBCFCCDESSAZ12,1998-02-01,117.350291074461
GAC12_INDFBCFCCDESSAZ12,1998-03-01,116.515655003424
GAC12_INDFBCFCCDESSAZ12,1998-04-01,117.862926948564
GAC12_INDFBCFCCDESSAZ12,1998-05-01,118.089570115935
GAC12_INDFBCFCCDESSAZ12,1998-06-01,114.973736596115
GAC12_INDFBCFCCDESSAZ12,1998-07-01,119.167734316958
GAC12_INDFBCFCCDESSAZ12,1998-08-01,119.806846061891
GAC12_INDFBCFCCDESSAZ12,1998-09-01,117.583695826875
GAC12_INDFBCFCCDESSAZ12,1998-10-01,115.468926853443
GAC12_INDFBCFCCDESSAZ12,1998-11-01,118.6654363609
GAC12_INDFBCFCCDESSAZ12,1998-12-01,116.712820858935
GAC12_INDFBCFCCDESSAZ12,1999-01-01,114.166455910518
GAC12_INDFBCFCCDESSAZ12,1999-02-01,115.318036438276
GAC12_INDFBCFCCDESSAZ12,1999-03-01,110.495164144456
GAC12_INDFBCFCCDESSAZ12,1999-04-01,110.553870138137
GAC12_INDFBCFCCDESSAZ12,1999-05-01,112.817063380575
GAC12_INDFBCFCCDESSAZ12,1999-06-01,112.243730744743
GAC12_INDFBCFCCDESSAZ12,1999-07-01,111.843638341374
GAC12_INDFBCFCCDESSAZ12,1999-08-01,111.873523491941
GAC12_INDFBCFCCDESSAZ12,1999-09-01,113.902341164971
GAC12_INDFBCFCCDESSAZ12,1999-10-01,114.703895265845
GAC12_INDFBCFCCDESSAZ12,1999-11-01,110.402747215932
GAC12_INDFBCFCCDESSAZ12,1999-12-01,114.307754187293
GAC12_INDFBCFCCDESSAZ12,2000-01-01,114.640540708576
GAC12_INDFBCFCCDESSAZ12,2000-02-01,113.14267291332
GAC12_INDFBCFCCDESSAZ12,2000-03-01,116.825110715818
GAC12_INDFBCFCCDESSAZ12,2000-04-01,116.844489088277
GAC12_INDFBCFCCDESSAZ12,2000-05-01,116.35827112776
GAC12_INDFBCFCCDESSAZ12,2000-06-01,116.118149633496
GAC12_INDFBCFCCDESSAZ12,2000-07-01,113.576125454801
GAC12_INDFBCFCCDESSAZ12,2000-08-01,113.425433517033
GAC12_INDFBCFCCDESSAZ12,2000-09-01,113.664093489036
GAC12_INDFBCFCCDESSAZ12,2000-10-01,113.033880667508
GAC12_INDFBCFCCDESSAZ12,2000-11-01,111.429571809366
GAC12_INDFBCFCCDESSAZ12,2000-12-01,119.360433661991
GAC12_INDFBCFCCDESSAZ12,2001-01-01,114.904072109706
GAC12_INDFBCFCCDESSAZ12,2001-02-01,115.348131498328
GAC12_INDFBCFCCDESSAZ12,2001-03-01,115.484962016752
GAC12_INDFBCFCCDESSAZ12,2001-04-01,114.930215143791
GAC12_INDFBCFCCDESSAZ12,2001-05-01,114.915597685467
GAC12_INDFBCFCCDESSAZ12,2001-06-01,113.344973133418
GAC12_INDFBCFCCDESSAZ12,2001-07-01,113.611502179613
GAC12_INDFBCFCCDESSAZ12,2001-08-01,114.314641844839
GAC12_INDFBCFCCDESSAZ12,2001-09-01,112.911328727734
GAC12_INDFBCFCCDESSAZ12,2001-10-01,113.178067746984
GAC12_INDFBCFCCDESSAZ12,2001-11-01,112.820886731568
GAC12_INDFBCFCCDESSAZ12,2001-12-01,113.54018099296
GAC12_INDFBCFCCDESSAZ12,2002-01-01,93.0141054706299
GAC12_INDFBCFCCDESSAZ12,2002-02-01,98.6992656420601
GAC12_INDFBCFCCDESSAZ12,2002-03-01,115.501489960671
GAC12_INDFBCFCCDESSAZ12,2002-04-01,116.049653166609
GAC12_INDFBCFCCDESSAZ12,2002-05-01,118.177877967223
GAC12_INDFBCFCCDESSAZ12,2002-06-01,120.347398013218
GAC12_INDFBCFCCDESSAZ12,2002-07-01,121.893657657072
GAC12_INDFBCFCCDESSAZ12,2002-08-01,115.192801693201
GAC12_INDFBCFCCDESSAZ12,2002-09-01,118.132791078417
GAC12_INDFBCFCCDESSAZ12,2002-10-01,118.652980082784
GAC12_INDFBCFCCDESSAZ12,2002-11-01,118.403480603336
GAC12_INDFBCFCCDESSAZ12,2002-12-01,125.31797993267
GAC12_INDFBCFCCDESSAZ12,2003-01-01,114.577841547321
GAC12_INDFBCFCCDESSAZ12,2003-02-01,112.166035788526
GAC12_INDFBCFCCDESSAZ12,2003-03-01,108.945368345771
GAC12_INDFBCFCCDESSAZ12,2003-04-01,109.359171810589
GAC12_INDFBCFCCDESSAZ12,2003-05-01,105.275860456086
GAC12_INDFBCFCCDESSAZ12,2003-06-01,103.246070819341
GAC12_INDFBCFCCDESSAZ12,2003-07-01,102.457108525273
GAC12_INDFBCFCCDESSAZ12,2003-08-01,102.11271966172
GAC12_INDFBCFCCDESSAZ12,2003-09-01,103.753519603916
GAC12_INDFBCFCCDESSAZ12,2003-10-01,103.072461033255
GAC12_INDFBCFCCDESSAZ12,2003-11-01,109.025536567025
GAC12_INDFBCFCCDESSAZ12,2003-12-01,103.47221131322
GAC12_INDFBCFCCDESSAZ12,2004-01-01,109.524258311118
GAC12_INDFBCFCCDESSAZ12,2004-02-01,111.274235097402
GAC12_INDFBCFCCDESSAZ12,2004-03-01,113.61269884884
GAC12_INDFBCFCCDESSAZ12,2004-04-01,113.504835497737
GAC12_INDFBCFCCDESSAZ12,2004-05-01,112.775386745724
GAC12_INDFBCFCCDESSAZ12,2004-06-01,111.767543135162
GAC12_INDFBCFCCDESSAZ12,2004-07-01,115.809974980346
GAC12_INDFBCFCCDESSAZ12,2004-08-01,118.042241374387
GAC12_INDFBCFCCDESSAZ12,2004-09-01,117.263986313386
GAC12_INDFBCFCCDESSAZ12,2004-10-01,118.517854592443
GAC12_INDFBCFCCDESSAZ12,2004-11-01,115.076473093964
GAC12_INDFBCFCCDESSAZ12,2004-12-01,113.665343769196
GAC12_INDFBCFCCDESSAZ12,2005-01-01,115.425230453252
GAC12_INDFBCFCCDESSAZ12,2005-02-01,113.78189446159
GAC12_INDFBCFCCDESSAZ12,2005-03-01,114.022283824953
GAC12_INDFBCFCCDESSAZ12,2005-04-01,113.428869077621
GAC12_INDFBCFCCDESSAZ12,2005-05-01,113.372898058209
GAC12_INDFBCFCCDESSAZ12,2005-06-01,113.416293151117
GAC12_INDFBCFCCDESSAZ12,2005-07-01,110.285003732009
GAC12_INDFBCFCCDESSAZ12,2005-08-01,111.802149390879
GAC12_INDFBCFCCDESSAZ12,2005-09-01,112.473291377204
GAC12_INDFBCFCCDESSAZ12,2005-10-01,109.762620892438
GAC12_INDFBCFCCDESSAZ12,2005-11-01,113.65180632476
GAC12_INDFBCFCCDESSAZ12,2005-12-01,115.256138095037
GAC12_INDFBCFCCDESSAZ12,2006-01-01,114.078321346066
GAC12_INDFBCFCCDESSAZ12,2006-02-01,114.632539013397
GAC12_INDFBCFCCDESSAZ12,2006-03-01,112.526832672191
GAC12_INDFBCFCCDESSAZ12,2006-04-01,113.844715712837
GAC12_INDFBCFCCDESSAZ12,2006-05-01,116.607751382685
GAC12_INDFBCFCCDESSAZ12,2006-06-01,114.997719227957
GAC12_INDFBCFCCDESSAZ12,2006-07-01,116.262865408925
GAC12_INDFBCFCCDESSAZ12,2006-08-01,114.155135852132
GAC12_INDFBCFCCDESSAZ12,2006-09-01,114.650823000984
GAC12_INDFBCFCCDESSAZ12,2006-10-01,115.901300135632
GAC12_INDFBCFCCDESSAZ12,2006-11-01,118.075944093439
GAC12_INDFBCFCCDESSAZ12,2006-12-01,119.707725817446
GAC12_INDFBCFCCDESSAZ12,2007-01-01,119.998909542081
GAC12_INDFBCFCCDESSAZ12,2007-02-01,123.829798319765
GAC12_INDFBCFCCDESSAZ12,2007-03-01,121.335231458694
GAC12_INDFBCFCCDESSAZ12,2007-04-01,124.566589188502
GAC12_INDFBCFCCDESSAZ12,2007-05-01,120.249097350927
GAC12_INDFBCFCCDESSAZ12,2007-06-01,120.577272531778
GAC12_INDFBCFCCDESSAZ12,2007-07-01,121.971788365452
GAC12_INDFBCFCCDESSAZ12,2007-08-01,120.619641468503
GAC12_INDFBCFCCDESSAZ12,2007-09-01,122.360016889834
GAC12_INDFBCFCCDESSAZ12,2007-10-01,123.185569859147
GAC12_INDFBCFCCDESSAZ12,2007-11-01,122.76069547608
GAC12_INDFBCFCCDESSAZ12,2007-12-01,125.699105260694
GAC12_INDFBCFCCDESSAZ12,2008-01-01,127.948478851648
GAC12_INDFBCFCCDESSAZ12,2008-02-01,126.059374626034
GAC12_INDFBCFCCDESSAZ12,2008-03-01,130.708535546394
GAC12_INDFBCFCCDESSAZ12,2008-04-01,128.446898606977
GAC12_INDFBCFCCDESSAZ12,2008-05-01,129.611054454133
GAC12_INDFBCFCCDESSAZ12,2008-06-01,130.374368659114
GAC12_INDFBCFCCDESSAZ12,2008-07-01,133.70743548372
GAC12_INDFBCFCCDESSAZ12,2008-08-01,133.39721088455
GAC12_INDFBCFCCDESSAZ12,2008-09-01,132.152756330784
GAC12_INDFBCFCCDESSAZ12,2008-10-01,137.518254886995
GAC12_INDFBCFCCDESSAZ12,2008-11-01,132.444270564962
GAC12_INDFBCFCCDESSAZ12,2008-12-01,127.322422550784
GAC12_INDFBCFCCDESSAZ12,2009-01-01,127.140101066623
GAC12_INDFBCFCCDESSAZ12,2009-02-01,128.201378944053
GAC12_INDFBCFCCDESSAZ12,2009-03-01,129.28242884792
GAC12_INDFBCFCCDESSAZ12,2009-04-01,131.28755395893
GAC12_INDFBCFCCDESSAZ12,2009-05-01,133.067340390666
GAC12_INDFBCFCCDESSAZ12,2009-06-01,138.406442247622
GAC12_INDFBCFCCDESSAZ12,2009-07-01,138.622973322304
GAC12_INDFBCFCCDESSAZ12,2009-08-01,143.099813327365
GAC12_INDFBCFCCDESSAZ12,2009-09-01,145.562265993503
GAC12_INDFBCFCCDESSAZ12,2009-10-01,146.558285273376
GAC12_INDFBCFCCDESSAZ12,2009-11-01,146.218024091652
GAC12_INDFBCFCCDESSAZ12,2009-12-01,149.159972510936
GAC12_INDFBCFCCDESSAZ12,2010-01-01,149.492675689735
GAC12_INDFBCFCCDESSAZ12,2010-02-01,150.021971868556
GAC12_INDFBCFCCDESSAZ12,2010-03-01,154.672954761323
GAC12_INDFBCFCCDESSAZ12,2010-04-01,155.798919204768
GAC12_INDFBCFCCDESSAZ12,2010-05-01,154.723042354069
GAC12_INDFBCFCCDESSAZ12,2010-06-01,154.242652063377
GAC12_INDFBCFCCDESSAZ12,2010-07-01,153.511920297396
GAC12_INDFBCFCCDESSAZ12,2010-08-01,153.853088174219
GAC12_INDFBCFCCDESSAZ12,2010-09-01,154.32544990695
GAC12_INDFBCFCCDESSAZ12,2010-10-01,155.238906727203
GAC12_INDFBCFCCDESSAZ12,2010-11-01,160.236336340006
GAC12_INDFBCFCCDESSAZ12,2010-12-01,161.920109672634
GAC12_INDFBCFCCDESSAZ12,2011-01-01,159.267056639286
GAC12_INDFBCFCCDESSAZ12,2011-02-01,166.694462935841
GAC12_INDFBCFCCDESSAZ12,2011-03-01,165.9924450697
GAC12_INDFBCFCCDESSAZ12,2011-04-01,165.709260791326
GAC12_INDFBCFCCDESSAZ12,2011-05-01,172.315442548827
GAC12_INDFBCFCCDESSAZ12,2011-06-01,171.329060058761
GAC12_INDFBCFCCDESSAZ12,2011-07-01,170.860381260274
GAC12_INDFBCFCCDESSAZ12,2011-08-01,168.869666282708
GAC12_INDFBCFCCDESSAZ12,2011-09-01,167.474461718066
GAC12_INDFBCFCCDESSAZ12,2011-10-01,162.209594578552
GAC12_INDFBCFCCDESSAZ12,2011-11-01,161.300783428596
GAC12_INDFBCFCCDESSAZ12,2011-12-01,164.004252619346
GAC12_INDFBCFCCDESSAZ12,2012-01-01,185.304270539317
GAC12_INDFBCFCCDESSAZ12,2012-02-01,181.620756530798
GAC12_INDFBCFCCDESSAZ12,2012-03-01,176.677847956745
GAC12_INDFBCFCCDESSAZ12,2012-04-01,173.006093441873
GAC12_INDFBCFCCDESSAZ12,2012-05-01,174.686727122718
GAC12_INDFBCFCCDESSAZ12,2012-06-01,169.91487172547
GAC12_INDFBCFCCDESSAZ12,2012-07-01,169.192050951082
GAC12_INDFBCFCCDESSAZ12,2012-08-01,173.750599010695
GAC12_INDFBCFCCDESSAZ12,2012-09-01,162.839953414717
GAC12_INDFBCFCCDESSAZ12,2012-10-01,169.513845421867
GAC12_INDFBCFCCDESSAZ12,2012-11-01,168.549749127558
GAC12_INDFBCFCCDESSAZ12,2012-12-01,166.005674057811
GAC12_INDFBCFCCDESSAZ12,2013-01-01,170.497654511502
GAC12_INDFBCFCCDESSAZ12,2013-02-01,168.325709962707
GAC12_INDFBCFCCDESSAZ12,2013-03-01,172.821437239766
GAC12_INDFBCFCCDESSAZ12,2013-04-01,185.216591895039
GAC12_INDFBCFCCDESSAZ12,2013-05-01,178.724934140707
GAC12_INDFBCFCCDESSAZ12,2013-06-01,181.236429295546
GAC12_INDFBCFCCDESSAZ12,2013-07-01,184.385289736736
GAC12_INDFBCFCCDESSAZ12,2013-08-01,185.166534017438
GAC12_INDFBCFCCDESSAZ12,2013-09-01,185.495947007052
GAC12_INDFBCFCCDESSAZ12,2013-10-01,184.730646229692
GAC12_INDFBCFCCDESSAZ12,2013-11-01,183.667801622375
GAC12_INDFBCFCCDESSAZ12,2013-12-01,179.845551242427
GAC12_INDFBCFCCDESSAZ12,2014-01-01,180.319396200537
GAC12_INDFBCFCCDESSAZ12,2014-02-01,180.88859771833
GAC12_INDFBCFCCDESSAZ12,2014-03-01,181.166322778965
GAC12_INDFBCFCCDESSAZ12,2014-04-01,181.895857328289
GAC12_INDFBCFCCDESSAZ12,2014-05-01,174.260898392355
GAC12_INDFBCFCCDESSAZ12,2014-06-01,164.741089890624
GAC12_INDFBCFCCDESSAZ12,2014-07-01,169.160234773413
GAC12_INDFBCFCCDESSAZ12,2014-08-01,170.3908433187
GAC12_INDFBCFCCDESSAZ12,2014-09-01,174.324541998891
GAC12_INDFBCFCCDESSAZ12,2014-10-01,175.874804232207
GAC12_INDFBCFCCDESSAZ12,2014-11-01,169.787998534944
GAC12_INDFBCFCCDESSAZ12,2014-12-01,168.631285841616
GAC12_INDFBCFCCDESSAZ12,2015-01-01,167.669972905552
GAC12_INDFBCFCCDESSAZ12,2015-02-01,163.664621783775
GAC12_INDFBCFCCDESSAZ12,2015-03-01,167.993552371176
GAC12_INDFBCFCCDESSAZ12,2015-04-01,159.711457250301
GAC12_INDFBCFCCDESSAZ12,2015-05-01,154.092971172443
GAC12_INDFBCFCCDESSAZ12,2015-06-01,153.354660275998
GAC12_INDFBCFCCDESSAZ12,2015-07-01,154.340991315514
GAC12_INDFBCFCCDESSAZ12,2015-08-01,153.452503291199
GAC12_INDFBCFCCDESSAZ12,2015-09-01,149.669419949952
GAC12_INDFBCFCCDESSAZ12,2015-10-01,156.525631620643
GAC12_INDFBCFCCDESSAZ12,2015-11-01,152.156606874376
GAC12_INDFBCFCCDESSAZ12,2015-12-01,147.124490434218
GAC12_INDFBCFCCDESSAZ12,2016-01-01,146.586368135402
GAC12_INDFBCFCCDESSAZ12,2016-02-01,148.019827303487
GAC12_INDFBCFCCDESSAZ12,2016-03-01,145.675225263889
GAC12_INDFBCFCCDESSAZ12,2016-04-01,143.930542361504
GAC12_INDFBCFCCDESSAZ12,2016-05-01,148.129021374269
GAC12_INDFBCFCCDESSAZ12,2016-06-01,143.584202713879
GAC12_INDFBCFCCDESSAZ12,2016-07-01,139.089807915947
GAC12_INDFBCFCCDESSAZ12,2016-08-01,136.694806513097
GAC12_INDFBCFCCDESSAZ12,2016-09-01,132.092423154
GAC12_INDFBCFCCDESSAZ12,2016-10-01,127.763058262561
GAC12_INDFBCFCCDESSAZ12,2016-11-01,131.281864111518
GAC12_INDFBCFCCDESSAZ12,2016-12-01,131.295096907551
GAC12_INDFBCFCCDESSAZ12,2017-01-01,129.366731050044
GAC12_INDFBCFCCDESSAZ12,2017-02-01,133.038101350077
GAC12_INDFBCFCCDESSAZ12,2017-03-01,127.599038720897
GAC12_INDFBCFCCDESSAZ12,2017-04-01,126.610762500652
GAC12_INDFBCFCCDESSAZ12,2017-05-01,125.776346563
GAC12_INDFBCFCCDESSAZ12,2017-06-01,127.941860697065
GAC12_INDFBCFCCDESSAZ12,2017-07-01,127.355182972972
GAC12_INDFBCFCCDESSAZ12,2017-08-01,126.535880803591
GAC12_INDFBCFCCDESSAZ12,2017-09-01,125.398726196662
GAC12_INDFBCFCCDESSAZ12,2017-10-01,125.131927346388
GAC12_INDFBCFCCDESSAZ12,2017-11-01,125.587199261604
GAC12_INDFBCFCCDESSAZ12,2017-12-01,130.275504057288
GAC12_INDFBCFCCDESSAZ12,2018-01-01,124.667423147375
GAC12_INDFBCFCCDESSAZ12,2018-02-01,127.383084731332
GAC12_INDFBCFCCDESSAZ12,2018-03-01,128.73952788812
GAC12_INDFBCFCCDESSAZ12,2018-04-01,128.410286819255
GAC12_INDFBCFCCDESSAZ12,2018-05-01,115.623583589908
GAC12_INDFBCFCCDESSAZ12,2018-06-01,126.669768360794
GAC12_INDFBCFCCDESSAZ12,2018-07-01,126.523915389293
GAC12_INDFBCFCCDESSAZ12,2018-08-01,124.702960132085
GAC12_INDFBCFCCDESSAZ12,2018-09-01,126.70127674326
GAC12_INDFBCFCCDESSAZ12,2018-10-01,124.983719153684
GAC12_INDFBCFCCDESSAZ12,2018-11-01,123.636164584349
GAC12_INDFBCFCCDESSAZ12,2018-12-01,128.807252632222
GAC12_INDFBCFCCDESSAZ12,2019-01-01,127.560486238543
GAC12_INDFBCFCCDESSAZ12,2019-02-01,128.431383029881
GAC12_INDFBCFCCDESSAZ12,2019-03-01,129.567517011978
GAC12_INDFBCFCCDESSAZ12,2019-04-01,132.686002259492
GAC12_INDFBCFCCDESSAZ12,2019-05-01,132.106225291028
GAC12_INDFBCFCCDESSAZ12,2019-06-01,131.474803873938
GAC12_INDFBCFCCDESSAZ12,2019-07-01,132.709970637644
GAC12_INDFBCFCCDESSAZ12,2019-08-01,132.555515341965
GAC12_INDFBCFCCDESSAZ12,2019-09-01,135.906949378818
GAC12_INDFBCFCCDESSAZ12,2019-10-01,131.681158753436
GAC12_INDFBCFCCDESSAZ12,2019-11-01,134.768716630207
GAC12_INDFBCFCCDESSAZ12,2019-12-01,130.259516647218
GAC12_INDFBCFCCDESSAZ12,2020-01-01,134.030565739019
GAC12_INDFBCFCCDESSAZ12,2020-02-01,135.478113229534
GAC12_INDFBCFCCDESSAZ12,2020-03-01,125.152027242746
GAC12_INDFBCFCCDESSAZ12,2020-04-01,101.253781997716
GAC12_INDFBCFCCDESSAZ12,2020-05-01,117.351331678651
GAC12_INDFBCFCCDESSAZ12,2020-06-01,126.857922338305
GAC12_INDFBCFCCDESSAZ12,2020-07-01,130.433324985022
GAC12_INDFBCFCCDESSAZ12,2020-08-01,137.273754601673
GAC12_INDFBCFCCDESSAZ12,2020-09-01,144.122389457165
GAC12_INDFBCFCCDESSAZ12,2020-10-01,141.068613476736
GAC12_INDFBCFCCDESSAZ12,2020-11-01,143.655496652192
GAC12_INDFBCFCCDESSAZ12,2020-12-01,150.171863783776
GAC12_INDFBCFCCDESSAZ12,2021-01-01,145.884855013127
GAC12_INDFBCFCCDESSAZ12,2021-02-01,145.534795051847
GAC12_INDFBCFCCDESSAZ12,2021-03-01,148.518798051384
GAC12_INDFBCFCCDESSAZ12,2021-04-01,146.74176490624
GAC12_INDFBCFCCDESSAZ12,2021-05-01,146.657414485557
GAC12_INDFBCFCCDESSAZ12,2021-06-01,151.22675554802
GAC12_INDFBCFCCDESSAZ12,2021-07-01,150.638296171494
GAC12_INDFBCFCCDESSAZ12,2021-08-01,147.689138399938
GAC12_INDFBCFCCDESSAZ12,2021-09-01,148.321251519904
GAC12_INDFBCFCCDESSAZ12,2021-10-01,149.526314978607
GAC12_INDFBCFCCDESSAZ12,2021-11-01,147.894703436902
GAC12_INDFBCFCCDESSAZ12,2021-12-01,150.592704836331
GAC12_INDFBCFCCDESSAZ12,2022-01-01,154.082122815539
GAC12_INDFBCFCCDESSAZ12,2022-02-01,154.68030314045
GAC12_INDFBCFCCDESSAZ12,2022-03-01,153.581385829225
GAC12_INDFBCFCCDESSAZ12,2022-04-01,159.918814332939
GAC12_INDFBCFCCDESSAZ12,2022-05-01,161.155648279874
GAC12_INDFBCFCCDESSAZ12,2022-06-01,158.068423042477
GAC12_INDFBCFCCDESSAZ12,2022-07-01,158.214291340411
GAC12_INDFBCFCCDESSAZ12,2022-08-01,156.821336255686
GAC12_INDFBCFCCDESSAZ12,2022-09-01,156.17522976139
GAC12_INDFBCFCCDESSAZ12,2022-10-01,160.997582938266
GAC12_INDFBCFCCDESSAZ12,2022-11-01,156.514244707166
GAC12_INDFBCFCCDESSAZ12,2022-12-01,155.864454095656
GAC12_INDFBCFCCDESSAZ12,2023-01-01,155.523225839585
GAC12_INDFBCFCCDESSAZ12,2023-02-01,156.80771191345
GAC12_INDFBCFCCDESSAZ12,2023-03-01,158.460455741111
GAC12_INDFBCFCCDESSAZ12,2023-04-01,157.839433393402
GAC12_INDFBCFCCDESSAZ12,2023-05-01,163.83163274529
GAC12_INDFBCFCCDESSAZ12,2023-06-01,157.179762405455
GAC12_INDFBCFCCDESSAZ12,2023-07-01,155.898065690957
GAC12_INDFBCFCCDESSAZ12,2023-08-01,155.865706414202
GAC12_INDFBCFCCDESSAZ12,2023-09-01,153.789485137052
GAC12_INDFBCFCCDESSAZ12,2023-10-01,155.69699518541
GAC12_INDFBCFCCDESSAZ12,2023-11-01,152.12312085404
GAC12_INDFBCFCCDESSAZ12,2023-12-01,156.460255024391
GAC12_INDFBCFCCDESSAZ12,2024-01-01,160.210182198087
GAC12_INDFBCFCCDESSAZ12,2024-02-01,156.998517726931
GAC12_INDFBCFCCDESSAZ12,2024-03-01,160.192456785096
GAC12_INDFBCFCCDESSAZ12,2024-04-01,161.058914155948
GAC12_INDFBCFCCDESSAZ12,2024-05-01,159.295200978425
GAC12_INDFBCFCCDESSAZ12,2024-06-01,167.088766105778
GAC12_INDFBCFCCDESSAZ12,2024-07-01,164.241416439004
GAC12_INDFBCFCCDESSAZ12,2024-08-01,166.255247796534
GAC12_INDFBCFCCDESSAZ12,2024-09-01,165.830273092315
GAC12_INDFBCFCCDESSAZ12,2024-10-01,165.127523454878
GAC12_INDFBCFCCDESSAZ12,2024-11-01,167.884114851374
GAC12_INDFBCFCCDESSAZ12,2024-12-01,163.103262607545
GAC12_INDFBCFCCDESSAZ12,2025-01-01,163.36539252319
GAC12_INDFBCFCCDESSAZ12,2025-02-01,167.051711401107
GAC12_INDFBCFCCDESSAZ12,2025-03-01,166.606759676263
GAC12_INDFBCFCCDESSAZ12,2025-04-01,164.685927770825
GAC12_INDFBCFCCDESSAZ12,2025-05-01,166.236426484047
GAC12_INDFBCFCCDESSAZ12,2025-06-01,163.639312746102
GAC12_INDFBCFCCDESSAZ12,2025-07-01,165.288573617897
GAC12_INDFBCFCCDESSAZ12,2025-08-01,164.545447188693
GAC12_INDFBCFCCDESSAZ12,2025-09-01,166.113197173367
GAC12_INDFBCFCCDESSAZ12,2025-10-01,164.855303595495
GAC12_INDFBCFCCDESSAZ12,2025-11-01,165.904153789771
GAC12_INDFBCFCCDESSAZ12,2025-12-01,152.673778869361
GAC12_INDFBCFCCDESSAZ12,2026-01-01,163.312445352087
GAC12_INDFBCFCCDESSAZ12,2026-02-01,163.669466767525
GAC12_INDFBCFCCDESSAZ12,2026-03-01,161.414637192552
GAC12_INDFBCFCCDESSAZ12,2026-04-01,161.655918545405
GAC12_INDFBCFCCDESSAZ12,2026-05-01,161.593207014504
