codigo,data,valor
11752,2000-01-01,100.17
11752,2000-02-01,97.34
11752,2000-03-01,95.28
11752,2000-04-01,96.02
11752,2000-05-01,97.52
11752,2000-06-01,98.44
11752,2000-07-01,95.77
11752,2000-08-01,93.46
11752,2000-09-01,94.05
11752,2000-10-01,95.61
11752,2000-11-01,99.08
11752,2000-12-01,101.06
11752,2001-01-01,100.36
11752,2001-02-01,105.96
11752,2001-03-01,109.46
11752,2001-04-01,114.17
11752,2001-05-01,119.14
11752,2001-06-01,121.73
11752,2001-07-01,124.71
11752,2001-08-01,128.03
11752,2001-09-01,136.35
11752,2001-10-01,137.79
11752,2001-11-01,126.16
11752,2001-12-01,116.85
11752,2002-01-01,111.75
11752,2002-02-01,111.03
11752,2002-03-01,106.76
11752,2002-04-01,105.39
11752,2002-05-01,112.89
11752,2002-06-01,124.7
11752,2002-07-01,136.62
11752,2002-08-01,142.67
11752,2002-09-01,152.25
11752,2002-10-01,171.03
11752,2002-11-01,158.26
11752,2002-12-01,158.7
11752,2003-01-01,149.36
11752,2003-02-01,160.19
11752,2003-03-01,152.85
11752,2003-04-01,138.14
11752,2003-05-01,133.03
11752,2003-06-01,130.28
11752,2003-07-01,129.2
11752,2003-08-01,132.84
11752,2003-09-01,129.62
11752,2003-10-01,129.03
11752,2003-11-01,130.76
11752,2003-12-01,133.07
11752,2004-01-01,130.93
11752,2004-02-01,137.73
11752,2004-03-01,135.51
11752,2004-04-01,135.1
11752,2004-05-01,142.57
11752,2004-06-01,144.1
11752,2004-07-01,139.4
11752,2004-08-01,136.65
11752,2004-09-01,131.58
11752,2004-10-01,130.98
11752,2004-11-01,129.05
11752,2004-12-01,126.88
11752,2005-01-01,124.02
11752,2005-02-01,120.05
11752,2005-03-01,125.3
11752,2005-04-01,118.26
11752,2005-05-01,111.64
11752,2005-06-01,108.35
11752,2005-07-01,106.38
11752,2005-08-01,106.82
11752,2005-09-01,104.03
11752,2005-10-01,100.88
11752,2005-11-01,97.21
11752,2005-12-01,100.9
11752,2006-01-01,100.68
11752,2006-02-01,95.44
11752,2006-03-01,95.29
11752,2006-04-01,95.14
11752,2006-05-01,99.31
11752,2006-06-01,102.35
11752,2006-07-01,100.12
11752,2006-08-01,99.2
11752,2006-09-01,99.14
11752,2006-10-01,97.72
11752,2006-11-01,98.62
11752,2006-12-01,99.29
11752,2007-01-01,97.85
11752,2007-02-01,95.85
11752,2007-03-01,96.14
11752,2007-04-01,94.59
11752,2007-05-01,92.5
11752,2007-06-01,90.12
11752,2007-07-01,88.84
11752,2007-08-01,92.25
11752,2007-09-01,89.92
11752,2007-10-01,86.17
11752,2007-11-01,86.19
11752,2007-12-01,86.66
11752,2008-01-01,86.19
11752,2008-02-01,85.36
11752,2008-03-01,86.32
11752,2008-04-01,85.97
11752,2008-05-01,84.12
11752,2008-06-01,82.11
11752,2008-07-01,81.06
11752,2008-08-01,80.55
11752,2008-09-01,87.61
11752,2008-10-01,100.24
11752,2008-11-01,100.66
11752,2008-12-01,107.19
11752,2009-01-01,101.33
11752,2009-02-01,99.54
11752,2009-03-01,97.4
11752,2009-04-01,95.38
11752,2009-05-01,89.91
11752,2009-06-01,87.38
11752,2009-07-01,86.38
11752,2009-08-01,82.86
11752,2009-09-01,82.13
11752,2009-10-01,79.15
11752,2009-11-01,79.27
11752,2009-12-01,79.87
11752,2010-01-01,79.59
11752,2010-02-01,81.53
11752,2010-03-01,78.75
11752,2010-04-01,77.18
11752,2010-05-01,77.66
11752,2010-06-01,76.4
11752,2010-07-01,76.44
11752,2010-08-01,76.82
11752,2010-09-01,75.57
11752,2010-10-01,75.18
11752,2010-11-01,75.74
11752,2010-12-01,73.74
11752,2011-01-01,73.19
11752,2011-02-01,74.67
11752,2011-03-01,74.77
11752,2011-04-01,72.21
11752,2011-05-01,73.42
11752,2011-06-01,72.38
11752,2011-07-01,71.76
11752,2011-08-01,73.43
11752,2011-09-01,78.12
11752,2011-10-01,78.22
11752,2011-11-01,78.06
11752,2011-12-01,79.39
11752,2012-01-01,76.75
11752,2012-02-01,75.45
11752,2012-03-01,79
11752,2012-04-01,81.1
11752,2012-05-01,85.53
11752,2012-06-01,87
11752,2012-07-01,85.92
11752,2012-08-01,86.89
11752,2012-09-01,87.63
11752,2012-10-01,87.34
11752,2012-11-01,87.99
11752,2012-12-01,88.5
11752,2013-01-01,86
11752,2013-02-01,83.58
11752,2013-03-01,82.97
11752,2013-04-01,83.3
11752,2013-05-01,84.33
11752,2013-06-01,90.18
11752,2013-07-01,93.45
11752,2013-08-01,98.06
11752,2013-09-01,94.79
11752,2013-10-01,91.47
11752,2013-11-01,94.71
11752,2013-12-01,95.87
11752,2014-01-01,95.6
11752,2014-02-01,94.72
11752,2014-03-01,91.68
11752,2014-04-01,87.63
11752,2014-05-01,86.9
11752,2014-06-01,87.05
11752,2014-07-01,87.49
11752,2014-08-01,88.77
11752,2014-09-01,89.59
11752,2014-10-01,92.87
11752,2014-11-01,94.97
11752,2014-12-01,96.64
11752,2015-01-01,93.33
11752,2015-02-01,98.77
11752,2015-03-01,106.96
11752,2015-04-01,103.69
11752,2015-05-01,104.13
11752,2015-06-01,105.07
11752,2015-07-01,108.32
11752,2015-08-01,116.79
11752,2015-09-01,129.34
11752,2015-10-01,127.47
11752,2015-11-01,121.97
11752,2015-12-01,122.1
11752,2016-01-01,122.64
11752,2016-02-01,120.27
11752,2016-03-01,112.65
11752,2016-04-01,110.04
11752,2016-05-01,108.67
11752,2016-06-01,104.88
11752,2016-07-01,99.55
11752,2016-08-01,98.17
11752,2016-09-01,99.1
11752,2016-10-01,95.95
11752,2016-11-01,98.84
11752,2016-12-01,97.55
11752,2017-01-01,93.08
11752,2017-02-01,91.5
11752,2017-03-01,92.12
11752,2017-04-01,93.26
11752,2017-05-01,95.64
11752,2017-06-01,99.23
11752,2017-07-01,97.45
11752,2017-08-01,97.36
11752,2017-09-01,97.51
11752,2017-10-01,97.91
11752,2017-11-01,99.87
11752,2017-12-01,100.99
11752,2018-01-01,99.48
11752,2018-02-01,101.89
11752,2018-03-01,102.57
11752,2018-04-01,106.74
11752,2018-05-01,110
11752,2018-06-01,110.84
11752,2018-07-01,111.84
11752,2018-08-01,113.82
11752,2018-09-01,116.32
11752,2018-10-01,106.32
11752,2018-11-01,106.72
11752,2018-12-01,109.46
11752,2019-01-01,106.18
11752,2019-02-01,105.64
11752,2019-03-01,107.76
11752,2019-04-01,108.96
11752,2019-05-01,110.69
11752,2019-06-01,107.71
11752,2019-07-01,106.95
11752,2019-08-01,110.62
11752,2019-09-01,112.63
11752,2019-10-01,112.09
11752,2019-11-01,113.51
11752,2019-12-01,111.81
11752,2020-01-01,113.2
11752,2020-02-01,118.06
11752,2020-03-01,131.08
11752,2020-04-01,141.14
11752,2020-05-01,149.83
11752,2020-06-01,139.5
11752,2020-07-01,144.2
11752,2020-08-01,151.32
11752,2020-09-01,148.88
11752,2020-10-01,154.27
11752,2020-11-01,148.41
11752,2020-12-01,141
11752,2021-01-01,147.01
11752,2021-02-01,148.58
11752,2021-03-01,152.43
11752,2021-04-01,150.95
11752,2021-05-01,144.11
11752,2021-06-01,136.74
11752,2021-07-01,139.21
11752,2021-08-01,141
11752,2021-09-01,140.07
11752,2021-10-01,145.35
11752,2021-11-01,144.1
11752,2021-12-01,145.65
11752,2022-01-01,142.57
11752,2022-02-01,134.34
11752,2022-03-01,126.99
11752,2022-04-01,119.52
11752,2022-05-01,122.21
11752,2022-06-01,124.1
11752,2022-07-01,132.68
11752,2022-08-01,128.18
11752,2022-09-01,128.54
11752,2022-10-01,126.82
11752,2022-11-01,128.07
11752,2022-12-01,129.09
11752,2023-01-01,130
11752,2023-02-01,128.63
11752,2023-03-01,128.04
11752,2023-04-01,123.68
11752,2023-05-01,121.49
11752,2023-06-01,117.47
11752,2023-07-01,118.04
11752,2023-08-01,119.48
11752,2023-09-01,118.73
11752,2023-10-01,120.73
11752,2023-11-01,118.13
11752,2023-12-01,116.28
11752,2024-01-01,114.9
11752,2024-02-01,116.82
11752,2024-03-01,117.4
11752,2024-04-01,120.6
11752,2024-05-01,120.73
11752,2024-06-01,126.12
11752,2024-07-01,131.54
11752,2024-08-01,134.29
11752,2024-09-01,133.7
11752,2024-10-01,133.33
11752,2024-11-01,134.64
11752,2024-12-01,139.61
11752,2025-01-01,136.7
11752,2025-02-01,130.95
11752,2025-03-01,131.04
11752,2025-04-01,131.81
11752,2025-05-01,129.87
11752,2025-06-01,127.94
11752,2025-07-01,128.91
11752,2025-08-01,127.44
11752,2025-09-01,124.76
11752,2025-10-01,124.42
11752,2025-11-01,122.71
11752,2025-12-01,125.73
