ano,trimestre,valor_nominal
2001,1,749126445.16
2001,2,1101107327.83
2001,3,1087320530.59
2001,4,1927618204.23
2002,1,906959335.28
2002,2,862721584.76
2002,3,936655170.02
2002,4,2315964435.79
2003,1,495402461.34
2003,2,515439684.11
2003,3,547539084.83
2003,4,1018530826.05
2004,1,589078824.71
2004,2,718497304.94
2004,3,1138486287.75
2004,4,2114371366.06
2005,1,727495606.68
2005,2,1211964882.55
2005,3,1308200738.48
2005,4,3027546520.92
2006,1,1337332041.27
2006,2,1505922033.54
2006,3,1998472203.26
2006,4,3066734434.93
2007,1,1705529958.42
2007,2,2385966494.55
2007,3,2598979901.44
2007,4,3472624796.57
2008,1,2085274564.08
2008,2,2272136049.57
2008,3,2970028047.6
2008,4,4356682191.14
2009,1,2232664566.7
2009,2,3746106656.35
2009,3,4173084107.89
2009,4,7339001751.08
2010,1,4103815424.24
2010,2,6176407696.51
2010,3,6317018065.08
2010,4,8753454315.35
2011,1,4958788897.43
2011,2,4877662041.81
2011,3,5052641412.59
2011,4,6666414054.74
2012,1,3385573022.11
2012,2,4644638782.25
2012,3,5127769092.79
2012,4,6609624286.02
2013,1,3884734259.29
2013,2,5521120654.48
2013,3,6151330153.71
2013,4,7531415988.48
2014,1,6239511541.56
2014,2,7936055739.73
2014,3,8492752510.68
2014,4,6469643175.7
2015,1,4245771258.04
2015,2,4323975050.48
2015,3,4211703218.17
2015,4,4271158142.51
2016,1,4391961619.56
2016,2,4171705282.64
2016,3,3912702243.74
2016,4,5277192036.82
2018,1,2725728667.42
2018,2,4300707756.32
2018,3,4701375378.16
2018,4,6936927552.91
2019,1,2938752966.7
2019,2,4001007715.71
2019,3,4281431591.1
2019,4,7223175682.18
2020,1,2622596075.97
2020,2,4184962479.85
2020,3,4732778591.29
2020,4,6523984233.19
2021,1,1520831132.03
2021,2,4463026591.05
2021,3,3810472305.91
2021,4,5542684580.48
2022,1,2623834424.77
2022,2,4656713426.73
2022,3,4839815950.47
2022,4,6471927390.65
2023,1,3131805341.53
2023,2,5548573931.76
2023,3,5524343708.89
2023,4,7787081786.22
2024,1,3746973658.71
2024,2,5884272204.61
2024,3,4957679278.73
2024,4,8422289367.4
2025,1,3547612956.66
2025,2,5305109953.46
2025,3,6074578366.42
2025,4,8138901410.9
2026,1,4150477887.66
2026,2,4444357219.93
