y,GC,GE,GM,EPU,SP,GG,FBCF
1995,4.015,3.707,8.069,8.803,24.595,15.792,143.22
1996,4.258,5.724,9.643,12.338,31.962,19.624,159.334
1997,5.046,7.819,6.472,14.175,33.511,19.336,182.067
1998,5.188,12.723,8.055,13.124,39.09,25.966,185.859
1999,3.669,6.01,8.412,8.366,26.456,18.09,185.088
2000,3.745,8.393,9.177,9.283,30.597,21.314,219.488
2001,5.761,11.347,8.609,11.212,36.929,25.717,242.337
2002,6.691,10.899,14.133,16.591,48.314,31.723,266.884
2003,3.358,9.649,12.816,18.665,44.488,25.823,285.262
2004,4.196,11.637,15.358,19.695,50.886,31.192,339.087
2005,7.198,14.664,13.246,21.827,56.934,35.107,370.219
2006,9.216,17.538,19.927,23.371,70.052,46.681,414.674
2007,11.459,14.174,22.216,29.316,77.165,47.848,489.532
2008,13.673,21.521,31.448,42.785,109.426,66.642,602.846
2009,19.873,29.697,24.872,59.462,133.903,74.441,636.676
2010,32.682,43.288,34.699,72.635,183.305,110.669,797.946
2011,27.896,34.565,37.318,71.076,170.856,99.78,901.927
2012,26.984,34.642,45.373,87.06,194.059,106.998,997.46
2013,35.112,49.825,33.867,102.205,221.009,118.804,1114.944
2014,41.467,57.153,43.178,88.224,230.022,141.798,1148.453
2015,27.494,34.796,39.925,71.234,173.449,102.216,1069.397
2016,24.795,30.35,40.891,49.375,145.41,96.035,973.271
2017,25.329,32.948,24.579,44.949,127.804,82.855,958.779
2018,26.696,35.939,33.217,84.803,180.654,95.851,1057.409
2019,25.397,26.633,41.279,58.281,151.589,93.308,1143.185
2020,24.531,29.545,60.326,85.466,199.867,114.402,1260.227
2021,22.419,50.792,49.187,57.504,179.903,122.399,1614.782
2022,25.464,92.697,84.798,51.39,254.349,202.959,1794.223
2023,32.416,78.66,109.903,66.749,287.728,220.979,1795.91
2024,36.535,86.164,140.384,96.188,359.271,263.083,1991.796
2025,36.047,94.808,98.863,115.893,345.612,229.718,2145.05
