Porte (habitantes),Municípios,Pop. 0–4 (%),PCM médio,Técnica: creches,Técnica: municípios,Consolidada: etapa prévia,Consolidada: PCM,Consolidada: total,Consolidada: municípios,Consolidada: creches por 10 mil crianças,Publicada: total,Publicada: municípios,Publicada: creches por 10 mil crianças
G2 (> 1 milhão),1,12.2,0.286,14,1,0,10,10,1,1.18,6,1,0.71
G1 (500 mil a 1 milhão),1,4.3,0.44,5,1,0,8,8,1,2.65,4,1,1.32
M2 (200 a 500 mil),6,17.4,0.434,21,6,0,37,37,6,3.04,18,6,1.48
M1 (100 a 200 mil),14,17.4,0.462,24,14,6,31,37,14,3.04,29,14,2.38
P4 (70 a 100 mil),8,6.4,0.415,8,8,0,14,14,8,3.15,13,8,2.93
P3 (20 a 70 mil),62,19.3,0.461,60,60,5,27,32,32,2.37,50,48,3.7
P2 (5 a 20 mil),205,19.8,0.498,102,102,29,100,129,129,9.34,145,145,10.5
P1 (até 5 mil),102,3.1,0.466,17,17,3,30,33,33,15.16,38,38,17.45
Paraná,399,100.0,0.48,251,209,43,257,300,224,4.3,303,261,4.34
