Porte,Municípios,Técnica,Consolidada,Publicada,Técnica → consolidada: +,Técnica → consolidada: −,Consolidada → publicada: +,Consolidada → publicada: −,Municípios: técnica,Municípios: consolidada,Municípios: publicada
G2 (> 1 milhão),1,14,10,6,0,4,0,4,1,1,1
G1 (500 mil a 1 milhão),1,5,8,4,3,0,0,4,1,1,1
M2 (200 a 500 mil),6,21,37,18,16,0,0,19,6,6,6
M1 (100 a 200 mil),14,24,37,29,13,0,0,8,14,14,14
P4 (70 a 100 mil),8,8,14,13,6,0,1,2,8,8,8
P3 (20 a 70 mil),62,60,32,50,0,28,18,0,60,32,48
P2 (5 a 20 mil),205,102,129,145,36,9,16,0,102,129,145
P1 (até 5 mil),102,17,33,38,16,0,5,0,17,33,38
Paraná,399,251,300,303,90,41,40,37,209,224,261
