Classificação por Faixa,Legenda de Cada Faixa,População Alvo,Proporção da População Alvo,Número de Municípios,Contemplado,Prop Ajustado,Ponderação Pop,Total,Proporção,Limite de Creches Por Município,Número de Municípios,Distribuição por Faixa,Método de Distribuição,Proporção Final,,Cobertura
G2,Curitiba,"=SUMIF(Demográfico!M$2:M$400,Metodologia!A2,Demográfico!E$2:E$400)",=C2/C$10,"=COUNTIF(Dados!C$2:C$400,Metodologia!A2)",Sim,"=IF(F2=P$2,SUMIF(Demográfico!M$2:M$400,Metodologia!A2,Demográfico!E$2:E$400),0)","=IF(F2=P$2,D2*F$10,0)","=SUMIF(Dados!C$2:C$400,Metodologia!A2,Dados!Q$2:Q$400)",=I2/F$11,10,30,10,Cálculo Proporção Populacional com o PCM,=M2/M$10,Sim,1
G1,Londrina,"=SUMIF(Demográfico!M$2:M$400,Metodologia!A3,Demográfico!E$2:E$400)",=C3/C$10,"=COUNTIF(Dados!C$2:C$400,Metodologia!A3)",Sim,"=IF(F3=P$2,SUMIF(Demográfico!M$2:M$400,Metodologia!A3,Demográfico!E$2:E$400),0)","=IF(F3=P$2,D3*F$10,0)","=SUMIF(Dados!C$2:C$400,Metodologia!A3,Dados!Q$2:Q$400)",=I3/F$11,8,,90,,=M3/M$10,Não,
M2,Entre 200 até 500 mil habitantes,"=SUMIF(Demográfico!M$2:M$400,Metodologia!A4,Demográfico!E$2:E$400)",=C4/C$10,"=COUNTIF(Dados!C$2:C$400,Metodologia!A4)",Sim,"=IF(F4=P$2,SUMIF(Demográfico!M$2:M$400,Metodologia!A4,Demográfico!E$2:E$400),0)","=IF(F4=P$2,D4*F$10,0)","=SUMIF(Dados!C$2:C$400,Metodologia!A4,Dados!Q$2:Q$400)",=I4/F$11,7,,,,,,
M1,Entre 100 até 200 mil habitantes,"=SUMIF(Demográfico!M$2:M$400,Metodologia!A5,Demográfico!E$2:E$400)",=C5/C$10,"=COUNTIF(Dados!C$2:C$400,Metodologia!A5)",Sim,"=IF(F5=P$2,SUMIF(Demográfico!M$2:M$400,Metodologia!A5,Demográfico!E$2:E$400),0)","=IF(F5=P$2,D5*F$10,0)","=SUMIF(Dados!C$2:C$400,Metodologia!A5,Dados!Q$2:Q$400)",=I5/F$11,4,,,,,,
P4,Entre 70 a 100 mil habitantes,"=SUMIF(Demográfico!M$2:M$400,Metodologia!A6,Demográfico!E$2:E$400)",=C6/C$10,"=COUNTIF(Dados!C$2:C$400,Metodologia!A6)",Sim,"=IF(F6=P$2,SUMIF(Demográfico!M$2:M$400,Metodologia!A6,Demográfico!E$2:E$400),0)","=IF(F6=P$2,D6*F$10,0)","=SUMIF(Dados!C$2:C$400,Metodologia!A6,Dados!Q$2:Q$400)",=I6/F$11,2,,,,,=SUM(G2:G9),
P3,Entre 20 a 70 mil habitantes,"=SUMIF(Demográfico!M$2:M$400,Metodologia!A7,Demográfico!E$2:E$400)",=C7/C$10,"=COUNTIF(Dados!C$2:C$400,Metodologia!A7)",Sim,"=IF(F7=P$2,SUMIF(Demográfico!M$2:M$400,Metodologia!A7,Demográfico!E$2:E$400),0)","=IF(F7=P$2,D7*F$10,0)","=SUMIF(Dados!C$2:C$400,Metodologia!A7,Dados!Q$2:Q$400)",=I7/F$11,1,62,27,Ranking do PCM (Com maior peso no fator socioeconômico),=M7/M$10,,=M7/L7
P2,Entre 5 a 20 mil habitantes,"=SUMIF(Demográfico!M$2:M$400,Metodologia!A8,Demográfico!E$2:E$400)",=C8/C$10,"=COUNTIF(Dados!C$2:C$400,Metodologia!A8)",Sim,"=IF(F8=P$2,SUMIF(Demográfico!M$2:M$400,Metodologia!A8,Demográfico!E$2:E$400),0)","=IF(F8=P$2,D8*F$10,0)","=SUMIF(Dados!C$2:C$400,Metodologia!A8,Dados!Q$2:Q$400)",=I8/F$11,1,205,100,,=M8/M$10,,=M8/L8
P1,Até 5 mil habitantes,"=SUMIF(Demográfico!M$2:M$400,Metodologia!A9,Demográfico!E$2:E$400)",=C9/C$10,"=COUNTIF(Dados!C$2:C$400,Metodologia!A9)",Sim,"=IF(F9=P$2,SUMIF(Demográfico!M$2:M$400,Metodologia!A9,Demográfico!E$2:E$400),0)","=IF(F9=P$2,D9*F$10,0)","=SUMIF(Dados!C$2:C$400,Metodologia!A9,Dados!Q$2:Q$400)",=I9/F$11,1,102,30,,=M9/M$10,,=M9/L9
TOTAL,,=SUM(G2:G9),,SIMULAÇÃO,=F11/(1+C11),,,,,,=SUM(L2:L9),=SUM(M2:M9),,,,
PCM Ponderado,,=0.50314,Creches,,257,,,,,,,,,,,
,,,,,,,,,,,,,,,,
,,,,,,,,,,,,,,,,
,,,,,,,,,,,,,,,,
,,,,,,,,,,,,,,,,
,,,,,,,,,,,,,,,,
,,,,,,,,,,,,,,,,
,,,,,,,,,,,,,,,,
,,,,,,,,,,,,,,,,
,,,,,,,,,,,,,,,,
,,,,,,,,,,,,,,,,
,,,,,,,,,,,,,,,,
,,,,,,,,,,,,,,,,
,,,,,,,,,,,,,,,,
,,,,,,,,,,,,,,,,
