MUNICÍPIO,IPARDES (43 creches),PCM (257 creches),VERSÃO ANTIGA (LIMITADOR MAIOR),VERSÃO ATUAL (LIMITADOR MENOR),VARIAÇÃO,PCM,População,Soma Creches Antigo,Soma Creches Atual
Curitiba,0,10,10,6,-4,0.2858486526732639,1773718,10,6
Londrina,0,8,8,4,-4,0.439634857636832,555965,18,10
Maringá,0,6,6,4,-2,0.3096484696413065,409657,24,14
Ponta Grossa,0,7,7,2,-5,0.47751966477023017,358371,31,16
Cascavel,0,6,6,4,-2,0.38982655751032236,348051,37,20
São José dos Pinhais,0,7,7,3,-4,0.4452065242587527,329628,44,23
Foz do Iguaçu,0,6,6,3,-3,0.4692332878943106,285415,50,26
Colombo,0,5,5,2,-3,0.5149637004162879,232212,55,28
Guarapuava,1,3,4,2,-2,0.46907020445334097,182093,59,30
Araucária,0,3,3,2,-1,0.35927732391694944,151666,62,32
Toledo,0,2,2,2,0,0.32895079205817984,150470,64,34
Fazenda Rio Grande,1,3,4,3,-1,0.5383994565576257,148873,68,37
Paranaguá,1,2,3,2,-1,0.48533545206956563,145829,71,39
Campo Largo,0,3,3,2,-1,0.44695514287683225,136327,74,41
Apucarana,0,2,2,2,0,0.40283098131202505,130134,76,43
Pinhais,0,2,2,1,-1,0.36574694888604237,127019,78,44
Almirante Tamandaré,0,3,3,3,0,0.6659933311491021,119825,81,47
Arapongas,0,2,2,2,0,0.3936290681901615,119138,83,49
Piraquara,1,2,3,2,-1,0.6116781877167754,118730,86,51
Sarandi,1,1,2,2,0,0.5148900770975555,118455,88,53
Umuarama,1,1,2,2,0,0.45694307344527757,117095,90,55
Cambé,0,2,2,2,0,0.4320826564091302,107208,92,57
Campo Mourão,0,2,2,2,0,0.4081227942916024,99432,94,59
Francisco Beltrão,0,2,2,2,0,0.3504457149224906,96666,96,61
Paranavaí,0,2,2,2,0,0.43301198763584464,92001,98,63
Pato Branco,0,2,2,2,0,0.3436970097716716,91836,100,65
Cianorte,0,1,1,2,1,0.37343468259925444,79527,101,67
Telêmaco Borba,0,2,2,1,-1,0.4392493525701876,75042,103,68
Castro,0,2,2,1,-1,0.5347758723918938,73075,105,69
Rolândia,0,1,1,1,0,0.4342206551943398,71670,106,70
Irati,0,1,1,1,0,0.4570247666701943,59250,107,71
Marechal Cândido Rondon,0,0,0,1,1,0.26805753889736855,55836,107,72
União da Vitória,0,0,0,1,1,0.4021142877836926,55033,107,73
Medianeira,0,0,0,1,1,0.25028780787119304,54369,107,74
Ibiporã,0,0,0,1,1,0.40896249580780014,51603,107,75
Prudentópolis,0,1,1,1,0,0.4990797489088944,49393,108,76
Palmas,0,1,1,1,0,0.5283488109199524,48247,109,77
Campina Grande do Sul,0,1,1,2,1,0.4383933804716922,47825,110,79
Paiçandu,0,1,1,1,0,0.44976765858201434,45962,111,80
Cornélio Procópio,0,0,0,1,1,0.3241956954555688,45206,111,81
Lapa,0,1,1,1,0,0.4359513325873926,45003,112,82
Dois Vizinhos,0,0,0,1,1,0.2925154747437231,44869,112,83
Santo Antônio da Platina,0,1,1,1,0,0.47913657871945603,44369,113,84
São Mateus do Sul,0,1,1,1,0,0.42660146221560397,42366,114,85
Guaratuba,0,1,1,1,0,0.4402554132874618,42062,115,86
Marialva,0,0,0,0,0,0.378157099293403,41851,115,86
Jacarezinho,0,0,0,1,1,0.3987174264748981,40375,115,87
Matinhos,0,1,1,1,0,0.4537364223753682,39259,116,88
Rio Branco do Sul,0,1,1,2,1,0.5177278168206287,37558,117,90
Assis Chateaubriand,0,0,0,1,1,0.3578133176319347,36808,117,91
Mandaguari,0,0,0,0,0,0.2748491273335382,36716,117,91
Jaguariaíva,0,1,1,1,0,0.44305859330239983,35141,118,92
Palotina,0,0,0,1,1,0.22523098327528523,35011,118,93
Palmeira,0,0,0,0,0,0.3677167070800589,33855,118,93
Pitanga,0,1,1,1,0,0.48786150150388435,33567,119,94
Ivaiporã,0,0,0,1,1,0.39164223582298097,32720,119,95
Laranjeiras do Sul,0,1,1,1,0,0.4209220917478298,32227,120,96
Guaíra,0,1,1,1,0,0.431337099721427,32097,121,97
Mandaguaçu,0,0,0,0,0,0.36954038800539907,31457,121,97
Rio Negro,0,0,0,0,0,0.35038568423407085,31324,121,97
Bandeirantes,0,0,0,0,0,0.40378185317452925,31273,121,97
Itaperuçu,1,0,1,1,0,0.6346732128335024,31217,122,98
Quedas do Iguaçu,0,1,1,1,0,0.5893926919069455,30738,123,99
Pontal do Paraná,1,0,1,1,0,0.43214915163502715,30425,124,100
Campo Magro,0,1,1,1,0,0.5054915038105761,30160,125,101
Imbituva,0,1,1,1,0,0.4719433393812795,29924,126,102
Pinhão,1,0,1,1,0,0.6381970162379664,29886,127,103
São Miguel do Iguaçu,0,0,0,0,0,0.36134342877409287,29122,127,103
Ibaiti,0,1,1,1,0,0.4251314543300619,28830,128,104
Goioerê,0,0,0,1,1,0.4142424185101705,28437,128,105
Mandirituba,0,1,1,1,0,0.5259258962794928,27439,129,106
Nova Esperança,0,0,0,0,0,0.4157693459941653,26585,129,106
Arapoti,0,1,1,1,0,0.45860037840800044,25777,130,107
Santa Helena,0,0,0,0,0,0.32188216055017693,25492,130,107
Astorga,0,0,0,0,0,0.4150201336352292,25475,130,107
Ubiratã,0,0,0,1,1,0.31585913195328585,24749,130,108
Reserva,0,1,1,1,0,0.5932787135284697,24573,131,109
Santa Terezinha de Itaipu,0,1,1,0,-1,0.4524647498887047,24262,132,109
Ortigueira,1,0,1,1,0,0.4695606319619579,24192,133,110
Quatro Barras,0,0,0,0,0,0.2775282831672239,24191,133,110
Cruzeiro do Oeste,0,0,0,1,1,0.37421525448634235,23831,133,111
Santo Antônio do Sudoeste,0,1,1,1,0,0.4186182071505723,23673,134,112
Piraí do Sul,0,1,1,1,0,0.478619223294836,23651,135,113
Coronel Vivida,0,1,1,1,0,0.41677029992213965,23331,136,114
Carambeí,0,0,0,0,0,0.38348296495280004,23283,136,114
Loanda,0,0,0,0,0,0.36688933249899874,23225,136,114
Cambará,0,1,1,1,0,0.46497766506811367,23212,137,115
Colorado,0,0,0,0,0,0.35550139701452144,22896,137,115
Siqueira Campos,0,0,0,1,1,0.3965435333232035,22811,137,116
Jandaia do Sul,0,0,0,1,1,0.35579224217861133,21408,137,117
Chopinzinho,1,0,1,1,0,0.41092225869812554,21085,138,118
Capanema,0,0,0,1,1,0.312555778726184,20481,138,119
Tibagi,0,1,1,1,0,0.5757184208034473,19961,139,120
Andirá,0,0,0,0,0,0.4463917600007183,19878,139,120
Ampére,0,0,0,0,0,0.4318578024601114,19620,139,120
Realeza,0,0,0,0,0,0.35877555800408295,19247,139,120
Wenceslau Braz,1,0,1,1,0,0.4746562519660496,19188,140,121
Contenda,1,0,1,1,0,0.5857831606092843,19128,141,122
Cafelândia,0,0,0,1,1,0.3181338817555699,18997,141,123
Altônia,0,0,0,0,0,0.42411887130102693,18742,141,123
Matelândia,0,0,0,1,1,0.3009442610518487,18450,141,124
Quitandinha,0,1,1,1,0,0.5247026495406364,18398,142,125
Morretes,1,0,1,1,0,0.5406818722456503,18309,143,126
Terra Roxa,0,0,0,0,0,0.43860316149682804,18119,143,126
Antonina,0,1,1,1,0,0.6002119051838446,18091,144,127
Tijucas do Sul,1,0,1,1,0,0.6824593921279493,17621,145,128
Terra Boa,0,0,0,1,1,0.38332729883195604,17568,145,129
Corbélia,0,0,0,0,0,0.40833540264556684,17470,145,129
Sengés,0,1,1,1,0,0.5170693002247405,17270,146,130
Carlópolis,1,0,1,1,0,0.5398428516810854,16905,147,131
Mangueirinha,0,1,1,1,0,0.5521740077231946,16603,148,132
Faxinal,0,1,1,1,0,0.5380115740950692,16389,149,133
Cerro Azul,1,0,1,1,0,0.7240261693834888,16134,150,134
Cruz Machado,0,1,1,1,0,0.6042627588516505,15978,151,135
Sertanópolis,0,1,1,1,0,0.4812948026112871,15930,152,136
Marmeleiro,1,0,1,1,0,0.478446599969688,15901,153,137
Tapejara,0,0,0,0,0,0.39158236171639094,15869,153,137
Iporã,0,0,0,0,0,0.4286510763278904,15746,153,137
Campina da Lagoa,0,1,1,1,0,0.5657913095364446,15723,154,138
Bituruna,0,1,1,1,0,0.592246511376466,15533,155,139
Cândido de Abreu,0,1,1,1,0,0.6520327256299956,15244,156,140
Salto do Lontra,0,1,1,1,0,0.5187983084389587,15223,157,141
Jaguapitã,1,0,1,1,0,0.3893829423191464,15122,158,142
Clevelândia,0,1,1,1,0,0.5605044571801591,15070,159,143
Candói,0,1,1,1,0,0.5426532969315528,14973,160,144
Terra Rica,0,0,0,1,1,0.43435101616995275,14842,160,145
Bela Vista do Paraíso,0,1,1,1,0,0.5524340989355442,14833,161,146
Capitão Leônidas Marques,0,1,1,1,0,0.5126716240093621,14648,162,147
Rebouças,0,1,1,1,0,0.5765007347771044,14514,163,148
Araruna,0,1,1,1,0,0.497922331363108,14485,164,149
Planalto,0,0,0,1,1,0.4401951386069298,14374,164,150
Imbaú,1,0,1,1,0,0.6368797940725004,14249,165,151
Manoel Ribas,1,0,1,1,0,0.5361372883515296,14240,166,152
Turvo,0,1,1,1,0,0.48486794749621936,14231,167,153
Ipiranga,0,1,1,1,0,0.5698756063446591,14142,168,154
Santa Izabel do Oeste,0,0,0,0,0,0.4614611829477392,14070,168,154
Rio Azul,0,1,1,1,0,0.6382375445158478,14025,169,155
Rio Bonito do Iguaçu,1,0,1,1,0,0.6862126299733426,13929,170,156
Alto Paraná,0,1,1,1,0,0.570730927079525,13909,171,157
Assaí,0,0,0,0,0,0.42848163111933746,13797,171,157
Nova Aurora,0,0,0,1,1,0.4580948685694012,13765,171,158
Guaraniaçu,0,1,1,1,0,0.4769364416332465,13735,172,159
São João do Triunfo,0,1,1,1,0,0.5661633973942266,13726,173,160
Piên,0,0,0,1,1,0.42136019508380684,13655,173,161
Curiúva,0,1,1,1,0,0.5881818631240959,13647,174,162
Mamborê,0,1,1,1,0,0.5517254331084905,13452,175,163
Mallet,0,0,0,0,0,0.45841587698070974,13428,175,163
Balsa Nova,0,1,1,1,0,0.4907771826082238,13395,176,164
Peabiru,0,0,0,0,0,0.4510120930752276,13346,176,164
Bocaiúva do Sul,1,0,1,1,0,0.6325755971236496,13299,177,165
Paraíso do Norte,0,0,0,0,0,0.37252200594284424,13245,177,165
Ivaí,0,1,1,1,0,0.6327039780130121,13229,178,166
Santa Tereza do Oeste,1,0,1,1,0,0.47291529229339324,13174,179,167
Ribeirão do Pinhal,0,1,1,1,0,0.6576375620513837,13060,180,168
Palmital,0,1,1,1,0,0.6078666285447626,13033,181,169
Nova Londrina,0,0,0,1,1,0.3670859572757614,12923,181,170
Nova Prata do Iguaçu,0,1,1,1,0,0.5079587970322773,12699,182,171
Engenheiro Beltrão,0,0,0,0,0,0.3793027231808868,12454,182,171
Ribeirão Claro,1,0,1,1,0,0.4628790457496181,12364,183,172
Itapejara d'Oeste,0,0,0,0,0,0.45965465520698534,12344,183,172
Nova Laranjeiras,1,0,1,1,0,0.7122991940689107,12074,184,173
Jardim Alegre,0,1,1,1,0,0.5070171386903326,12004,185,174
Joaquim Távora,0,0,0,0,0,0.37272524955349623,11945,185,174
São João,0,0,0,0,0,0.3848364991972007,11886,185,174
Pérola,0,0,0,1,1,0.39687998356954984,11878,185,175
Jataizinho,0,1,1,1,0,0.529562143208586,11813,186,176
Porecatu,0,0,0,0,0,0.4578212280287007,11624,186,176
Itaipulândia,0,0,0,0,0,0.32689136132213187,11485,186,176
Cidade Gaúcha,0,0,0,0,0,0.39448022606676825,11467,186,176
Florestópolis,0,1,1,1,0,0.5135106406391123,11446,187,177
Santa Fé,0,0,0,0,0,0.30608222382847117,11378,187,177
Roncador,0,1,1,1,0,0.5153975467023224,11251,188,178
Moreira Sales,0,1,1,1,0,0.5315366780693366,11175,189,179
Três Barras do Paraná,0,1,1,1,0,0.5411969852044733,11135,190,180
Céu Azul,0,0,0,0,0,0.36617816635502065,11087,190,180
Santa Mariana,0,1,1,1,0,0.5292821054294363,11066,191,181
Missal,0,0,0,1,1,0.4309782834666022,11064,191,182
General Carneiro,0,1,1,1,0,0.7169844096317636,11062,192,183
Cantagalo,0,1,1,1,0,0.5821988664295593,10933,193,184
Centenário do Sul,0,0,0,0,0,0.447350237478772,10832,193,184
São Jerônimo da Serra,0,1,1,1,0,0.6153036858864881,10830,194,185
Barbosa Ferraz,0,1,1,1,0,0.5372281555189565,10795,195,186
Tamarana,0,1,1,1,0,0.5787284246350763,10707,196,187
Querência do Norte,0,1,1,1,0,0.5016893058077914,10685,197,188
Iretama,0,1,1,1,0,0.5223396421578904,10684,198,189
São João do Ivaí,0,0,0,0,0,0.42484453070614536,10667,198,189
Jesuítas,0,0,0,0,0,0.45755263994192263,10506,198,189
Floresta,0,0,0,0,0,0.3603615643645689,10458,198,189
Catanduvas,0,1,1,1,0,0.4965393068411989,10446,199,190
Uraí,0,1,1,1,0,0.4725221272121863,10406,200,191
Alvorada do Sul,0,0,0,0,0,0.4269676108301573,10326,200,191
Agudos do Sul,1,0,1,1,0,0.6197136495961467,10233,201,192
Primeiro de Maio,0,0,0,0,0,0.4058433048320031,10082,201,192
Santa Maria do Oeste,0,1,1,1,0,0.6259871139896331,9934,202,193
Mariluz,0,1,1,1,0,0.6465530506861854,9847,203,194
Barracão,1,0,1,1,0,0.48059783298811204,9759,204,195
Alto Piquiri,0,1,1,1,0,0.4976375923586204,9727,205,196
Vitorino,1,0,1,1,0,0.5203947929850601,9706,206,197
Ventania,0,1,1,1,0,0.555061069829469,9681,207,198
Inácio Martins,0,1,1,1,0,0.6823621752963686,9670,208,199
Paranacity,0,0,0,0,0,0.4430942845842029,9557,208,199
Teixeira Soares,0,1,1,1,0,0.6227302125485427,9547,209,200
Cambira,0,0,0,1,1,0.41117494659950254,9460,209,201
Mauá da Serra,0,1,1,1,0,0.5107593265163777,9383,210,202
São Jorge d'Oeste,0,0,0,1,1,0.367082788533851,9378,210,203
Douradina,0,0,0,0,0,0.3160461726478501,9161,210,203
Japurá,0,0,0,1,1,0.4610695465537604,9144,210,204
Rondon,0,0,0,0,0,0.3995108150196176,9097,210,204
Icaraíma,1,0,1,1,0,0.5785508004220534,8991,211,205
Santa Isabel do Ivaí,0,0,0,0,0,0.46528645791453677,8912,211,205
Sabáudia,0,0,0,0,0,0.3071773304145698,8822,211,205
Califórnia,0,0,0,0,0,0.46484863916883173,8710,211,205
São Pedro do Ivaí,0,1,1,1,0,0.4998651984792795,8690,212,206
Marilândia do Sul,1,0,1,1,0,0.5715082054380705,8677,213,207
Santa Cruz de Monte Castelo,0,0,0,1,1,0.4260226173781604,8613,213,208
Tomazina,0,1,1,1,0,0.5128820095887066,8426,214,209
Nova Santa Rosa,0,0,0,0,0,0.31122557123274724,8322,214,209
Congonhinhas,0,1,1,1,0,0.5904356301514222,8320,215,210
Vera Cruz do Oeste,0,1,1,1,0,0.5198181425046217,8215,216,211
Francisco Alves,1,0,1,1,0,0.6735871144506532,8116,217,212
Quatiguá,0,0,0,0,0,0.406781585223861,8099,217,212
Tupãssi,0,0,0,0,0,0.35179464968730145,8077,217,212
Tuneiras do Oeste,0,1,1,1,0,0.48992455689659303,8067,218,213
São Sebastião da Amoreira,0,1,1,1,0,0.5107777869648273,8063,219,214
Figueira,0,1,1,1,0,0.5598824954932743,8062,220,215
Verê,0,0,0,0,0,0.41917413649145047,7932,220,215
Boa Vista da Aparecida,0,1,1,1,0,0.5371226345870987,7924,221,216
Guamiranga,0,1,1,1,0,0.6992836473808173,7856,222,217
Juranda,1,0,1,1,0,0.49658747725101343,7771,223,218
Borrazópolis,0,1,1,1,0,0.4934147775286401,7735,224,219
Formosa do Oeste,0,0,0,0,0,0.39015988907169225,7635,224,219
Campo do Tenente,1,0,1,1,0,0.6557322474540982,7508,225,220
Guaraqueçaba,1,0,1,1,0,0.7753959035733549,7430,226,221
Marilena,0,1,1,1,0,0.48718439404914093,7253,227,222
Abatiá,0,0,0,0,0,0.4624469079385959,7241,227,222
Nova Fátima,0,0,0,0,0,0.40960175061336634,7225,227,222
Perobal,0,1,1,1,0,0.49094938658275106,7189,228,223
Antônio Olinto,1,0,1,1,0,0.6969258825109764,7018,229,224
Nova Tebas,0,1,1,1,0,0.4991871168813009,6848,230,225
Renascença,0,1,1,1,0,0.4690983453215719,6845,231,226
Ivaté,0,0,0,0,0,0.4632125680818045,6831,231,226
Nova Cantu,0,1,1,1,0,0.5284463723167159,6790,232,227
Ouro Verde do Oeste,0,1,1,1,0,0.4701116266378162,6785,233,228
Sapopema,0,1,1,1,0,0.5071007695380971,6695,234,229
Luiziana,0,1,1,1,0,0.614756975852557,6690,235,230
Jussara,0,0,0,0,0,0.2995985903127228,6690,235,230
Guairaçá,1,0,1,1,0,0.5681785698577356,6587,236,231
São Carlos do Ivaí,0,0,0,0,0,0.4104111344661237,6587,236,231
Bom Sucesso,0,0,0,0,0,0.43859120062152157,6581,236,231
Goioxim,0,1,1,1,0,0.6492160963263786,6566,237,232
Pinhalão,0,1,1,1,0,0.5085083964399992,6566,238,233
Maripá,0,0,0,0,0,0.3809861334787364,6555,238,233
Reserva do Iguaçu,0,1,1,1,0,0.5961886776214813,6553,239,234
São Jorge do Patrocínio,0,1,1,1,0,0.49402875309546124,6504,240,235
Boa Ventura de São Roque,0,1,1,1,0,0.6336761548668871,6378,241,236
Mariópolis,0,0,0,0,0,0.4129810586512429,6371,241,236
Paulo Frontin,0,0,0,0,0,0.45710868744545224,6343,241,236
Doutor Camargo,0,1,1,1,0,0.4790189672376554,6327,242,237
Adrianópolis,0,1,1,1,0,0.528255632403206,6256,243,238
Fernandes Pinheiro,0,1,1,1,0,0.5704198931655894,6255,244,239
Pérola d'Oeste,0,0,0,0,0,0.44500257342817046,6221,244,239
Tunas do Paraná,0,1,1,1,0,0.6731205051588961,6219,245,240
Ibema,0,1,1,1,0,0.4806450178377694,6218,246,241
Santo Inácio,0,0,0,0,0,0.2874244132571473,6181,246,241
Itambé,0,0,0,0,0,0.3273400622511665,6111,246,241
Saudade do Iguaçu,0,1,1,1,0,0.4800488214403348,6108,247,242
São José da Boa Vista,0,1,1,1,0,0.6698364872151891,6040,248,243
Enéas Marques,0,1,1,1,0,0.48542393599714123,5999,249,244
Mercedes,0,0,0,0,0,0.3496705426897554,5931,249,244
Itambaracá,0,1,1,1,0,0.4821173170112231,5908,250,245
Janiópolis,0,0,0,0,0,0.4513665191614631,5870,250,245
Maria Helena,1,0,1,1,0,0.4587012049395564,5865,251,246
Nova Olímpia,0,0,0,0,0,0.3818710030265868,5833,251,246
Xambrê,0,1,1,1,0,0.48378522398856816,5798,252,247
São Pedro do Iguaçu,0,1,1,1,0,0.48608539383253585,5784,253,248
Tapira,0,1,1,1,0,0.49648198939151855,5745,254,249
Pranchita,0,0,0,0,0,0.4092142682026612,5737,254,249
Pato Bragado,0,0,0,0,0,0.27542030309539883,5733,254,249
Doutor Ulysses,1,0,1,1,0,0.7466380134765703,5697,255,250
Paula Freitas,0,1,1,1,0,0.5482562478083836,5666,256,251
Coronel Domingos Soares,0,1,1,1,0,0.6913053634865246,5649,257,252
Grandes Rios,0,1,1,1,0,0.620561759341419,5641,258,253
Sertaneja,0,0,0,0,0,0.32293132125451884,5616,258,253
Laranjal,1,0,1,1,0,0.7160330818240337,5600,259,254
Nova Esperança do Sudoeste,0,1,1,1,0,0.5438592704612047,5597,260,255
São João do Caiuá,0,1,1,1,0,0.5271909833013666,5586,261,256
Santana do Itararé,0,0,0,0,0,0.4061659895540772,5514,261,256
Rosário do Ivaí,0,1,1,1,0,0.5176149975928278,5435,262,257
Jaboti,0,1,1,1,0,0.49439172718405094,5427,263,258
Iguaraçu,0,0,0,0,0,0.3127249371235355,5338,263,258
São Tomé,0,0,0,0,0,0.3958917657586274,5232,263,258
Salto do Itararé,0,1,1,1,0,0.46879205634740323,5192,264,259
Lindoeste,0,1,1,1,0,0.5576945306919778,5175,265,260
São Jorge do Ivaí,0,0,0,0,0,0.38367989711249856,5168,265,260
Diamante do Norte,0,0,0,0,0,0.34071804218459306,5142,265,260
Serranópolis do Iguaçu,0,1,1,1,0,0.48243385992093457,5007,266,261
Quinta do Sol,0,1,1,1,0,0.5239425150027374,5001,267,262
Japira,0,1,1,1,0,0.6550599041444264,4972,268,263
Honório Serpa,0,1,1,1,0,0.6200490854104079,4941,269,264
Foz do Jordão,0,1,1,1,0,0.5629417108632883,4926,270,265
Tamboara,0,0,0,1,1,0.4248615951644854,4880,270,266
Lunardelli,0,0,0,0,0,0.49996661664069925,4872,270,266
Braganey,0,0,0,0,0,0.4115458751498979,4854,270,266
Lupionópolis,0,0,0,0,0,0.47871159286786,4813,270,266
Espigão Alto do Iguaçu,1,0,1,1,0,0.715465906043567,4797,271,267
Floraí,0,0,0,0,0,0.2938368155619827,4792,271,267
Amaporã,0,1,1,1,0,0.5718335298946361,4762,272,268
Guaraci,0,0,0,0,0,0.506813004566837,4748,272,268
Marumbi,0,0,0,0,0,0.4866196066967445,4699,272,268
Guapirama,0,0,0,0,0,0.48870295734469194,4626,272,268
Lobato,0,0,0,0,0,0.4138237797346433,4601,272,268
Kaloré,0,0,0,0,0,0.40303907621810486,4582,272,268
Entre Rios do Oeste,0,0,0,0,0,0.33320878452728137,4575,272,268
Boa Esperança,0,0,0,0,0,0.33081065324332903,4558,272,268
Diamante D'Oeste,0,1,1,1,0,0.6880596732818723,4557,273,269
Marquinho,0,1,1,1,0,0.5221143728105863,4504,274,270
Cruzeiro do Sul,0,1,1,1,0,0.5731492267896229,4494,275,271
Fênix,0,0,0,0,0,0.4640120601925987,4492,275,271
Itaguajé,0,0,0,0,0,0.4079199993462762,4481,275,271
Quatro Pontes,0,0,0,0,0,0.2504533925783808,4480,275,271
Cafezal do Sul,0,1,1,1,0,0.5286703218913139,4473,276,272
Indianópolis,0,0,0,0,0,0.2864095288294088,4448,276,272
Flor da Serra do Sul,0,1,1,1,0,0.5125554343515112,4364,277,273
Presidente Castelo Branco,0,1,1,1,0,0.5132160611100831,4336,278,274
Ramilândia,0,0,0,0,0,0.49923331744310245,4221,278,274
Quarto Centenário,0,0,0,0,0,0.38286963737037844,4201,278,274
Nova Santa Bárbara,0,1,1,1,0,0.5414240570233761,4184,279,275
Cruzeiro do Iguaçu,0,0,0,0,0,0.4108872306639613,4133,279,275
Porto Amazonas,0,0,0,0,0,0.4403109102600839,4098,279,275
Salgado Filho,0,0,0,0,0,0.3172203980040742,4075,279,275
Planaltina do Paraná,0,1,1,1,0,0.5792426993454122,4070,280,276
Bela Vista da Caroba,0,1,1,1,0,0.5657485094370791,4031,281,277
Campo Bonito,0,0,0,0,0,0.4363680941989714,4027,281,277
Bom Jesus do Sul,0,0,0,0,0,0.3318847397645078,3980,281,277
Atalaia,0,0,0,0,0,0.28051615795235707,3980,281,277
São José das Palmeiras,0,1,1,1,0,0.5842265910632901,3957,282,278
Munhoz de Melo,0,0,0,0,0,0.43422488416271066,3951,282,278
Lidianópolis,0,0,0,0,0,0.5115289198181485,3938,282,278
Campina do Simão,0,1,1,1,0,0.661283722103802,3936,283,279
Virmond,0,1,1,1,0,0.547572876088281,3811,284,280
Rio Branco do Ivaí,0,1,1,1,0,0.6925018471905805,3808,285,281
Corumbataí do Sul,0,0,0,0,0,0.5024048716742455,3760,285,281
Leópolis,0,0,0,0,0,0.4458140449223517,3752,285,281
Prado Ferreira,0,0,0,0,0,0.4872590688086884,3709,285,281
Brasilândia do Sul,0,0,0,1,1,0.4995826054509432,3708,285,282
Nossa Senhora das Graças,0,0,0,0,0,0.5041525397942225,3669,285,282
Santa Lúcia,0,1,1,1,0,0.578350389727385,3644,286,283
Altamira do Paraná,0,1,1,1,0,0.5563065381421718,3590,287,284
Itaúna do Sul,0,1,1,1,0,0.5797657413058069,3572,288,285
Porto Vitória,0,1,1,1,0,0.5306710644106009,3562,289,286
Arapuã,0,1,1,1,0,0.5701403296872907,3527,290,287
Rancho Alegre,0,0,0,0,0,0.435900176899342,3512,290,287
Conselheiro Mairinck,0,0,0,0,0,0.42695236547629606,3461,290,287
Sulina,1,0,1,1,0,0.48798840433179236,3440,291,288
Santa Amélia,0,1,1,1,0,0.5530632593737581,3394,292,289
Santa Cecília do Pavão,0,0,0,0,0,0.4846204007855841,3365,292,289
Santa Mônica,0,1,1,1,0,0.5256239738927643,3356,293,290
Jundiaí do Sul,1,0,1,1,0,0.565711219856594,3333,294,291
Nova América da Colina,0,0,0,0,0,0.35665851605463933,3280,294,291
Mato Rico,0,1,1,1,0,0.6574902490841018,3267,295,292
Ângulo,0,0,0,0,0,0.3830498907104535,3235,295,292
Bom Sucesso do Sul,0,0,0,0,0,0.3144639778637381,3202,295,292
Rio Bom,0,0,0,0,0,0.4789976975235305,3197,295,292
Ourizona,0,0,0,0,0,0.3895732695831989,3187,295,292
Porto Rico,0,0,0,1,1,0.3953316010410174,3182,295,293
Diamante do Sul,0,1,1,1,0,0.7888533296316288,3171,296,294
Novo Itacolomi,0,0,0,0,0,0.5075875728718419,3125,296,294
Porto Barreiro,0,1,1,1,0,0.5981395741592914,3110,297,295
Alto Paraíso,0,0,0,0,0,0.4895668823048085,3055,297,295
Pitangueiras,0,0,0,0,0,0.40777977018593475,3046,297,295
Farol,0,1,1,1,0,0.5537269015659901,3039,298,296
Godoy Moreira,0,0,0,0,0,0.4655715345078295,2977,298,296
Anahy,0,0,0,0,0,0.4086724345633671,2918,298,296
Cruzmaltina,0,1,1,1,0,0.6966776474406055,2892,299,297
Barra do Jacaré,0,0,0,0,0,0.4281345238655028,2814,299,297
Manfrinópolis,0,1,1,1,0,0.5469716781155434,2770,300,298
Pinhal de São Bento,0,0,0,0,0,0.3738865250229685,2761,300,298
Ivatuba,0,0,0,0,0,0.24043613345779458,2708,300,298
São Pedro do Paraná,0,0,0,1,1,0.36438894524968823,2661,300,299
Flórida,0,0,0,0,0,0.3773608654461482,2652,300,299
Cafeara,0,0,0,0,0,0.35052954571424855,2627,300,299
Rancho Alegre D'Oeste,0,0,0,0,0,0.46483681033794355,2618,300,299
Inajá,0,0,0,0,0,0.42287578164061546,2536,300,299
Santo Antônio do Caiuá,0,0,0,1,1,0.37743439477395213,2493,300,300
Boa Esperança do Iguaçu,0,0,0,0,0,0.37009997474796064,2455,300,300
Paranapoema,0,0,0,0,0,0.506583088032775,2398,300,300
Iracema do Oeste,0,0,0,0,0,0.42986389443252404,2343,300,300
Ariranha do Ivaí,0,0,0,0,0,0.4154985201199478,2329,300,300
Mirador,0,0,0,0,0,0.44789839438212875,2238,300,300
Guaporema,0,0,0,0,0,0.47781598897178074,2191,300,300
Iguatu,0,0,0,0,0,0.3138380006876727,2144,300,300
São Manoel do Paraná,0,0,0,0,0,0.3178945773116039,2138,300,300
Uniflor,0,0,0,0,0,0.3729641363010363,2136,300,300
Santo Antônio do Paraíso,0,0,0,0,0,0.3056533518640405,2125,300,300
Miraselva,0,0,0,0,0,0.3272895940439499,1966,300,300
Esperança Nova,0,0,0,0,0,0.36058111552421607,1849,300,300
Santa Inês,0,0,0,0,0,0.39246894753530265,1748,300,300
Jardim Olinda,0,0,0,0,0,0.4216795240078689,1343,300,300
Nova Aliança do Ivaí,0,0,0,0,0,0.36413945585784474,1323,300,300
