,Código,[-],Proporção,Desnutrição_Normalizado,CADUnico,População 5 a 14,Proporção,CADUnico_Normalizado,IPDM-R,Oferta Total,FATOR SOCIOECONÔMICO,,,
Curitiba,410690,2,0.03952118563556907,3.952118563556907,23579,185447,0.12714683979789373,16.666236721262447,0.8331657247483765,0,=(K2+I2+E2)/3,=(L2-L$402)/(L$403-L$402)*100,,
Foz do Iguaçu,410830,4,0.03819444444444445,3.8194444444444446,9447,38190,0.24736842105263157,37.34413436652096,0.5994202099601269,38.90525195782432,=(K3+I3+E3)/3,=(L3-L$402)/(L$403-L$402)*100,,
Maringá,411520,0,0.037075180226570546,3.7075180226570548,5145,44828,0.11477201748906933,14.537789345928593,0.6716754103674467,26.878895945575472,=(K4+I4+E4)/3,=(L4-L$402)/(L$403-L$402)*100,,
Cascavel,410480,8,0.024749868351764088,2.474986835176409,6125,46503,0.13171193256349054,17.45142453831589,0.6886966002973264,24.0458418720295,=(K5+I5+E5)/3,=(L5-L$402)/(L$403-L$402)*100,,
Londrina,411370,0,0.0480859010270775,4.8085901027077504,12581,63953,0.19672259315434773,28.633142259196475,0.6286582840300335,34.03878579490468,=(K6+I6+E6)/3,=(L6-L$402)/(L$403-L$402)*100,,
Ponta Grossa,411990,5,0.021359223300970873,2.1359223300970873,8465,48349,0.17508118058284555,24.91085787912226,0.594994538951176,39.641872918622866,=(K7+I7+E7)/3,=(L7-L$402)/(L$403-L$402)*100,,
São José dos Pinhais,412550,6,0.06565449322938038,6.565449322938038,6404,45199,0.1416845505431536,19.166697051674312,0.6941604083470263,23.136430502081577,=(K8+I8+E8)/3,=(L8-L$402)/(L$403-L$402)*100,,
Colombo,410580,5,0.056998556998557,5.6998556998557,6643,31809,0.20884026533371058,30.717360270709165,0.49567604945517524,56.17271784804474,=(K9+I9+E9)/3,=(L9-L$402)/(L$403-L$402)*100,,
Araucária,410180,4,0.03426395939086294,3.4263959390862944,3496,21525,0.1624157955865273,22.732434239553463,0.6784083884945958,25.758240386898517,=(K10+I10+E10)/3,=(L10-L$402)/(L$403-L$402)*100,,
Guarapuava,410940,1,0.06445993031358885,6.445993031358885,6158,25977,0.23705585710436156,35.57039175261647,0.6321058089573521,33.46497018158814,=(K11+I11+E11)/3,=(L11-L$402)/(L$403-L$402)*100,,
Fazenda Rio Grande,410765,2,0.05466970387243736,5.466970387243736,3274,23587,0.13880527409166066,18.671466635180117,0.5313410694294042,50.236532978635786,=(K12+I12+E12)/3,=(L12-L$402)/(L$403-L$402)*100,,
Toledo,412770,0,0.03589021815622801,3.589021815622801,1500,19622,0.07644480684945469,7.9455774455134,0.6937305362017863,23.20797961452279,=(K13+I13+E13)/3,=(L13-L$402)/(L$403-L$402)*100,,
Paranaguá,411820,4,0.0341047503045067,3.41047503045067,4679,20803,0.22491948276690862,33.48295700325441,0.6114787270768273,36.89819891516825,=(K14+I14+E14)/3,=(L14-L$402)/(L$403-L$402)*100,,
Apucarana,410140,8,0.05845881310894597,5.845881310894597,2629,16342,0.1608738220536042,22.467217540914973,0.5225030361022276,51.70755976482649,=(K15+I15+E15)/3,=(L15-L$402)/(L$403-L$402)*100,,
Campo Largo,410420,4,0.04012671594508976,4.0126715945089755,2739,17585,0.15575774808075063,21.587261938500465,0.555496425062272,46.21604857328189,=(K16+I16+E16)/3,=(L16-L$402)/(L$403-L$402)*100,,
Pinhais,411915,2,0.03783783783783784,3.783783783783784,2807,15256,0.18399318300996328,26.443706408304074,0.6048698640466806,37.998196412769566,=(K17+I17+E17)/3,=(L17-L$402)/(L$403-L$402)*100,,
Piraquara,411950,9,0.060240963855421686,6.024096385542169,4118,17143,0.2402146648777927,36.113701058136705,0.43321065968045636,66.56963061888739,=(K18+I18+E18)/3,=(L18-L$402)/(L$403-L$402)*100,,
Sarandi,412625,6,0.026595744680851064,2.6595744680851063,1025,17398,0.058914817795148865,4.930450580567485,0.4515710673068477,63.513673436563636,=(K19+I19+E19)/3,=(L19-L$402)/(L$403-L$402)*100,,
Almirante Tamandaré,410040,0,0.02971311475409836,2.971311475409836,3173,18188,0.1744556850670772,24.80327376554102,0.42542018905881746,67.86629816213183,=(K20+I20+E20)/3,=(L20-L$402)/(L$403-L$402)*100,,
Arapongas,410150,7,0.023622047244094488,2.3622047244094486,1985,15056,0.1318411264612115,17.47364565839753,0.5604704445047118,45.38815897793909,=(K21+I21+E21)/3,=(L21-L$402)/(L$403-L$402)*100,,
Umuarama,412810,4,0.019498607242339833,1.9498607242339834,2318,15111,0.15339818675137318,21.181421596464084,0.5429976299363696,48.29638270924584,=(K22+I22+E22)/3,=(L22-L$402)/(L$403-L$402)*100,,
Francisco Beltrão,410840,3,0.04504504504504504,4.504504504504505,1665,12580,0.1323529411764706,17.561676876960856,0.6173305485670899,35.924205511713545,=(K23+I23+E23)/3,=(L23-L$402)/(L$403-L$402)*100,,
Campo Mourão,410430,3,0.08108108108108109,8.108108108108109,2409,12915,0.186527293844367,26.8795689540188,0.6259201721091477,34.49452473931732,=(K24+I24+E24)/3,=(L24-L$402)/(L$403-L$402)*100,,
Cambé,410370,1,0.05555555555555555,5.555555555555555,2072,13122,0.157902758725804,21.956199945333204,0.5514037739969522,46.89724077077055,=(K25+I25+E25)/3,=(L25-L$402)/(L$403-L$402)*100,,
Pato Branco,411850,1,0.022151898734177215,2.2151898734177213,1474,12042,0.12240491612688922,15.850634303732312,0.6870796576271933,24.314970295904818,=(K26+I26+E26)/3,=(L26-L$402)/(L$403-L$402)*100,,
Cianorte,410550,8,0.039735099337748346,3.9735099337748347,1201,10202,0.11772201529111939,15.045183708636866,0.5686708027987729,44.02326859335183,=(K27+I27+E27)/3,=(L27-L$402)/(L$403-L$402)*100,,
Palmas,411760,2,0.034782608695652174,3.4782608695652173,2032,7693,0.26413622773950346,40.22816722308393,0.5286527459680859,50.68398499371067,=(K28+I28+E28)/3,=(L28-L$402)/(L$403-L$402)*100,,
Paranavaí,411840,2,0.03021978021978022,3.021978021978022,2205,11779,0.18719755497071058,26.99485267281104,0.5719046524932664,43.48501767858251,=(K29+I29+E29)/3,=(L29-L$402)/(L$403-L$402)*100,,
Castro,410490,7,0.04391891891891892,4.391891891891892,2993,10845,0.27597971415398803,42.26522577185485,0.6132827961418493,36.59792465498584,=(K30+I30+E30)/3,=(L30-L$402)/(L$403-L$402)*100,,
Telêmaco Borba,412710,6,0.029411764705882353,2.941176470588235,984,10714,0.09184244913197685,10.593944467251855,0.6073061261535053,37.592698188826404,=(K31+I31+E31)/3,=(L31-L$402)/(L$403-L$402)*100,,
Rolândia,412240,4,0.03823529411764706,3.823529411764706,1368,9839,0.13903852017481452,18.711584545652396,0.6028543391067402,38.33366597541206,=(K32+I32+E32)/3,=(L32-L$402)/(L$403-L$402)*100,,
Ibiporã,410980,7,0.047619047619047616,4.761904761904762,1507,6408,0.23517478152309612,35.24685010621287,0.5476485139007186,47.522276679346106,=(K33+I33+E33)/3,=(L33-L$402)/(L$403-L$402)*100,,
Paiçandu,411750,3,0.023121387283236993,2.312138728323699,1305,6689,0.19509642696965165,28.35344457455135,0.43068889776087893,66.98935966886587,=(K34+I34+E34)/3,=(L34-L$402)/(L$403-L$402)*100,,
Medianeira,411580,4,0.015600624024960999,1.5600624024960998,763,7219,0.10569330932262086,12.976267726784227,0.6966417858491182,22.723423146587223,=(K35+I35+E35)/3,=(L35-L$402)/(L$403-L$402)*100,,
Marechal Cândido Rondon,411460,9,0.030054644808743168,3.0054644808743167,721,7234,0.09966823334254907,11.939965399693344,0.6369317139819889,32.66173316085597,=(K36+I36+E36)/3,=(L36-L$402)/(L$403-L$402)*100,,
União da Vitória,412820,3,0.027777777777777776,2.7777777777777777,1442,7187,0.2006400445248365,29.306936910903836,0.519331662575669,52.2354119728781,=(K37+I37+E37)/3,=(L37-L$402)/(L$403-L$402)*100,,
Guaratuba,410960,9,0.030716723549488054,3.0716723549488054,1799,5732,0.3138520586182833,48.77920150104872,0.4772245005848997,59.24384483185228,=(K38+I38+E38)/3,=(L38-L$402)/(L$403-L$402)*100,,
Dois Vizinhos,410720,7,0.031914893617021274,3.1914893617021276,828,6119,0.13531622814185323,18.07135695207047,0.6260590249163913,34.471413692862555,=(K39+I39+E39)/3,=(L39-L$402)/(L$403-L$402)*100,,
Jacarezinho,411180,3,0.03546099290780142,3.546099290780142,1555,5423,0.2867416559100129,44.11626056754422,0.5681828144371954,44.10449073007115,=(K40+I40+E40)/3,=(L40-L$402)/(L$403-L$402)*100,,
Campina Grande do Sul,410400,6,0.028901734104046242,2.8901734104046244,1465,6784,0.21594929245283018,31.940100261252496,0.5397174785390998,48.84234020787933,=(K41+I41+E41)/3,=(L41-L$402)/(L$403-L$402)*100,,
Irati,411070,6,0.03686635944700461,3.686635944700461,1796,7341,0.24465331698678655,36.87714130767234,0.4842280369287654,58.07815681297966,=(K42+I42+E42)/3,=(L42-L$402)/(L$403-L$402)*100,,
Prudentópolis,412060,6,0.03747072599531616,3.747072599531616,1691,6333,0.2670140533712301,40.72314810116483,0.44480310824361946,64.64015131928863,=(K43+I43+E43)/3,=(L43-L$402)/(L$403-L$402)*100,,
Laranjeiras do Sul,411330,4,0.02553191489361702,2.553191489361702,701,4547,0.1541675830217726,21.31375638329618,0.4767524358511596,59.322416595777675,=(K44+I44+E44)/3,=(L44-L$402)/(L$403-L$402)*100,,
São Mateus do Sul,412560,5,0.019867549668874173,1.9867549668874174,1198,5578,0.2147723198278953,31.737663068065803,0.5270507587170674,50.95062419613796,=(K45+I45+E45)/3,=(L45-L$402)/(L$403-L$402)*100,,
Mandaguaçu,411410,4,0.018518518518518517,1.8518518518518516,549,4538,0.12097840458351697,15.605276861451383,0.46749113449398794,60.86389328714654,=(K46+I46+E46)/3,=(L46-L$402)/(L$403-L$402)*100,,
Guaíra,410880,9,0.030973451327433628,3.0973451327433628,772,4536,0.17019400352733685,24.070272138414563,0.46248192224784246,61.69764047037294,=(K47+I47+E47)/3,=(L47-L$402)/(L$403-L$402)*100,,
Rio Branco do Sul,412220,6,0.028938906752411574,2.8938906752411575,1696,5464,0.3103953147877013,48.18464772485776,0.4750728802127698,59.6019664957958,=(K48+I48+E48)/3,=(L48-L$402)/(L$403-L$402)*100,,
Santo Antônio da Platina,412410,3,0.02390438247011952,2.3904382470119523,1391,5691,0.2444210156387278,36.83718588995216,0.4573972077010435,62.54395446598495,=(K49+I49+E49)/3,=(L49-L$402)/(L$403-L$402)*100,,
Palotina,411790,9,0.024229074889867842,2.4229074889867843,483,4889,0.09879320924524443,11.789462814946425,0.7233745524701366,18.273947305895195,=(K50+I50+E50)/3,=(L50-L$402)/(L$403-L$402)*100,,
Pinhão,411930,1,0.10679611650485436,10.679611650485436,1604,4813,0.3332640764595886,52.11803396208512,0.4314918422841283,66.85571535482002,=(K51+I51+E51)/3,=(L51-L$402)/(L$403-L$402)*100,,
Marialva,411480,7,0.0528169014084507,5.28169014084507,901,5410,0.166543438077634,23.44238138927922,0.558040950696286,45.792530667519564,=(K52+I52+E52)/3,=(L52-L$402)/(L$403-L$402)*100,,
Quedas do Iguaçu,412090,3,0.05303030303030303,5.303030303030303,1522,4473,0.34026380505253745,53.32197480098405,0.452948243102466,63.28445247646399,=(K53+I53+E53)/3,=(L53-L$402)/(L$403-L$402)*100,,
Mandaguari,411420,3,0,0,408,4580,0.0890829694323144,10.119318878499337,0.5947351674418453,39.685043432206136,=(K54+I54+E54)/3,=(L54-L$402)/(L$403-L$402)*100,,
Palmeira,411770,1,0.029411764705882353,2.941176470588235,592,4436,0.13345356176735798,17.750981656411483,0.5384209604989518,49.05813626739096,=(K55+I55+E55)/3,=(L55-L$402)/(L$403-L$402)*100,,
Imbituva,411010,2,0.03869047619047619,3.869047619047619,941,4402,0.2137664697864607,31.5646586541645,0.498007595984684,55.784648775300795,=(K56+I56+E56)/3,=(L56-L$402)/(L$403-L$402)*100,,
Itaperuçu,411125,8,0.030456852791878174,3.0456852791878175,1825,4942,0.36928369081343587,58.313343415321796,0.348940411140931,80.59580457541767,=(K57+I57+E57)/3,=(L57-L$402)/(L$403-L$402)*100,,
Matinhos,411570,5,0.034482758620689655,3.4482758620689653,1057,4865,0.21726618705035972,32.16660378427313,0.45494103457006585,62.952766736026966,=(K58+I58+E58)/3,=(L58-L$402)/(L$403-L$402)*100,,
Assis Chateaubriand,410200,0,0.014204545454545454,1.4204545454545454,683,4485,0.15228539576365663,20.99002353045618,0.4697913039013971,60.48104670965391,=(K59+I59+E59)/3,=(L59-L$402)/(L$403-L$402)*100,,
Ibaiti,410970,8,0.028446389496717725,2.8446389496717726,694,3685,0.18833107191316145,27.189815566083087,0.4495402539352594,63.851687648184054,=(K60+I60+E60)/3,=(L60-L$402)/(L$403-L$402)*100,,
Mandirituba,411430,2,0.16923076923076924,16.923076923076923,802,3729,0.21507106462858674,31.7890466411837,0.4623089919331464,61.72642347170878,=(K61+I61+E61)/3,=(L61-L$402)/(L$403-L$402)*100,,
São Miguel do Iguaçu,412570,4,0.034482758620689655,3.4482758620689653,689,4109,0.1676807009004624,23.63798856729807,0.5574644680841782,45.88848203280534,=(K62+I62+E62)/3,=(L62-L$402)/(L$403-L$402)*100,,
Santa Helena,412350,1,0.032,3.2,516,3396,0.1519434628975265,20.931211687078353,0.541305306181732,48.57805776995462,=(K63+I63+E63)/3,=(L63-L$402)/(L$403-L$402)*100,,
Lapa,411320,5,0.041237113402061855,4.123711340206185,1121,5429,0.2064836986553693,30.31203500331216,0.5222383527989909,51.7516143881239,=(K64+I64+E64)/3,=(L64-L$402)/(L$403-L$402)*100,,
Ortigueira,411730,5,0.034375,3.4375000000000004,1357,3549,0.38236122851507465,60.562656585421514,0.6735088975594896,26.573725250717462,=(K65+I65+E65)/3,=(L65-L$402)/(L$403-L$402)*100,,
Goioerê,410860,1,0.017543859649122806,1.7543859649122806,972,3526,0.2756664775950085,42.21134964214727,0.47610969200049597,59.42939666543619,=(K66+I66+E66)/3,=(L66-L$402)/(L$403-L$402)*100,,
Cornélio Procópio,410640,7,0.05555555555555555,5.555555555555555,637,4773,0.13345904043578463,17.75192397761352,0.5772604360708076,42.59358620147127,=(K67+I67+E67)/3,=(L67-L$402)/(L$403-L$402)*100,,
Campo Magro,410425,3,0.06692913385826772,6.692913385826772,836,3983,0.20989204117499372,30.898263840308083,0.441871734359986,65.12805732094459,=(K68+I68+E68)/3,=(L68-L$402)/(L$403-L$402)*100,,
Jaguariaíva,411200,9,0.04,4,1123,5191,0.2163359660951647,32.006607438373806,0.560468956982928,45.38840656519161,=(K69+I69+E69)/3,=(L69-L$402)/(L$403-L$402)*100,,
Pitanga,411960,8,0.027906976744186046,2.7906976744186047,1297,4472,0.2900268336314848,44.68130527883562,0.5073636151550966,54.22740698832198,=(K70+I70+E70)/3,=(L70-L$402)/(L$403-L$402)*100,,
Rio Negro,412230,5,0.04819277108433735,4.819277108433735,533,4030,0.13225806451612904,17.545358260527845,0.5087229991201416,54.001147349862556,=(K71+I71+E71)/3,=(L71-L$402)/(L$403-L$402)*100,,
Bandeirantes,410240,6,0.024489795918367346,2.4489795918367347,852,3780,0.2253968253968254,33.56505908459556,0.4782166201353861,59.07871370144782,=(K72+I72+E72)/3,=(L72-L$402)/(L$403-L$402)*100,,
Ivaiporã,411150,6,0.05263157894736842,5.263157894736842,423,3701,0.11429343420697109,14.455473874624063,0.46064046610278053,62.00413753987958,=(K73+I73+E73)/3,=(L73-L$402)/(L$403-L$402)*100,,
Pontal do Paraná,411995,4,0.049586776859504134,4.958677685950414,868,3711,0.23389921853947723,35.02745554709904,0.4478465348171876,64.13359495705396,=(K74+I74+E74)/3,=(L74-L$402)/(L$403-L$402)*100,,
Reserva,412170,3,0.020618556701030927,2.0618556701030926,1266,3414,0.37082601054481545,58.5786196594776,0.41107133434454596,70.25456134857485,=(K75+I75+E75)/3,=(L75-L$402)/(L$403-L$402)*100,,
Loanda,411350,2,0.04040404040404041,4.040404040404041,552,3069,0.1798631476050831,25.73334768167535,0.48825422849992295,57.408026318076885,=(K76+I76+E76)/3,=(L76-L$402)/(L$403-L$402)*100,,
Ubiratã,412800,5,0.038461538461538464,3.8461538461538463,626,3128,0.20012787723785166,29.218845050632247,0.6202156961343681,35.443993546396705,=(K77+I77+E77)/3,=(L77-L$402)/(L$403-L$402)*100,,
Astorga,410210,9,0.016853932584269662,1.6853932584269662,494,3088,0.15997409326424872,22.312465793178728,0.4655161307570453,61.19261838834477,=(K78+I78+E78)/3,=(L78-L$402)/(L$403-L$402)*100,,
Santo Antônio do Sudoeste,412440,0,0.051094890510948905,5.109489051094891,522,3189,0.1636876763875823,22.9511954698309,0.47228252833656215,60.066400403300676,=(K79+I79+E79)/3,=(L79-L$402)/(L$403-L$402)*100,,
Cafelândia,410345,3,0.028846153846153848,2.8846153846153846,394,2790,0.14121863799283155,19.086560923645955,0.6598580454809285,28.845810942015216,=(K80+I80+E80)/3,=(L80-L$402)/(L$403-L$402)*100,,
Siqueira Campos,412660,3,0.08641975308641975,8.641975308641975,521,2959,0.17607299763433593,25.081448643771115,0.5063156828644224,54.40182774604371,=(K81+I81+E81)/3,=(L81-L$402)/(L$403-L$402)*100,,
Quatro Barras,412080,4,0.02336448598130841,2.336448598130841,492,3188,0.15432873274780426,21.341473848876532,0.7205946675663747,18.736639061467848,=(K82+I82+E82)/3,=(L82-L$402)/(L$403-L$402)*100,,
Balsa Nova,410230,7,0.009345794392523364,0.9345794392523363,434,1820,0.23846153846153847,35.81216644000777,0.5944520579244983,39.73216496569961,=(K83+I83+E83)/3,=(L83-L$402)/(L$403-L$402)*100,,
Capanema,410450,1,0.013605442176870748,1.3605442176870748,291,2562,0.11358313817330211,14.33330422314594,0.5287434216587226,50.66889268020097,=(K84+I84+E84)/3,=(L84-L$402)/(L$403-L$402)*100,,
Matelândia,411560,6,0.020618556701030927,2.0618556701030926,193,2680,0.07201492537313432,7.183645729161353,0.6397739583346072,32.18866212561283,=(K85+I85+E85)/3,=(L85-L$402)/(L$403-L$402)*100,,
Chopinzinho,410540,9,0.027906976744186046,2.7906976744186047,604,2826,0.21372965322009907,31.558326270386733,0.5051107658734474,54.60237747280365,=(K86+I86+E86)/3,=(L86-L$402)/(L$403-L$402)*100,,
Arapoti,410160,6,0.03508771929824561,3.508771929824561,887,3698,0.2398593834505138,36.052593286039055,0.5512473116252089,46.923282801994574,=(K87+I87+E87)/3,=(L87-L$402)/(L$403-L$402)*100,,
Cruzeiro do Oeste,410660,5,0,0,556,2858,0.19454163750874737,28.258021776352248,0.47838679110937005,59.050389972435305,=(K88+I88+E88)/3,=(L88-L$402)/(L$403-L$402)*100,,
Tibagi,412750,2,0.04291845493562232,4.291845493562231,1171,2947,0.3973532405836444,63.14125593351609,0.5604090883616926,45.398371264602595,=(K89+I89+E89)/3,=(L89-L$402)/(L$403-L$402)*100,,
Corbélia,410630,8,0.03056768558951965,3.056768558951965,451,2332,0.19339622641509435,28.061013110278267,0.4878345454314819,57.477879532308286,=(K90+I90+E90)/3,=(L90-L$402)/(L$403-L$402)*100,,
Nova Esperança,411690,1,0.011299435028248588,1.1299435028248588,734,3123,0.23503041946845982,35.22202009018352,0.46811277175911475,60.76042625614044,=(K91+I91+E91)/3,=(L91-L$402)/(L$403-L$402)*100,,
Santa Terezinha de Itaipu,412405,3,0.058823529411764705,5.88235294117647,479,3193,0.1500156592546195,20.599632897379003,0.4439015123905699,64.79021543435326,=(K92+I92+E92)/3,=(L92-L$402)/(L$403-L$402)*100,,
Candói,410442,8,0.08139534883720931,8.13953488372093,628,2250,0.2791111111111111,42.80382046583799,0.5336488950031608,49.85241208757591,=(K93+I93+E93)/3,=(L93-L$402)/(L$403-L$402)*100,,
Mangueirinha,411440,1,0.015384615384615385,1.5384615384615385,638,2422,0.2634186622625929,40.104747240328194,0.48875527624966064,57.32463054056174,=(K94+I94+E94)/3,=(L94-L$402)/(L$403-L$402)*100,,
Coronel Vivida,410650,6,0.01953125,1.953125,576,3078,0.1871345029239766,26.98400783318172,0.515299324555706,52.90656549977204,=(K95+I95+E95)/3,=(L95-L$402)/(L$403-L$402)*100,,
Terra Roxa,412740,3,0.07920792079207921,7.920792079207921,323,2433,0.1327579120427456,17.631331143979708,0.47246380617134076,60.03622801756391,=(K96+I96+E96)/3,=(L96-L$402)/(L$403-L$402)*100,,
Cerro Azul,410520,1,0.032520325203252036,3.2520325203252036,1054,2271,0.46411272567151035,74.62376835008483,0.36728914917428584,77.54178971253367,=(K97+I97+E97)/3,=(L97-L$402)/(L$403-L$402)*100,,
Carambeí,410465,9,0.038834951456310676,3.8834951456310676,795,3699,0.21492295214922952,31.763571558788588,0.7031663337977073,21.637459285074332,=(K98+I98+E98)/3,=(L98-L$402)/(L$403-L$402)*100,,
Realeza,412140,6,0,0,292,2353,0.12409689757756057,16.14165209678999,0.4871299987509292,57.595146236432136,=(K99+I99+E99)/3,=(L99-L$402)/(L$403-L$402)*100,,
Piraí do Sul,411940,0,0.030612244897959183,3.061224489795918,840,3346,0.2510460251046025,37.9766757070421,0.5083481373510176,54.063540382688615,=(K100+I100+E100)/3,=(L100-L$402)/(L$403-L$402)*100,,
Sengés,412630,6,0.026373626373626374,2.6373626373626373,587,2516,0.2333068362480127,34.92556684906393,0.5319762282362513,50.13081538471316,=(K101+I101+E101)/3,=(L101-L$402)/(L$403-L$402)*100,,
Faxinal,410760,3,0.1111111111111111,11.11111111111111,779,2316,0.33635578583765113,52.6498024632247,0.4237263130616791,68.1482315823888,=(K102+I102+E102)/3,=(L102-L$402)/(L$403-L$402)*100,,
Tijucas do Sul,412760,1,0.029045643153526972,2.904564315352697,818,2495,0.3278557114228457,51.18780481777699,0.41736271964028726,69.20740572586139,=(K103+I103+E103)/3,=(L103-L$402)/(L$403-L$402)*100,,
Terra Boa,412720,5,0.027586206896551724,2.7586206896551726,269,2268,0.11860670194003527,15.19734823503456,0.4966450927976147,56.01142758572756,=(K104+I104+E104)/3,=(L104-L$402)/(L$403-L$402)*100,,
Clevelândia,410570,6,0.05263157894736842,5.263157894736842,631,2205,0.28616780045351475,44.01755845209376,0.4882965992546407,57.40097401211316,=(K105+I105+E105)/3,=(L105-L$402)/(L$403-L$402)*100,,
Wenceslau Braz,412850,0,0.08609271523178808,8.609271523178808,648,2637,0.24573378839590443,37.062980463780484,0.4921971985349231,56.75174744653234,=(K106+I106+E106)/3,=(L106-L$402)/(L$403-L$402)*100,,
Santa Tereza do Oeste,412402,0,0.03571428571428571,3.571428571428571,491,2063,0.23800290838584587,35.733282884632516,0.545002218714545,47.962733391707516,=(K107+I107+E107)/3,=(L107-L$402)/(L$403-L$402)*100,,
Itaipulândia,411095,3,0.014492753623188406,1.4492753623188406,235,1662,0.14139590854392298,19.117051142396452,0.6336394536037971,33.20970611186786,=(K108+I108+E108)/3,=(L108-L$402)/(L$403-L$402)*100,,
Andirá,410110,1,0.032467532467532464,3.2467532467532463,673,2283,0.2947875602277705,45.50014176599234,0.48931614776209936,57.23127753001451,=(K109+I109+E109)/3,=(L109-L$402)/(L$403-L$402)*100,,
Nova Laranjeiras,411705,7,0.02727272727272727,2.727272727272727,807,1974,0.4088145896656535,65.11258754237414,0.4303585388980119,67.04434551451082,=(K110+I110+E110)/3,=(L110-L$402)/(L$403-L$402)*100,,
Piên,411910,3,0.005263157894736842,0.5263157894736842,322,2024,0.1590909090909091,22.160559689901543,0.5718870092924707,43.48795426187019,=(K111+I111+E111)/3,=(L111-L$402)/(L$403-L$402)*100,,
Cambará,410360,2,0.037037037037037035,3.7037037037037033,830,2900,0.28620689655172415,44.024282911285404,0.47022321969609876,60.40915744652664,=(K112+I112+E112)/3,=(L112-L$402)/(L$403-L$402)*100,,
Bituruna,410290,1,0.055900621118012424,5.590062111801243,703,2346,0.29965899403239554,46.33801969561506,0.4780603447972653,59.10472460227684,=(K113+I113+E113)/3,=(L113-L$402)/(L$403-L$402)*100,,
Paraíso do Norte,411800,6,0.0070921985815602835,0.7092198581560284,190,1798,0.10567296996662959,12.972769393814652,0.5774365596673022,42.5642717014538,=(K114+I114+E114)/3,=(L114-L$402)/(L$403-L$402)*100,,
Manoel Ribas,411450,0,0.038461538461538464,3.8461538461538463,600,2085,0.28776978417266186,44.29309679577686,0.4674241476668809,60.87504276049073,=(K115+I115+E115)/3,=(L115-L$402)/(L$403-L$402)*100,,
Ampére,410100,2,0.00997506234413965,0.997506234413965,277,2663,0.10401802478407811,12.688121772845479,0.5148044362498078,52.988936082366514,=(K116+I116+E116)/3,=(L116-L$402)/(L$403-L$402)*100,,
Jandaia do Sul,411210,8,0.01639344262295082,1.639344262295082,531,2443,0.21735571019238642,32.182001605100226,0.5246073689519454,51.35730876730228,=(K117+I117+E117)/3,=(L117-L$402)/(L$403-L$402)*100,,
Alto Paraná,410060,8,0.008620689655172414,0.8620689655172413,562,1897,0.2962572482867686,45.75292549198599,0.40340381531492064,71.53076448774192,=(K118+I118+E118)/3,=(L118-L$402)/(L$403-L$402)*100,,
Tapejara,412680,1,0.029585798816568046,2.9585798816568047,339,2073,0.16353111432706222,22.924267074539664,0.5416041652059788,48.52831484483915,=(K119+I119+E119)/3,=(L119-L$402)/(L$403-L$402)*100,,
Nova Aurora,411670,3,0.01818181818181818,1.8181818181818181,259,1861,0.13917248790972594,18.734626757220017,0.5120170702872512,53.45287300611954,=(K120+I120+E120)/3,=(L120-L$402)/(L$403-L$402)*100,,
Capitão Leônidas Marques,410460,0,0,0,554,1955,0.28337595907928387,43.53736671300973,0.4514805293269061,63.528742829123196,=(K121+I121+E121)/3,=(L121-L$402)/(L$403-L$402)*100,,
Colorado,410590,4,0,0,340,2591,0.13122346584330374,17.367409133280287,0.532216889610719,50.09075903788373,=(K122+I122+E122)/3,=(L122-L$402)/(L$403-L$402)*100,,
Campina da Lagoa,410390,9,0.05670103092783505,5.670103092783505,617,2063,0.2990790111488124,46.23826367362994,0.3936425382805292,73.15545851790183,=(K123+I123+E123)/3,=(L123-L$402)/(L$403-L$402)*100,,
Joaquim Távora,411280,1,0.043478260869565216,4.3478260869565215,295,1668,0.17685851318944845,25.216555918836463,0.6472846067094199,30.93856897343653,=(K124+I124+E124)/3,=(L124-L$402)/(L$403-L$402)*100,,
Salto do Lontra,412300,6,0.012779552715654952,1.2779552715654952,350,2019,0.1733531451213472,24.613638860479284,0.39554786497812766,72.83833065643594,=(K125+I125+E125)/3,=(L125-L$402)/(L$403-L$402)*100,,
Bocaiúva do Sul,410310,7,0.06060606060606061,6.0606060606060606,770,1997,0.385578367551327,61.115998764154256,0.47582947628728195,59.47603654614152,=(K126+I126+E126)/3,=(L126-L$402)/(L$403-L$402)*100,,
Turvo,412796,5,0.03111111111111111,3.111111111111111,474,2030,0.2334975369458128,34.9583670291051,0.47992488139153033,58.79438595877311,=(K127+I127+E127)/3,=(L127-L$402)/(L$403-L$402)*100,,
Iporã,411060,7,0,0,441,2080,0.21201923076923077,31.264136658171722,0.48403769606030445,58.10983767518595,=(K128+I128+E128)/3,=(L128-L$402)/(L$403-L$402)*100,,
Carlópolis,410470,9,0.05063291139240506,5.063291139240507,554,2248,0.24644128113879005,37.18466795424157,0.4264717001337268,67.69128174163346,=(K129+I129+E129)/3,=(L129-L$402)/(L$403-L$402)*100,,
Morretes,411620,8,0.030303030303030304,3.0303030303030303,716,2419,0.29599007854485326,45.70697277268571,0.39175501706334803,73.46962278580959,=(K130+I130+E130)/3,=(L130-L$402)/(L$403-L$402)*100,,
Peabiru,411880,8,0.05555555555555555,5.555555555555555,448,1765,0.2538243626062323,38.4545448041134,0.4335054121379923,66.52057120212802,=(K131+I131+E131)/3,=(L131-L$402)/(L$403-L$402)*100,,
Marmeleiro,411540,8,0.04182509505703422,4.182509505703422,543,2199,0.24693042291950887,37.26879946848519,0.5240916474257991,51.44314688887211,=(K132+I132+E132)/3,=(L132-L$402)/(L$403-L$402)*100,,
Nova Londrina,411710,7,0.03278688524590164,3.278688524590164,362,1699,0.21306650971159505,31.44426676917365,0.5175191670635355,52.537088754295105,=(K133+I133+E133)/3,=(L133-L$402)/(L$403-L$402)*100,,
Guaraniaçu,410930,2,0.019801980198019802,1.9801980198019802,300,1810,0.16574585635359115,23.305198754669377,0.47725146105970506,59.23935745562966,=(K134+I134+E134)/3,=(L134-L$402)/(L$403-L$402)*100,,
Imbaú,411007,8,0.04285714285714286,4.285714285714286,542,2355,0.23014861995753716,34.382359277557555,0.41689558832320456,69.28515635823163,=(K135+I135+E135)/3,=(L135-L$402)/(L$403-L$402)*100,,
Nova Prata do Iguaçu,411725,5,0,0,252,1746,0.14432989690721648,19.62169191018016,0.4510631570148688,63.59821143464804,=(K136+I136+E136)/3,=(L136-L$402)/(L$403-L$402)*100,,
Contenda,410620,9,0.035211267605633804,3.5211267605633805,545,2623,0.2077773541746092,30.53454144629752,0.4582118165841374,62.40836870352632,=(K137+I137+E137)/3,=(L137-L$402)/(L$403-L$402)*100,,
Rio Bonito do Iguaçu,412215,6,0.03690036900369004,3.6900369003690034,886,2069,0.4282261962300628,68.45134926451765,0.41390472969544306,69.78296316572784,=(K138+I138+E138)/3,=(L138-L$402)/(L$403-L$402)*100,,
Floresta,410790,0,0.03125,3.125,162,1533,0.10567514677103718,12.973143800291956,0.43777256512818424,65.81033442014575,=(K139+I139+E139)/3,=(L139-L$402)/(L$403-L$402)*100,,
Terra Rica,412730,4,0.039735099337748346,3.9735099337748347,432,1865,0.23163538873994638,34.638080857526475,0.425394265756175,67.87061290854226,=(K140+I140+E140)/3,=(L140-L$402)/(L$403-L$402)*100,,
Jaguapitã,411190,2,0,0,368,2126,0.17309501411100658,24.569240786895634,0.6858774121111733,24.51507537496182,=(K141+I141+E141)/3,=(L141-L$402)/(L$403-L$402)*100,,
Engenheiro Beltrão,410750,4,0.013888888888888888,1.3888888888888888,427,1398,0.3054363376251788,47.331712493748626,0.4392231853482224,65.56888916628996,=(K142+I142+E142)/3,=(L142-L$402)/(L$403-L$402)*100,,
Quitandinha,412120,8,0.027522935779816515,2.7522935779816518,450,2357,0.19092066185829445,27.635220419935326,0.43027673519693077,67.05796114946546,=(K143+I143+E143)/3,=(L143-L$402)/(L$403-L$402)*100,,
Cantagalo,410445,1,0.09090909090909091,9.090909090909092,472,1577,0.2993024730500951,46.27669872226357,0.37596339246526955,76.098024594367,=(K144+I144+E144)/3,=(L144-L$402)/(L$403-L$402)*100,,
São João,412480,6,0.02727272727272727,2.727272727272727,234,1565,0.14952076677316295,20.514512272860824,0.5540709028086335,46.45331645198123,=(K145+I145+E145)/3,=(L145-L$402)/(L$403-L$402)*100,,
Rio Azul,412200,8,0.04093567251461988,4.093567251461988,321,1829,0.17550574084199017,24.983881486790796,0.4681970684093763,60.746395687808054,=(K146+I146+E146)/3,=(L146-L$402)/(L$403-L$402)*100,,
Santa Izabel do Oeste,412380,8,0.06060606060606061,6.0606060606060606,228,1821,0.12520593080724876,16.33240383511633,0.43651249717801116,66.02006362555905,=(K147+I147+E147)/3,=(L147-L$402)/(L$403-L$402)*100,,
Florestópolis,410800,7,0.02158273381294964,2.158273381294964,641,1475,0.43457627118644065,69.54355083612629,0.48959757247154573,57.184436420622156,=(K148+I148+E148)/3,=(L148-L$402)/(L$403-L$402)*100,,
Inácio Martins,411020,1,0.008064516129032258,0.8064516129032258,649,1428,0.45448179271708683,72.9672650519129,0.4137635562575816,69.80646046438072,=(K149+I149+E149)/3,=(L149-L$402)/(L$403-L$402)*100,,
Cruz Machado,410680,3,0.015151515151515152,1.5151515151515151,396,1916,0.20668058455114824,30.345899026378742,0.3658297538483211,77.7846955193645,=(K150+I150+E150)/3,=(L150-L$402)/(L$403-L$402)*100,,
Palmital,411780,0,0.03225806451612903,3.225806451612903,733,1832,0.40010917030567683,63.615270932445135,0.3924760138963955,73.3496180726671,=(K151+I151+E151)/3,=(L151-L$402)/(L$403-L$402)*100,,
Santa Fé,412340,2,0,0,193,1343,0.14370811615785556,19.514746729798325,0.46049201102111825,62.02884681552803,=(K152+I152+E152)/3,=(L152-L$402)/(L$403-L$402)*100,,
Cidade Gaúcha,410560,7,0,0,269,1572,0.17111959287531806,24.229471856130328,0.5096279991513119,53.85051663394738,=(K153+I153+E153)/3,=(L153-L$402)/(L$403-L$402)*100,,
Ivaí,411140,7,0,0,692,1881,0.3678894205209995,58.073531410722254,0.40349106590346434,71.51624225772679,=(K154+I154+E154)/3,=(L154-L$402)/(L$403-L$402)*100,,
Tamarana,412667,8,0.027522935779816515,2.7522935779816518,382,1562,0.24455825864276567,36.86079144197039,0.4247112090776381,67.98430275711122,=(K155+I155+E155)/3,=(L155-L$402)/(L$403-L$402)*100,,
Planalto,411980,6,0.017241379310344827,1.7241379310344827,305,1696,0.17983490566037735,25.72849011753559,0.47481894011426296,59.644232990293254,=(K156+I156+E156)/3,=(L156-L$402)/(L$403-L$402)*100,,
Itapejara d'Oeste,411120,9,0.019230769230769232,1.9230769230769231,387,1690,0.22899408284023667,34.18378095168605,0.5261078401778662,51.10756617372654,=(K157+I157+E157)/3,=(L157-L$402)/(L$403-L$402)*100,,
Ventania,412853,4,0,0,302,1364,0.22140762463343108,32.87892366522298,0.46824224344545823,60.73887662947419,=(K158+I158+E158)/3,=(L158-L$402)/(L$403-L$402)*100,,
Cândido de Abreu,410440,2,0.02912621359223301,2.912621359223301,658,1981,0.3321554770318021,51.92735683691249,0.2587833148593555,95.60180180192293,=(K159+I159+E159)/3,=(L159-L$402)/(L$403-L$402)*100,,
Barracão,410260,4,0.010752688172043012,1.0752688172043012,377,1361,0.27700220426157235,42.44109224746806,0.43255258774846517,66.6791619369265,=(K160+I160+E160)/3,=(L160-L$402)/(L$403-L$402)*100,,
Rebouças,412150,5,0.01845018450184502,1.8450184501845017,660,1934,0.34126163391933817,53.493599587148445,0.4065451435566343,71.00791310025406,=(K161+I161+E161)/3,=(L161-L$402)/(L$403-L$402)*100,,
Céu Azul,410530,0,0.025,2.5,138,1337,0.10321615557217652,12.550201697967642,0.5233525962134725,51.566156622989766,=(K162+I162+E162)/3,=(L162-L$402)/(L$403-L$402)*100,,
Ipiranga,411050,8,0.019801980198019802,1.9801980198019802,412,1994,0.20661985957873621,30.33545443938412,0.42737409102304813,67.5410852985261,=(K163+I163+E163)/3,=(L163-L$402)/(L$403-L$402)*100,,
Três Barras do Paraná,412785,8,0.028985507246376812,2.898550724637681,521,1511,0.3448047650562541,54.1030118260179,0.4477674999331078,64.14674974242544,=(K164+I164+E164)/3,=(L164-L$402)/(L$403-L$402)*100,,
Califórnia,410350,3,0.02,2,360,1180,0.3050847457627119,47.271239320220886,0.46082503248537443,61.973417799121066,=(K165+I165+E165)/3,=(L165-L$402)/(L$403-L$402)*100,,
Assaí,410190,3,0.023255813953488372,2.3255813953488373,382,1526,0.2503276539973788,37.85311715730877,0.4093089875564419,70.54789123723758,=(K166+I166+E166)/3,=(L166-L$402)/(L$403-L$402)*100,,
Santa Maria do Oeste,412385,7,0.02564102564102564,2.564102564102564,588,1344,0.4375,70.04642697964641,0.40216879298191066,71.73632503115094,=(K167+I167+E167)/3,=(L167-L$402)/(L$403-L$402)*100,,
Querência do Norte,412100,0,0,0,481,1529,0.3145846958796599,48.90521380386271,0.41112511982346944,70.24560914424663,=(K168+I168+E168)/3,=(L168-L$402)/(L$403-L$402)*100,,
Jataizinho,411270,2,0.023255813953488372,2.3255813953488373,408,1577,0.258719086873811,39.296428651842,0.41448900433071073,69.68571487449005,=(K169+I169+E169)/3,=(L169-L$402)/(L$403-L$402)*100,,
General Carneiro,410850,2,0.03482587064676617,3.482587064676617,818,1752,0.4668949771689498,75.10231064745751,0.44065254266268283,65.3309829694279,=(K170+I170+E170)/3,=(L170-L$402)/(L$403-L$402)*100,,
São João do Ivaí,412500,1,0,0,345,1176,0.29336734693877553,45.255867612235804,0.42674242514966554,67.6462215189125,=(K171+I171+E171)/3,=(L171-L$402)/(L$403-L$402)*100,,
Alto Piquiri,410070,7,0.041666666666666664,4.166666666666666,354,1263,0.28028503562945367,43.00573339012496,0.45795583868880585,62.4509743745807,=(K172+I172+E172)/3,=(L172-L$402)/(L$403-L$402)*100,,
Araruna,410170,5,0.06382978723404255,6.382978723404255,382,1842,0.20738327904451684,30.466761226477203,0.497597071343986,55.85297763541056,=(K173+I173+E173)/3,=(L173-L$402)/(L$403-L$402)*100,,
Iretama,411080,5,0.022900763358778626,2.2900763358778624,409,1368,0.2989766081871345,46.22065054678493,0.448052814537788,64.09926118807869,=(K174+I174+E174)/3,=(L174-L$402)/(L$403-L$402)*100,,
São João do Triunfo,412510,0,0.0390625,3.90625,360,1814,0.19845644983461963,28.931362517090452,0.42347802208545965,68.18955782130048,=(K175+I175+E175)/3,=(L175-L$402)/(L$403-L$402)*100,,
Moreira Sales,411610,9,0.030303030303030304,3.0303030303030303,411,1268,0.32413249211356465,50.54741773432121,0.4265562693341703,67.67720580929264,=(K176+I176+E176)/3,=(L176-L$402)/(L$403-L$402)*100,,
Missal,411605,9,0.023809523809523808,2.380952380952381,305,1296,0.2353395061728395,35.27518245229828,0.4880004042737524,57.450273526461224,=(K177+I177+E177)/3,=(L177-L$402)/(L$403-L$402)*100,,
Vitorino,412870,8,0.06779661016949153,6.779661016949152,288,1709,0.16851960210649503,23.782278079145954,0.5515803315209715,46.86785404665204,=(K178+I178+E178)/3,=(L178-L$402)/(L$403-L$402)*100,,
São Pedro do Ivaí,412580,3,0.02097902097902098,2.097902097902098,303,1004,0.301792828685259,46.705035451715645,0.4803778894519776,58.718986040419196,=(K179+I179+E179)/3,=(L179-L$402)/(L$403-L$402)*100,,
Cambira,410380,0,0.024,2.4,250,1239,0.20177562550443906,29.502254814886225,0.5123298967592117,53.40080530025691,=(K180+I180+E180)/3,=(L180-L$402)/(L$403-L$402)*100,,
Mauá da Serra,411575,4,0,0,489,1503,0.3253493013972056,50.7567067617847,0.4400853080400393,65.42539507369068,=(K181+I181+E181)/3,=(L181-L$402)/(L$403-L$402)*100,,
Ribeirão do Pinhal,412190,1,0.07692307692307693,7.6923076923076925,568,1662,0.3417569193742479,53.57878780239999,0.28258997866516233,91.63935463163529,=(K182+I182+E182)/3,=(L182-L$402)/(L$403-L$402)*100,,
Jardim Alegre,411250,4,0.03333333333333333,3.3333333333333335,366,1381,0.2650253439536568,40.38109362680546,0.4001577257278889,72.07105264418226,=(K183+I183+E183)/3,=(L183-L$402)/(L$403-L$402)*100,,
Douradina,410725,6,0.09090909090909091,9.090909090909092,168,1199,0.14011676396997497,18.897040556131248,0.6169903351915259,35.980831569790986,=(K184+I184+E184)/3,=(L184-L$402)/(L$403-L$402)*100,,
Santa Mariana,412390,7,0,0,506,1283,0.39438815276695244,62.63126611519182,0.4395239462525398,65.51882968697917,=(K185+I185+E185)/3,=(L185-L$402)/(L$403-L$402)*100,,
Mamborê,411400,5,0.15,15,507,1623,0.3123844731977819,48.52677942512793,0.37942849056467676,75.52128405353506,=(K186+I186+E186)/3,=(L186-L$402)/(L$403-L$402)*100,,
Antonina,410120,0,0.056818181818181816,5.681818181818182,959,2348,0.4084327086882453,65.04690469507582,0.39346274262975434,73.18538420482102,=(K187+I187+E187)/3,=(L187-L$402)/(L$403-L$402)*100,,
Pérola,411890,7,0,0,207,1494,0.13855421686746988,18.628285240203123,0.43102161598035565,66.9339811253613,=(K188+I188+E188)/3,=(L188-L$402)/(L$403-L$402)*100,,
Santa Cruz de Monte Castelo,412330,3,0.038461538461538464,3.8461538461538463,327,1095,0.29863013698630136,46.1610581179291,0.39828918472604524,72.38205779239271,=(K189+I189+E189)/3,=(L189-L$402)/(L$403-L$402)*100,,
Roncador,412250,3,0.009009009009009009,0.9009009009009009,379,1484,0.2553908355795148,38.723975362816205,0.4505673697813234,63.680731637254,=(K190+I190+E190)/3,=(L190-L$402)/(L$403-L$402)*100,,
Alvorada do Sul,410080,6,0.01639344262295082,1.639344262295082,308,1191,0.2586062132661629,39.27701459255714,0.40941085934594595,70.53093541397124,=(K191+I191+E191)/3,=(L191-L$402)/(L$403-L$402)*100,,
Sabáudia,412270,1,0.11538461538461539,11.538461538461538,166,1201,0.13821815154038303,18.570482603080112,0.647425583961213,30.915104328537147,=(K192+I192+E192)/3,=(L192-L$402)/(L$403-L$402)*100,,
Altônia,410050,9,0,0,398,2207,0.1803352967829633,25.814556498525075,0.4010435604521324,71.92361185512196,=(K193+I193+E193)/3,=(L193-L$402)/(L$403-L$402)*100,,
Agudos do Sul,410030,1,0.07142857142857142,7.142857142857142,501,1461,0.34291581108829566,53.77811511114866,0.38104275981488595,75.2526006010887,=(K194+I194+E194)/3,=(L194-L$402)/(L$403-L$402)*100,,
Teixeira Soares,412700,7,0.03125,3.125,485,1301,0.3727901614142967,58.91645010734803,0.4437511055781449,64.8152495614845,=(K195+I195+E195)/3,=(L195-L$402)/(L$403-L$402)*100,,
Icaraíma,410990,6,0.0196078431372549,1.9607843137254901,363,1123,0.3232413178984862,50.39413735810956,0.4064417825793605,71.02511678806424,=(K196+I196+E196)/3,=(L196-L$402)/(L$403-L$402)*100,,
Formosa do Oeste,410820,5,0.3333333333333333,33.33333333333333,135,888,0.15202702702702703,20.945584568374645,0.4313848016064069,66.87353150218122,=(K197+I197+E197)/3,=(L197-L$402)/(L$403-L$402)*100,,
Ribeirão Claro,412180,2,0.037037037037037035,3.7037037037037033,369,1550,0.23806451612903226,35.74387930662654,0.46378366995834264,61.480973970019306,=(K198+I198+E198)/3,=(L198-L$402)/(L$403-L$402)*100,,
Rondon,412260,2,0,0,253,1144,0.22115384615384615,32.83527421916963,0.5196160220671419,52.188082390223336,=(K199+I199+E199)/3,=(L199-L$402)/(L$403-L$402)*100,,
Coronel Domingos Soares,410645,6,0.023809523809523808,2.380952380952381,419,903,0.4640088593576966,74.6059035292813,0.4586799230145027,62.33045577059608,=(K200+I200+E200)/3,=(L200-L$402)/(L$403-L$402)*100,,
Paranacity,411810,5,0.020202020202020204,2.0202020202020203,273,1218,0.22413793103448276,33.34853149862448,0.5026638971801769,55.00964108642054,=(K201+I201+E201)/3,=(L201-L$402)/(L$403-L$402)*100,,
Porecatu,412000,2,0.04054054054054054,4.054054054054054,339,1261,0.26883425852498016,41.036220142555344,0.36886748093254745,77.27908779594789,=(K202+I202+E202)/3,=(L202-L$402)/(L$403-L$402)*100,,
São Jorge d'Oeste,412520,9,0.020202020202020204,2.0202020202020203,170,1150,0.14782608695652175,20.223030365666965,0.5011351906781483,55.26408323768434,=(K203+I203+E203)/3,=(L203-L$402)/(L$403-L$402)*100,,
Mallet,411390,8,0.00847457627118644,0.847457627118644,258,1645,0.15683890577507598,21.773219134440787,0.5362528095293098,49.41900932984497,=(K204+I204+E204)/3,=(L204-L$402)/(L$403-L$402)*100,,
São João do Caiuá,412490,5,0.010309278350515464,1.0309278350515463,292,746,0.3914209115281501,62.12090591210369,0.38550964982545965,74.50911903530682,=(K205+I205+E205)/3,=(L205-L$402)/(L$403-L$402)*100,,
São Jerônimo da Serra,412470,7,0.09090909090909091,9.090909090909092,407,1484,0.2742587601078167,41.96922474402341,0.35616300064565604,79.39365674073592,=(K206+I206+E206)/3,=(L206-L$402)/(L$403-L$402)*100,,
Guaraqueçaba,410950,0,0.014492753623188406,1.4492753623188406,630,1030,0.6116504854368932,100,0.33676785336338383,82.62183886204627,=(K207+I207+E207)/3,=(L207-L$402)/(L$403-L$402)*100,,
Catanduvas,410500,3,0.04672897196261682,4.672897196261682,303,1426,0.21248246844319776,31.343812712235763,0.4308053557648914,66.96997607559045,=(K208+I208+E208)/3,=(L208-L$402)/(L$403-L$402)*100,,
Bom Sucesso,410320,6,0.14285714285714285,14.285714285714285,160,924,0.17316017316017315,24.580448027186996,0.3686884579995093,77.30888486958325,=(K209+I209+E209)/3,=(L209-L$402)/(L$403-L$402)*100,,
Bela Vista do Paraíso,410280,2,0.15384615384615385,15.384615384615385,428,1749,0.2447112635791881,36.88710801825845,0.41790932170783635,69.1164277613091,=(K210+I210+E210)/3,=(L210-L$402)/(L$403-L$402)*100,,
Curiúva,410700,9,0,0,567,1805,0.3141274238227147,48.82656382529093,0.37274511468739396,76.63368367613353,=(K211+I211+E211)/3,=(L211-L$402)/(L$403-L$402)*100,,
São Carlos do Ivaí,412460,8,0,0,281,878,0.3200455580865604,49.84447236784618,0.5312794331522827,50.24679189159643,=(K212+I212+E212)/3,=(L212-L$402)/(L$403-L$402)*100,,
Nova Santa Rosa,411722,2,0.047619047619047616,4.761904761904762,145,1074,0.13500931098696461,18.018567748600308,0.5111963971898332,53.58946811323412,=(K213+I213+E213)/3,=(L213-L$402)/(L$403-L$402)*100,,
Ouro Verde do Oeste,411745,3,0,0,121,933,0.12968917470525188,17.1035137928635,0.4754772041018656,59.534669705985344,=(K214+I214+E214)/3,=(L214-L$402)/(L$403-L$402)*100,,
Mariópolis,411530,9,0.17647058823529413,17.647058823529413,146,861,0.16957026713124274,23.962990590281137,0.4799868610632463,58.78406989026348,=(K215+I215+E215)/3,=(L215-L$402)/(L$403-L$402)*100,,
Tuneiras do Oeste,412790,8,0,0,195,1026,0.19005847953216373,27.48692659693606,0.3352836547004035,82.86887300510148,=(K216+I216+E216)/3,=(L216-L$402)/(L$403-L$402)*100,,
Pato Bragado,411845,1,0,0,118,779,0.1514762516046213,20.85085217764109,0.5182891145071441,52.40893656572793,=(K217+I217+E217)/3,=(L217-L$402)/(L$403-L$402)*100,,
Japurá,411240,5,0.0392156862745098,3.9215686274509802,243,956,0.25418410041841005,38.51641906646883,0.5076507139482789,54.17962146869111,=(K218+I218+E218)/3,=(L218-L$402)/(L$403-L$402)*100,,
Mariluz,411510,1,0.029411764705882353,2.941176470588235,441,1350,0.32666666666666666,50.98329123953845,0.40625276791828835,71.05657691263345,=(K219+I219+E219)/3,=(L219-L$402)/(L$403-L$402)*100,,
Marilena,411500,2,0.03225806451612903,3.225806451612903,187,925,0.20216216216216215,29.568738430898584,0.39796400245270774,72.43618203211503,=(K220+I220+E220)/3,=(L220-L$402)/(L$403-L$402)*100,,
Reserva do Iguaçu,412175,2,0,0,383,1123,0.3410507569011576,53.457329115972094,0.4385256245335764,65.68499312351153,=(K221+I221+E221)/3,=(L221-L$402)/(L$403-L$402)*100,,
Guairaçá,410890,8,0.025510204081632654,2.5510204081632653,233,906,0.2571743929359823,39.03074404840966,0.45253906648768377,63.35255696740052,=(K222+I222+E222)/3,=(L222-L$402)/(L$403-L$402)*100,,
Campo do Tenente,410410,5,0.023076923076923078,2.307692307692308,449,1182,0.37986463620981387,60.133247159831484,0.44491732765631664,64.62114032336223,=(K223+I223+E223)/3,=(L223-L$402)/(L$403-L$402)*100,,
Abatiá,410010,3,0.045454545454545456,4.545454545454546,280,944,0.2966101694915254,45.813627310017644,0.4100767213097727,70.42010750142165,=(K224+I224+E224)/3,=(L224-L$402)/(L$403-L$402)*100,,
Tunas do Paraná,412788,2,0.0625,6.25,486,1079,0.45041705282669137,72.26813703736697,0.48760015070143353,57.51689284145512,=(K225+I225+E225)/3,=(L225-L$402)/(L$403-L$402)*100,,
Perobal,411885,7,0.017857142857142856,1.7857142857142856,202,945,0.21375661375661376,31.56296343460212,0.4584015219609223,62.37679361431761,=(K226+I226+E226)/3,=(L226-L$402)/(L$403-L$402)*100,,
Francisco Alves,410832,0,0.016666666666666666,1.6666666666666667,270,1152,0.234375,35.10928911008765,0.38302844113292156,74.92209829367073,=(K227+I227+E227)/3,=(L227-L$402)/(L$403-L$402)*100,,
Grandes Rios,410870,0,0.02631578947368421,2.631578947368421,328,731,0.4487004103967168,71.97287759983465,0.3596436251634374,78.81433193975509,=(K228+I228+E228)/3,=(L228-L$402)/(L$403-L$402)*100,,
Sertanópolis,412650,4,0.014925373134328358,1.4925373134328357,327,1864,0.17542918454935622,24.970713940942012,0.5004257896890794,55.38215790638487,=(K229+I229+E229)/3,=(L229-L$402)/(L$403-L$402)*100,,
Nova Cantu,411680,2,0,0,322,859,0.37485448195576254,59.27150956021771,0.4162879053779032,69.38630079353273,=(K230+I230+E230)/3,=(L230-L$402)/(L$403-L$402)*100,,
São Pedro do Iguaçu,412575,3,0,0,269,754,0.356763925729443,56.159966141062355,0.4271890825392415,67.57187862383698,=(K231+I231+E231)/3,=(L231-L$402)/(L$403-L$402)*100,,
Boa Vista da Aparecida,410305,7,0.019417475728155338,1.9417475728155338,410,1093,0.37511436413540716,59.31620883179966,0.37263815337465295,76.6514866137672,=(K232+I232+E232)/3,=(L232-L$402)/(L$403-L$402)*100,,
Jesuítas,411275,1,0.06666666666666667,6.666666666666667,267,1200,0.2225,33.06681028079038,0.42909572482161934,67.25453179279062,=(K233+I233+E233)/3,=(L233-L$402)/(L$403-L$402)*100,,
Primeiro de Maio,412050,7,0,0,273,1045,0.261244019138756,39.73071249997335,0.41520850671243675,69.56595890197154,=(K234+I234+E234)/3,=(L234-L$402)/(L$403-L$402)*100,,
São Jorge do Patrocínio,412535,7,0.03571428571428571,3.571428571428571,108,801,0.1348314606741573,17.98797781186828,0.29059139087233665,90.30757738568242,=(K235+I235+E235)/3,=(L235-L$402)/(L$403-L$402)*100,,
Ibema,410975,7,0.07692307692307693,7.6923076923076925,312,909,0.3432343234323432,53.8328986664823,0.43130731140717177,66.88642918592174,=(K236+I236+E236)/3,=(L236-L$402)/(L$403-L$402)*100,,
Tupãssi,412795,7,0,0,118,925,0.12756756756756757,16.738601147574556,0.4895138794953087,57.198366511775134,=(K237+I237+E237)/3,=(L237-L$402)/(L$403-L$402)*100,,
Santo Inácio,412450,9,0.035211267605633804,3.5211267605633805,67,879,0.07622298065984073,7.907423736370646,0.707621002023935,20.896011946985716,=(K238+I238+E238)/3,=(L238-L$402)/(L$403-L$402)*100,,
Juranda,411295,9,0.046511627906976744,4.651162790697675,254,1002,0.25349301397205587,38.39755342976207,0.4326852163713172,66.65708686098954,=(K239+I239+E239)/3,=(L239-L$402)/(L$403-L$402)*100,,
Santa Isabel do Ivaí,412370,9,0,0,143,1077,0.1327762302692665,17.634481846283645,0.39290897331115826,73.27755510652156,=(K240+I240+E240)/3,=(L240-L$402)/(L$403-L$402)*100,,
Barbosa Ferraz,410250,5,0.04838709677419355,4.838709677419355,402,1203,0.3341645885286783,52.272920432539216,0.39940530804745644,72.19628713033384,=(K241+I241+E241)/3,=(L241-L$402)/(L$403-L$402)*100,,
Vera Cruz do Oeste,412855,9,0.03125,3.125,174,1019,0.17075564278704614,24.16687308979632,0.381672753036828,75.14774278144849,=(K242+I242+E242)/3,=(L242-L$402)/(L$403-L$402)*100,,
Boa Ventura de São Roque,410304,0,0,0,347,888,0.39076576576576577,62.00822200896484,0.4788050460126916,58.98077446596853,=(K243+I243+E243)/3,=(L243-L$402)/(L$403-L$402)*100,,
Goioxim,410865,0,0.018518518518518517,1.8518518518518516,446,946,0.4714587737843552,75.88727552898881,0.404061254213576,71.42133853352742,=(K244+I244+E244)/3,=(L244-L$402)/(L$403-L$402)*100,,
Nova Tebas,411727,1,0.05194805194805195,5.194805194805195,215,813,0.2644526445264453,40.28259034633134,0.36202978347681525,78.41717313019538,=(K245+I245+E245)/3,=(L245-L$402)/(L$403-L$402)*100,,
Verê,412860,9,0.012987012987012988,1.2987012987012987,139,949,0.1464699683877766,19.989780389525585,0.4856259457221121,57.845484995218875,=(K246+I246+E246)/3,=(L246-L$402)/(L$403-L$402)*100,,
Iguaraçu,411000,3,0,0,146,735,0.19863945578231293,28.962839213831426,0.5743924328403109,43.07094461581092,=(K247+I247+E247)/3,=(L247-L$402)/(L$403-L$402)*100,,
Quatiguá,412070,5,0.03125,3.125,244,973,0.25077081192189105,37.9293395302647,0.44768087724967187,64.16116746217244,=(K248+I248+E248)/3,=(L248-L$402)/(L$403-L$402)*100,,
Congonhinhas,410600,1,0,0,427,1117,0.38227394807520143,60.547644505366534,0.3947138949209303,72.97713894642575,=(K249+I249+E249)/3,=(L249-L$402)/(L$403-L$402)*100,,
Centenário do Sul,410510,2,0,0,326,1366,0.23865300146412885,35.84509773511384,0.5191105128344807,52.272220749333684,=(K250+I250+E250)/3,=(L250-L$402)/(L$403-L$402)*100,,
Jussara,411300,7,0,0,119,817,0.1456548347613219,19.849578858992363,0.5966731543930519,39.362479507520895,=(K251+I251+E251)/3,=(L251-L$402)/(L$403-L$402)*100,,
Renascença,412160,4,0,0,80,912,0.08771929824561403,9.884769865534434,0.4810846492229066,58.601350983393374,=(K252+I252+E252)/3,=(L252-L$402)/(L$403-L$402)*100,,
Saudade do Iguaçu,412627,2,0,0,223,902,0.24722838137472283,37.320047791582844,0.637059547970948,32.640456117085805,=(K253+I253+E253)/3,=(L253-L$402)/(L$403-L$402)*100,,
Sapopema,412620,7,0.03125,3.125,307,835,0.36766467065868264,58.03487483508691,0.3972922238331789,72.54799472925416,=(K254+I254+E254)/3,=(L254-L$402)/(L$403-L$402)*100,,
Laranjal,411325,4,0.07894736842105263,7.894736842105263,397,861,0.4610917537746806,74.10416656960678,0.31986662621791667,85.43492599694376,=(K255+I255+E255)/3,=(L255-L$402)/(L$403-L$402)*100,,
Tomazina,412780,9,0.041666666666666664,4.166666666666666,256,1004,0.2549800796812749,38.65332608061292,0.4000193938818887,72.09407698040236,=(K256+I256+E256)/3,=(L256-L$402)/(L$403-L$402)*100,,
Nova Fátima,411700,8,0.16666666666666666,16.666666666666664,194,801,0.2421972534332085,36.45470275511724,0.4204879016177656,68.68724176738719,=(K257+I257+E257)/3,=(L257-L$402)/(L$403-L$402)*100,,
Marilândia do Sul,411490,6,0,0,394,1162,0.33907056798623064,53.116740152877576,0.4376275359276023,65.83447348264282,=(K258+I258+E258)/3,=(L258-L$402)/(L$403-L$402)*100,,
Ivaté,411155,5,0.0625,6.25,213,842,0.2529691211401425,38.307444796667035,0.4986842935735686,55.67201735125549,=(K259+I259+E259)/3,=(L259-L$402)/(L$403-L$402)*100,,
Itambé,411110,0,0,0,32,661,0.048411497730711045,3.1238982547613716,0.4139017379556339,69.7834611192016,=(K260+I260+E260)/3,=(L260-L$402)/(L$403-L$402)*100,,
Doutor Ulysses,412863,3,0.05555555555555555,5.555555555555555,386,779,0.49550706033376124,80.02353794229714,0.36976031245244984,77.13048244080703,=(K261+I261+E261)/3,=(L261-L$402)/(L$403-L$402)*100,,
Quinta do Sol,412110,9,0,0,162,623,0.26003210272873195,39.52226503804896,0.434387736898993,66.37371462108752,=(K262+I262+E262)/3,=(L262-L$402)/(L$403-L$402)*100,,
Uraí,412840,1,0,0,339,1099,0.30846223839854414,47.85216203220361,0.40736872346510067,70.87083417544426,=(K263+I263+E263)/3,=(L263-L$402)/(L$403-L$402)*100,,
Ramilândia,412125,7,0,0,106,636,0.16666666666666666,23.463576486901403,0.3999828970234324,72.10015161877648,=(K264+I264+E264)/3,=(L264-L$402)/(L$403-L$402)*100,,
Pinhalão,411920,2,0.04054054054054054,4.054054054054054,277,793,0.3493064312736444,54.87729038985643,0.3904760692170428,73.68249441351331,=(K265+I265+E265)/3,=(L265-L$402)/(L$403-L$402)*100,,
Quatro Pontes,412085,3,0,0,17,562,0.030249110320284697,0,0.5956154771336766,39.538522244868545,=(K266+I266+E266)/3,=(L266-L$402)/(L$403-L$402)*100,,
Foz do Jordão,410845,2,0,0,275,730,0.3767123287671233,59.591055899609856,0.4444041796249677,64.70655010531837,=(K267+I267+E267)/3,=(L267-L$402)/(L$403-L$402)*100,,
Fernandes Pinheiro,410773,6,0.043859649122807015,4.385964912280701,371,849,0.4369846878680801,69.9577942116526,0.42738388386982656,67.53945534994017,=(K268+I268+E268)/3,=(L268-L$402)/(L$403-L$402)*100,,
Figueira,410775,1,0.03296703296703297,3.296703296703297,343,927,0.37001078748651567,58.438402746826455,0.45774566195452115,62.48595677332502,=(K269+I269+E269)/3,=(L269-L$402)/(L$403-L$402)*100,,
Doutor Camargo,410730,6,0,0,148,706,0.2096317280453258,30.853490446090415,0.3928061653195978,73.29466675385547,=(K270+I270+E270)/3,=(L270-L$402)/(L$403-L$402)*100,,
Xambrê,412880,7,0,0,179,731,0.2448700410396717,36.91441745839381,0.336517607650211,82.66349045279946,=(K271+I271+E271)/3,=(L271-L$402)/(L$403-L$402)*100,,
Lindoeste,411345,2,0,0,273,729,0.37448559670781895,59.20806195521856,0.44178966317646984,65.1417174764178,=(K272+I272+E272)/3,=(L272-L$402)/(L$403-L$402)*100,,
Luiziana,411373,4,0.035555555555555556,3.5555555555555554,329,919,0.35799782372143635,56.37219439589679,0.48213184735748954,58.42705242064824,=(K273+I273+E273)/3,=(L273-L$402)/(L$403-L$402)*100,,
Fênix,410770,2,0,0,215,543,0.39594843462246776,62.89963181267618,0.4122790418581808,70.0535471594817,=(K274+I274+E274)/3,=(L274-L$402)/(L$403-L$402)*100,,
Pranchita,412035,8,0,0,141,716,0.19692737430167598,28.66836425145392,0.5002341244376337,55.41405920256934,=(K275+I275+E275)/3,=(L275-L$402)/(L$403-L$402)*100,,
Kaloré,411310,6,0.05660377358490566,5.660377358490567,153,510,0.3,46.39667211409894,0.39997718056376014,72.10110308218341,=(K276+I276+E276)/3,=(L276-L$402)/(L$403-L$402)*100,,
Lupionópolis,411380,9,0.03125,3.125,171,566,0.30212014134275617,46.761332645273455,0.41357468049911983,69.8378974696141,=(K277+I277+E277)/3,=(L277-L$402)/(L$403-L$402)*100,,
Paula Freitas,411860,0,0.013157894736842105,1.3157894736842104,128,706,0.1813031161473088,25.981019703767995,0.4266695030201445,67.65835888045669,=(K278+I278+E278)/3,=(L278-L$402)/(L$403-L$402)*100,,
Braganey,410335,4,0,0,161,569,0.28295254833040423,43.46454081905743,0.4183869129018002,69.0369361580121,=(K279+I279+E279)/3,=(L279-L$402)/(L$403-L$402)*100,,
Rosário do Ivaí,412265,1,0.02631578947368421,2.631578947368421,212,619,0.34248788368336025,53.704512360407044,0.3468983292843999,80.93569434493395,=(K280+I280+E280)/3,=(L280-L$402)/(L$403-L$402)*100,,
Santana do Itararé,412400,4,0,0,180,695,0.2589928057553957,39.34350781148962,0.37947181336731095,75.51407328607486,=(K281+I281+E281)/3,=(L281-L$402)/(L$403-L$402)*100,,
Nova Olímpia,411720,6,0,0,156,686,0.22740524781341107,33.91050415964081,0.4314761575408249,66.85832596700936,=(K282+I282+E282)/3,=(L282-L$402)/(L$403-L$402)*100,,
Nova Santa Bárbara,411721,4,0.07936507936507936,7.936507936507936,201,560,0.35892857142857143,56.532281342190714,0.3869872658452135,74.26318052565234,=(K283+I283+E283)/3,=(L283-L$402)/(L$403-L$402)*100,,
Entre Rios do Oeste,410753,8,0.011904761904761904,1.1904761904761905,63,593,0.10623946037099494,13.070204733428653,0.5400050823069187,48.794470638868994,=(K284+I284+E284)/3,=(L284-L$402)/(L$403-L$402)*100,,
Pérola d'Oeste,411900,4,0,0,113,703,0.16073968705547653,22.44414656037235,0.31256253675879986,86.65063891013853,=(K285+I285+E285)/3,=(L285-L$402)/(L$403-L$402)*100,,
Adrianópolis,410020,2,0.024390243902439025,2.4390243902439024,241,826,0.2917675544794189,44.98070616133008,0.5334540371624676,49.884844767171884,=(K286+I286+E286)/3,=(L286-L$402)/(L$403-L$402)*100,,
Prado Ferreira,412033,3,0,0,128,499,0.2565130260521042,38.91699012346487,0.5271666158891248,50.93134060700001,=(K287+I287+E287)/3,=(L287-L$402)/(L$403-L$402)*100,,
Borrazópolis,410330,5,0.04,4,228,818,0.2787286063569682,42.73803033005337,0.3960488029842863,72.75495314494655,=(K288+I288+E288)/3,=(L288-L$402)/(L$403-L$402)*100,,
São Sebastião da Amoreira,412600,9,0.05555555555555555,5.555555555555555,349,986,0.3539553752535497,55.67690046628132,0.35364729502352965,79.81237776376477,=(K289+I289+E289)/3,=(L289-L$402)/(L$403-L$402)*100,,
Quarto Centenário,412065,5,0.03508771929824561,3.508771929824561,109,541,0.20147874306839186,29.45119156516693,0.4967642588494153,55.99159325746539,=(K290+I290+E290)/3,=(L290-L$402)/(L$403-L$402)*100,,
Itambaracá,411100,1,0,0,227,663,0.34238310708898945,53.68649097297056,0.39917042761239885,72.23538128156989,=(K291+I291+E291)/3,=(L291-L$402)/(L$403-L$402)*100,,
Planaltina do Paraná,411970,7,0.020833333333333332,2.083333333333333,209,542,0.3856088560885609,61.12124273820364,0.4230656240430095,68.25819849559522,=(K292+I292+E292)/3,=(L292-L$402)/(L$403-L$402)*100,,
Amaporã,410090,5,0.017857142857142856,1.7857142857142856,292,616,0.474025974025974,76.32882939375288,0.43144540590649444,66.86344435434111,=(K293+I293+E293)/3,=(L293-L$402)/(L$403-L$402)*100,,
Mercedes,411585,3,0,0,64,725,0.08827586206896551,9.98049785091112,0.5116206919236257,53.51884732062756,=(K294+I294+E294)/3,=(L294-L$402)/(L$403-L$402)*100,,
Guamiranga,410895,7,0.05263157894736842,5.263157894736842,276,1043,0.26462128475551294,40.31159616507984,0.40741931980246265,70.86241278068512,=(K295+I295+E295)/3,=(L295-L$402)/(L$403-L$402)*100,,
Indianópolis,411040,9,0.023809523809523808,2.380952380952381,91,547,0.1663619744058501,23.411169961245097,0.5092819951574044,53.90810649860672,=(K296+I296+E296)/3,=(L296-L$402)/(L$403-L$402)*100,,
Itaúna do Sul,411130,8,0,0,162,448,0.36160714285714285,56.99299085255852,0.40274961802130627,71.63965090022025,=(K297+I297+E297)/3,=(L297-L$402)/(L$403-L$402)*100,,
Cruzeiro do Sul,410670,4,0,0,141,532,0.2650375939849624,40.38320061035072,0.3770356354040299,75.91955750493318,=(K298+I298+E298)/3,=(L298-L$402)/(L$403-L$402)*100,,
Japira,411230,6,0.04838709677419355,4.838709677419355,183,647,0.2828438948995363,43.44585262265505,0.37662262625943305,75.98829989276459,=(K299+I299+E299)/3,=(L299-L$402)/(L$403-L$402)*100,,
Campo Bonito,410405,5,0.03333333333333333,3.3333333333333335,173,526,0.3288973384030418,51.366962801362284,0.4135201746951009,69.84696956684961,=(K300+I300+E300)/3,=(L300-L$402)/(L$403-L$402)*100,,
Marumbi,411550,7,0,0,133,578,0.2301038062283737,34.37465139603518,0.42660860426194325,67.66849503872217,=(K301+I301+E301)/3,=(L301-L$402)/(L$403-L$402)*100,,
Maripá,411535,8,0,0,89,827,0.10761789600967352,13.3072932058118,0.5068736786063195,54.30895338672364,=(K302+I302+E302)/3,=(L302-L$402)/(L$403-L$402)*100,,
Guapirama,410900,5,0,0,133,645,0.2062015503875969,30.263506004268116,0.43212029801771096,66.75111343900777,=(K303+I303+E303)/3,=(L303-L$402)/(L$403-L$402)*100,,
Maria Helena,411470,8,0,0,189,689,0.274310595065312,41.978140264301445,0.41409381851185667,69.75149069853785,=(K304+I304+E304)/3,=(L304-L$402)/(L$403-L$402)*100,,
Sertaneja,412640,5,0.030303030303030304,3.0303030303030303,102,590,0.17288135593220338,24.532491961050436,0.4856754152227536,57.83725115428966,=(K305+I305+E305)/3,=(L305-L$402)/(L$403-L$402)*100,,
São José da Boa Vista,412540,7,0.02040816326530612,2.0408163265306123,241,787,0.3062261753494282,47.467563174199974,0.36626397246278036,77.71242296852812,=(K306+I306+E306)/3,=(L306-L$402)/(L$403-L$402)*100,,
Bom Jesus do Sul,410315,6,0.06666666666666667,6.666666666666667,147,527,0.27893738140417457,42.77393926596954,0.4131865306195105,69.90250221241433,=(K307+I307+E307)/3,=(L307-L$402)/(L$403-L$402)*100,,
Floraí,410780,1,0,0,90,516,0.1744186046511628,24.796896000110564,0.41351014791564256,69.84863845183979,=(K308+I308+E308)/3,=(L308-L$402)/(L$403-L$402)*100,,
Salto do Itararé,412290,9,0.06976744186046512,6.976744186046512,163,645,0.2527131782945736,38.263423083523065,0.34519071042287636,81.21991516566581,=(K309+I309+E309)/3,=(L309-L$402)/(L$403-L$402)*100,,
Janiópolis,411220,7,0.058823529411764705,5.88235294117647,125,644,0.19409937888198758,28.181954081006484,0.41589879779988964,69.45106493831229,=(K310+I310+E310)/3,=(L310-L$402)/(L$403-L$402)*100,,
Presidente Castelo Branco,412040,8,0.06896551724137931,6.896551724137931,75,535,0.14018691588785046,18.90910656093927,0.3981823177163037,72.39984503397355,=(K311+I311+E311)/3,=(L311-L$402)/(L$403-L$402)*100,,
Leópolis,411340,3,0,0,92,436,0.21100917431192662,31.090408748240034,0.44523227867191495,64.56871900256243,=(K312+I312+E312)/3,=(L312-L$402)/(L$403-L$402)*100,,
Espigão Alto do Iguaçu,410754,6,0.047619047619047616,4.761904761904762,325,737,0.44097693351424694,70.64445334543366,0.36290025842970247,78.272288864092,=(K313+I313+E313)/3,=(L313-L$402)/(L$403-L$402)*100,,
Salgado Filho,412280,0,0,0,77,526,0.14638783269961977,19.97565319759379,0.4050807975823237,71.2516429067301,=(K314+I314+E314)/3,=(L314-L$402)/(L$403-L$402)*100,,
Boa Esperança,410300,8,0,0,126,533,0.23639774859287055,35.45719826191325,0.5134021212934026,53.2223412741307,=(K315+I315+E315)/3,=(L315-L$402)/(L$403-L$402)*100,,
São Tomé,412610,8,0.09090909090909091,9.090909090909092,132,659,0.20030349013657056,29.249050156129915,0.44978929832800024,63.81023600853637,=(K316+I316+E316)/3,=(L316-L$402)/(L$403-L$402)*100,,
Lobato,411360,1,0,0,128,530,0.24150943396226415,36.336399032356624,0.454204951818163,63.07528239135636,=(K317+I317+E317)/3,=(L317-L$402)/(L$403-L$402)*100,,
Tapira,412690,0,0,0,165,686,0.24052478134110788,36.16704053695252,0.4158650546630007,69.45668123962912,=(K318+I318+E318)/3,=(L318-L$402)/(L$403-L$402)*100,,
Itaguajé,411090,4,0,0,124,616,0.2012987012987013,29.420224701757906,0.3919971141407862,73.4293274765947,=(K319+I319+E319)/3,=(L319-L$402)/(L$403-L$402)*100,,
Brasilândia do Sul,410337,0,0,0,110,506,0.21739130434782608,32.188123736378735,0.47110705892819205,60.262048792715895,=(K320+I320+E320)/3,=(L320-L$402)/(L$403-L$402)*100,,
Jaboti,411170,4,0,0,189,634,0.2981072555205047,46.07112343800308,0.38335700909207965,74.86741053100758,=(K321+I321+E321)/3,=(L321-L$402)/(L$403-L$402)*100,,
Nova Esperança do Sudoeste,411695,0,0.09259259259259259,9.25925925925926,113,728,0.15521978021978022,21.494732425500516,0.4494430880031416,63.867860215491646,=(K322+I322+E322)/3,=(L322-L$402)/(L$403-L$402)*100,,
Tamboara,412670,2,0.02564102564102564,2.564102564102564,148,617,0.23987034035656402,36.054477854345755,0.47054517337407215,60.35557058317378,=(K323+I323+E323)/3,=(L323-L$402)/(L$403-L$402)*100,,
Cafezal do Sul,410347,9,0,0,124,525,0.2361904761904762,35.421547778225836,0.3818942061501733,75.11088351088944,=(K324+I324+E324)/3,=(L324-L$402)/(L$403-L$402)*100,,
Diamante do Norte,410710,8,0,0,141,513,0.27485380116959063,42.071570745811684,0.4062733344258818,71.05315376605226,=(K325+I325+E325)/3,=(L325-L$402)/(L$403-L$402)*100,,
Honório Serpa,410965,8,0.037037037037037035,3.7037037037037033,235,726,0.3236914600550964,50.47156100653487,0.48399768207308785,58.116497714228444,=(K326+I326+E326)/3,=(L326-L$402)/(L$403-L$402)*100,,
Munhoz de Melo,411630,7,0,0,125,510,0.24509803921568626,36.953632738194074,0.39648491099114336,72.68236611839775,=(K327+I327+E327)/3,=(L327-L$402)/(L$403-L$402)*100,,
Cruzeiro do Iguaçu,410657,1,0,0,108,541,0.19963031423290203,29.133265100834254,0.4707947494819513,60.31403044338334,=(K328+I328+E328)/3,=(L328-L$402)/(L$403-L$402)*100,,
Porto Rico,412020,0,0,0,100,395,0.25316455696202533,38.34105940960867,0.5259447818252057,51.13470605831355,=(K329+I329+E329)/3,=(L329-L$402)/(L$403-L$402)*100,,
Santa Amélia,412310,5,0.14285714285714285,14.285714285714285,140,416,0.33653846153846156,52.68122235809059,0.3638183549857583,78.11947832624138,=(K330+I330+E330)/3,=(L330-L$402)/(L$403-L$402)*100,,
Ângulo,410115,0,0.07142857142857142,7.142857142857142,100,444,0.22522522522522523,33.53554416100843,0.44413769968450606,64.75090376589986,=(K331+I331+E331)/3,=(L331-L$402)/(L$403-L$402)*100,,
São José das Palmeiras,412545,6,0,0,146,555,0.26306306306306304,40.04358481196989,0.3853074310220242,74.54277689396304,=(K332+I332+E332)/3,=(L332-L$402)/(L$403-L$402)*100,,
São Jorge do Ivaí,412530,8,0.10526315789473684,10.526315789473683,70,518,0.13513513513513514,18.04020927776685,0.4518222559310556,63.47186490508185,=(K333+I333+E333)/3,=(L333-L$402)/(L$403-L$402)*100,,
Diamante D'Oeste,410715,7,0.06521739130434782,6.521739130434782,165,621,0.26570048309178745,40.49721635492856,0.3880627620367873,74.08417195579482,=(K334+I334+E334)/3,=(L334-L$402)/(L$403-L$402)*100,,
Serranópolis do Iguaçu,412635,5,0.023255813953488372,2.3255813953488373,59,571,0.10332749562171628,12.569351987991883,0.44584856878949586,64.46614196562838,=(K335+I335+E335)/3,=(L335-L$402)/(L$403-L$402)*100,,
Mato Rico,411573,9,0.034482758620689655,3.4482758620689653,153,390,0.3923076923076923,62.273430625235704,0.37707479050933873,75.91304042057818,=(K336+I336+E336)/3,=(L336-L$402)/(L$403-L$402)*100,,
Lunardelli,411375,9,0.037037037037037035,3.7037037037037033,180,522,0.3448275862068966,54.10693702324295,0.3948865060536368,72.94840907062576,=(K337+I337+E337)/3,=(L337-L$402)/(L$403-L$402)*100,,
Flórida,410810,6,0,0,61,334,0.18263473053892215,26.210055005128652,0.46801440625068497,60.77679848425737,=(K338+I338+E338)/3,=(L338-L$402)/(L$403-L$402)*100,,
Paulo Frontin,411870,9,0.01282051282051282,1.282051282051282,108,688,0.1569767441860465,21.79692709538995,0.390718923071943,73.64207314415813,=(K339+I339+E339)/3,=(L339-L$402)/(L$403-L$402)*100,,
Guaraci,410920,3,0,0,129,560,0.23035714285714284,34.41822484453594,0.31870720660865837,85.62790301326814,=(K340+I340+E340)/3,=(L340-L$402)/(L$403-L$402)*100,,
Santa Cecília do Pavão,412320,4,0,0,116,428,0.27102803738317754,41.41354619510508,0.4021193035524465,71.7445621890887,=(K341+I341+E341)/3,=(L341-L$402)/(L$403-L$402)*100,,
Flor da Serra do Sul,410785,0,0.03361344537815126,3.361344537815126,176,578,0.3044982698961938,47.17036651674661,0.41943551387048905,68.8624041036665,=(K342+I342+E342)/3,=(L342-L$402)/(L$403-L$402)*100,,
Corumbataí do Sul,410655,5,0.03125,3.125,121,432,0.2800925925925926,42.97263353087153,0.4052285545034275,71.2270498348619,=(K343+I343+E343)/3,=(L343-L$402)/(L$403-L$402)*100,,
Antônio Olinto,410130,9,0.02727272727272727,2.727272727272727,340,824,0.41262135922330095,65.7673451195959,0.35812301555789183,79.06742642110515,=(K344+I344+E344)/3,=(L344-L$402)/(L$403-L$402)*100,,
Santa Mônica,412395,6,0.045454545454545456,4.545454545454546,167,488,0.3422131147540984,53.65725259443096,0.39689651164689776,72.61385816335682,=(K345+I345+E345)/3,=(L345-L$402)/(L$403-L$402)*100,,
Alto Paraíso,412862,5,0.07407407407407407,7.4074074074074066,128,439,0.29157175398633256,44.94702882559158,0.49395377410227914,56.45937813586192,=(K346+I346+E346)/3,=(L346-L$402)/(L$403-L$402)*100,,
Marquinho,411545,7,0,0,236,627,0.3763955342902711,59.536567814371224,0.45793668690558054,62.45416205051322,=(K347+I347+E347)/3,=(L347-L$402)/(L$403-L$402)*100,,
Enéas Marques,410740,5,0,0,180,753,0.23904382470119523,35.91231863513114,0.4643165655485597,61.39227734957981,=(K348+I348+E348)/3,=(L348-L$402)/(L$403-L$402)*100,,
Nossa Senhora das Graças,411640,6,0.058823529411764705,5.88235294117647,77,462,0.16666666666666666,23.463576486901403,0.3966473978949982,72.65532134733532,=(K349+I349+E349)/3,=(L349-L$402)/(L$403-L$402)*100,,
Bom Sucesso do Sul,410322,2,0,0,77,421,0.1828978622327791,26.255313187361907,0.4999306853635468,55.464564443886566,=(K350+I350+E350)/3,=(L350-L$402)/(L$403-L$402)*100,,
Mirador,411590,3,0,0,95,339,0.28023598820059,42.997297319801966,0.4836292200402086,58.177825557199235,=(K351+I351+E351)/3,=(L351-L$402)/(L$403-L$402)*100,,
Atalaia,410220,8,0,0,78,405,0.1925925925925926,27.922789525523147,0.4790702535842639,58.93663258199487,=(K352+I352+E352)/3,=(L352-L$402)/(L$403-L$402)*100,,
Campina do Simão,410395,8,0.1,10,224,562,0.398576512455516,63.35165651463378,0.4795091142349107,58.863587397777096,=(K353+I353+E353)/3,=(L353-L$402)/(L$403-L$402)*100,,
Nova América da Colina,411660,4,0,0,115,370,0.3108108108108108,48.256112300087935,0.4536366996394022,63.1698638604823,=(K354+I354+E354)/3,=(L354-L$402)/(L$403-L$402)*100,,
Anahy,410105,1,0,0,76,342,0.2222222222222222,33.019032998233705,0.390824308269983,73.62453253942788,=(K355+I355+E355)/3,=(L355-L$402)/(L$403-L$402)*100,,
Virmond,412865,8,0,0,115,508,0.2263779527559055,33.733811241207384,0.4455530212565574,64.5153337169435,=(K356+I356+E356)/3,=(L356-L$402)/(L$403-L$402)*100,,
Conselheiro Mairinck,410610,0,0.044444444444444446,4.444444444444445,147,441,0.3333333333333333,52.12994602089832,0.4084740503929785,70.68686049507734,=(K357+I357+E357)/3,=(L357-L$402)/(L$403-L$402)*100,,
Rio Branco do Ivaí,412217,2,0.2,20,244,546,0.4468864468864469,71.66087910999515,0.23235862795423656,100,=(K358+I358+E358)/3,=(L358-L$402)/(L$403-L$402)*100,,
Inajá,411030,0,0,0,106,312,0.33974358974358976,53.23249869528283,0.36668495014413766,77.64235427533131,=(K359+I359+E359)/3,=(L359-L$402)/(L$403-L$402)*100,,
Arapuã,410165,5,0.16666666666666666,16.666666666666664,158,396,0.398989898989899,63.42275826156379,0.4239468733090905,68.11152092291287,=(K360+I360+E360)/3,=(L360-L$402)/(L$403-L$402)*100,,
Porto Vitória,412030,9,0,0,110,472,0.2330508474576271,34.88153723349339,0.4124462938030413,70.02570928177471,=(K361+I361+E361)/3,=(L361-L$402)/(L$403-L$402)*100,,
Jundiaí do Sul,411290,0,0.13333333333333333,13.333333333333334,164,448,0.36607142857142855,57.76084003650487,0.3996414768403273,72.15697854124909,=(K362+I362+E362)/3,=(L362-L$402)/(L$403-L$402)*100,,
Santa Lúcia,412382,4,0.046511627906976744,4.651162790697675,88,447,0.19686800894854586,28.658153516551856,0.4200171666275642,68.76559220510892,=(K363+I363+E363)/3,=(L363-L$402)/(L$403-L$402)*100,,
Ourizona,411740,4,0,0,56,349,0.16045845272206305,22.395774756408677,0.432539578584225,66.68132721831375,=(K364+I364+E364)/3,=(L364-L$402)/(L$403-L$402)*100,,
Altamira do Paraná,410045,9,0.047619047619047616,4.761904761904762,139,455,0.3054945054945055,47.341717263571375,0.3936665404874389,73.15146352399483,=(K365+I365+E365)/3,=(L365-L$402)/(L$403-L$402)*100,,
Pitangueiras,411965,7,0,0,91,377,0.2413793103448276,36.31401800214141,0.4291100894046065,67.2521409117468,=(K366+I366+E366)/3,=(L366-L$402)/(L$403-L$402)*100,,
Rancho Alegre,412130,7,0,0,107,344,0.311046511627907,48.29665242042199,0.3881915867683864,74.06273001007105,=(K367+I367+E367)/3,=(L367-L$402)/(L$403-L$402)*100,,
Lidianópolis,411342,9,0.02857142857142857,2.857142857142857,134,456,0.29385964912280704,45.34054271021485,0.3719054722467946,76.77343609335357,=(K368+I368+E368)/3,=(L368-L$402)/(L$403-L$402)*100,,
Boa Esperança do Iguaçu,410302,4,0,0,59,319,0.18495297805642633,26.608789445176928,0.4084300931685424,70.69417685746232,=(K369+I369+E369)/3,=(L369-L$402)/(L$403-L$402)*100,,
São Pedro do Paraná,412590,2,0.08,8,38,325,0.11692307692307692,14.907767733677701,0.5143655927033692,53.06197841971242,=(K370+I370+E370)/3,=(L370-L$402)/(L$403-L$402)*100,,
Santo Antônio do Caiuá,412420,2,0.125,12.5,92,302,0.304635761589404,47.19401484285912,0.36974664324461404,77.1327575816815,=(K371+I371+E371)/3,=(L371-L$402)/(L$403-L$402)*100,,
Diamante do Sul,410712,4,0.125,12.5,178,413,0.43099273607748184,68.92718918609751,0.36196915143113284,78.42726489608928,=(K372+I372+E372)/3,=(L372-L$402)/(L$403-L$402)*100,,
Bela Vista da Caroba,410275,2,0.03225806451612903,3.225806451612903,104,476,0.2184873949579832,32.37664936721977,0.37125038314311565,76.88247094117318,=(K373+I373+E373)/3,=(L373-L$402)/(L$403-L$402)*100,,
Barra do Jacaré,410270,3,0,0,93,333,0.27927927927927926,42.83274509095338,0.41572167229745544,69.4805461983339,=(K374+I374+E374)/3,=(L374-L$402)/(L$403-L$402)*100,,
Porto Amazonas,412010,1,0.05,5,99,503,0.19681908548707752,28.649738768399853,0.5199254831060214,52.13657483637939,=(K375+I375+E375)/3,=(L375-L$402)/(L$403-L$402)*100,,
Novo Itacolomi,411729,7,0,0,85,357,0.23809523809523808,35.74916343004294,0.45809237512726586,62.428248870972546,=(K376+I376+E376)/3,=(L376-L$402)/(L$403-L$402)*100,,
Guaporema,410910,4,0.06666666666666667,6.666666666666667,49,244,0.20081967213114754,29.337832538949947,0.41018132085748504,70.40269766251154,=(K377+I377+E377)/3,=(L377-L$402)/(L$403-L$402)*100,,
Cruzmaltina,410685,2,1,100,108,352,0.3068181818181818,47.56938723139882,0.43460605656236523,66.33737689063507,=(K378+I378+E378)/3,=(L378-L$402)/(L$403-L$402)*100,,
Pinhal de São Bento,411925,1,0,0,111,338,0.32840236686390534,51.281828579064104,0.4206489184685743,68.66044167603211,=(K379+I379+E379)/3,=(L379-L$402)/(L$403-L$402)*100,,
Porto Barreiro,412015,0,0.034482758620689655,3.4482758620689653,136,418,0.3253588516746411,50.75834939247742,0.537354837293183,49.23558477148779,=(K380+I380+E380)/3,=(L380-L$402)/(L$403-L$402)*100,,
Ivatuba,411160,5,0.08333333333333333,8.333333333333332,45,283,0.15901060070671377,22.146746790993415,0.5199681158414281,52.129478925622976,=(K381+I381+E381)/3,=(L381-L$402)/(L$403-L$402)*100,,
Paranapoema,411830,3,0.08333333333333333,8.333333333333332,95,313,0.3035143769968051,47.0011386921321,0.3446702482081874,81.30654234058869,=(K382+I382+E382)/3,=(L382-L$402)/(L$403-L$402)*100,,
Iguatu,411005,2,0,0,44,220,0.2,29.196850393700785,0.41757658265108616,69.17180977302728,=(K383+I383+E383)/3,=(L383-L$402)/(L$403-L$402)*100,,
Iracema do Oeste,411065,6,0,0,61,264,0.23106060606060605,34.53921926140022,0.4282919521717372,67.3883139425307,=(K384+I384+E384)/3,=(L384-L$402)/(L$403-L$402)*100,,
São Manoel do Paraná,412555,5,0,0,35,233,0.15021459227467812,20.633849022172093,0.4506258063726267,63.67100528887776,=(K385+I385+E385)/3,=(L385-L$402)/(L$403-L$402)*100,,
Rancho Alegre D'Oeste,412135,6,0,0,68,322,0.2111801242236025,31.119811828279463,0.5197786914002138,52.16100725513589,=(K386+I386+E386)/3,=(L386-L$402)/(L$403-L$402)*100,,
Uniflor,412830,2,0,0,50,243,0.205761316872428,30.18778662450562,0.4211644623163714,68.57463312773965,=(K387+I387+E387)/3,=(L387-L$402)/(L$403-L$402)*100,,
Farol,410755,3,0.06060606060606061,6.0606060606060606,91,372,0.2446236559139785,36.872039656028996,0.46010057848568026,62.093997932671385,=(K388+I388+E388)/3,=(L388-L$402)/(L$403-L$402)*100,,
Manfrinópolis,411435,1,0,0,55,356,0.1544943820224719,21.3699652288005,0.41485845188368564,69.62422299882041,=(K389+I389+E389)/3,=(L389-L$402)/(L$403-L$402)*100,,
Cafeara,410340,4,0,0,51,296,0.17229729729729729,24.432034917104,0.42762255305126967,67.49973058924465,=(K390+I390+E390)/3,=(L390-L$402)/(L$403-L$402)*100,,
Santo Antônio do Paraíso,412430,1,0.05555555555555555,5.555555555555555,55,218,0.25229357798165136,38.1912525777622,0.4193162440016542,68.88225571152388,=(K391+I391+E391)/3,=(L391-L$402)/(L$403-L$402)*100,,
Santa Inês,412360,0,0,0,53,211,0.25118483412322273,38.00055061077662,0.417382813403051,69.20406126424119,=(K392+I392+E392)/3,=(L392-L$402)/(L$403-L$402)*100,,
Esperança Nova,410752,0,0.047619047619047616,4.761904761904762,61,210,0.2904761904761905,44.75859385501341,0.43939623706413333,65.54008595859912,=(K393+I393+E393)/3,=(L393-L$402)/(L$403-L$402)*100,,
Rio Bom,412210,7,0,0,101,348,0.29022988505747127,44.71622976210602,0.3823567531712347,75.03389590146713,=(K394+I394+E394)/3,=(L394-L$402)/(L$403-L$402)*100,,
Ariranha do Ivaí,410185,3,0.1111111111111111,11.11111111111111,84,249,0.3373493975903614,52.8207019132838,0.43286093751806326,66.62783934582473,=(K395+I395+E395)/3,=(L395-L$402)/(L$403-L$402)*100,,
Godoy Moreira,410855,1,0.014925373134328358,1.4925373134328357,104,304,0.34210526315789475,53.63870231216132,0.3825979889952046,74.99374394166887,=(K396+I396+E396)/3,=(L396-L$402)/(L$403-L$402)*100,,
Nova Aliança do Ivaí,411650,5,0,0,37,164,0.22560975609756098,33.60168278551007,0.4193017631961406,68.88466593696744,=(K397+I397+E397)/3,=(L397-L$402)/(L$403-L$402)*100,,
Miraselva,411600,0,0,0,47,220,0.21363636363636362,31.542280628300535,0.431173166315015,66.90875666721692,=(K398+I398+E398)/3,=(L398-L$402)/(L$403-L$402)*100,,
Jardim Olinda,411260,3,0,0,49,165,0.296969696969697,45.875465395299,0.47356947973152663,59.852196642753974,=(K399+I399+E399)/3,=(L399-L$402)/(L$403-L$402)*100,,
Sulina,412665,2,0,0,75,412,0.1820388349514563,26.107562026444807,0.4548277634943956,62.97161988810767,=(K400+I400+E400)/3,=(L400-L$402)/(L$403-L$402)*100,,
,,,,,,,,,,,,,,
,,,"=QUARTILE(D2:D400,0)","=QUARTILE(E2:E400,0)","=QUARTILE(F2:F400,0)","=QUARTILE(G2:G400,0)","=QUARTILE(H2:H400,0)","=QUARTILE(I2:I400,0)","=QUARTILE(J2:J400,0)","=QUARTILE(K2:K400,0)","=QUARTILE(L2:L400,0)","=QUARTILE(M2:M400,0)","=QUARTILE(N2:N400,0)","=QUARTILE(O2:O400,0)"
,,,"=QUARTILE(D2:D400,4)","=QUARTILE(E2:E400,4)","=QUARTILE(F2:F400,4)","=QUARTILE(G2:G400,4)","=QUARTILE(H2:H400,4)","=QUARTILE(I2:I400,4)","=QUARTILE(J2:J400,4)","=QUARTILE(K2:K400,4)","=QUARTILE(L2:L400,4)","=QUARTILE(M2:M400,4)","=QUARTILE(N2:N400,4)","=QUARTILE(O2:O400,4)"
