Quantidade Município Porte,,
Agudos do Sul,1.0,"=VLOOKUP(A2,Dados!A$2:Q$400,18,FALSE)"
Antônio Olinto,1.0,"=VLOOKUP(A3,Dados!A$2:Q$400,18,FALSE)"
Barracão,1.0,"=VLOOKUP(A4,Dados!A$2:Q$400,18,FALSE)"
Bocaiúva do Sul,1.0,"=VLOOKUP(A5,Dados!A$2:Q$400,18,FALSE)"
Campo do Tenente,1.0,"=VLOOKUP(A6,Dados!A$2:Q$400,18,FALSE)"
Carlópolis,1.0,"=VLOOKUP(A7,Dados!A$2:Q$400,18,FALSE)"
Cerro Azul,1.0,"=VLOOKUP(A8,Dados!A$2:Q$400,18,FALSE)"
Chopinzinho,1.0,"=VLOOKUP(A9,Dados!A$2:Q$400,18,FALSE)"
Contenda,1.0,"=VLOOKUP(A10,Dados!A$2:Q$400,18,FALSE)"
Doutor Ulysses,1.0,"=VLOOKUP(A11,Dados!A$2:Q$400,18,FALSE)"
Espigão Alto do Iguaçu,1.0,"=VLOOKUP(A12,Dados!A$2:Q$400,18,FALSE)"
Fazenda Rio Grande,1.0,"=VLOOKUP(A13,Dados!A$2:Q$400,18,FALSE)"
Francisco Alves,1.0,"=VLOOKUP(A14,Dados!A$2:Q$400,18,FALSE)"
Guairaçá,1.0,"=VLOOKUP(A15,Dados!A$2:Q$400,18,FALSE)"
Guarapuava,1.0,"=VLOOKUP(A16,Dados!A$2:Q$400,18,FALSE)"
Guaraqueçaba,1.0,"=VLOOKUP(A17,Dados!A$2:Q$400,18,FALSE)"
Icaraíma,1.0,"=VLOOKUP(A18,Dados!A$2:Q$400,18,FALSE)"
Imbaú,1.0,"=VLOOKUP(A19,Dados!A$2:Q$400,18,FALSE)"
Itaperuçu,1.0,"=VLOOKUP(A20,Dados!A$2:Q$400,18,FALSE)"
Jaguapitã,1.0,"=VLOOKUP(A21,Dados!A$2:Q$400,18,FALSE)"
Jundiaí do Sul,1.0,"=VLOOKUP(A22,Dados!A$2:Q$400,18,FALSE)"
Juranda,1.0,"=VLOOKUP(A23,Dados!A$2:Q$400,18,FALSE)"
Laranjal,1.0,"=VLOOKUP(A24,Dados!A$2:Q$400,18,FALSE)"
Manoel Ribas,1.0,"=VLOOKUP(A25,Dados!A$2:Q$400,18,FALSE)"
Maria Helena,1.0,"=VLOOKUP(A26,Dados!A$2:Q$400,18,FALSE)"
Marilândia do Sul,1.0,"=VLOOKUP(A27,Dados!A$2:Q$400,18,FALSE)"
Marmeleiro,1.0,"=VLOOKUP(A28,Dados!A$2:Q$400,18,FALSE)"
Morretes,1.0,"=VLOOKUP(A29,Dados!A$2:Q$400,18,FALSE)"
Nova Laranjeiras,1.0,"=VLOOKUP(A30,Dados!A$2:Q$400,18,FALSE)"
Ortigueira,1.0,"=VLOOKUP(A31,Dados!A$2:Q$400,18,FALSE)"
Paranaguá,1.0,"=VLOOKUP(A32,Dados!A$2:Q$400,18,FALSE)"
Pinhão,1.0,"=VLOOKUP(A33,Dados!A$2:Q$400,18,FALSE)"
Piraquara,1.0,"=VLOOKUP(A34,Dados!A$2:Q$400,18,FALSE)"
Pontal do Paraná,1.0,"=VLOOKUP(A35,Dados!A$2:Q$400,18,FALSE)"
Ribeirão Claro,1.0,"=VLOOKUP(A36,Dados!A$2:Q$400,18,FALSE)"
Rio Bonito do Iguaçu,1.0,"=VLOOKUP(A37,Dados!A$2:Q$400,18,FALSE)"
Santa Tereza do Oeste,1.0,"=VLOOKUP(A38,Dados!A$2:Q$400,18,FALSE)"
Sarandi,1.0,"=VLOOKUP(A39,Dados!A$2:Q$400,18,FALSE)"
Sulina,1.0,"=VLOOKUP(A40,Dados!A$2:Q$400,18,FALSE)"
Tijucas do Sul,1.0,"=VLOOKUP(A41,Dados!A$2:Q$400,18,FALSE)"
Umuarama,1.0,"=VLOOKUP(A42,Dados!A$2:Q$400,18,FALSE)"
Vitorino,1.0,"=VLOOKUP(A43,Dados!A$2:Q$400,18,FALSE)"
Wenceslau Braz,1.0,"=VLOOKUP(A44,Dados!A$2:Q$400,18,FALSE)"
