MUNICÍPIO,IPARDES (43 creches),PCM (257 creches),TOTAL (300 creches)
Curitiba,0,10,10
Londrina,0,8,8
Maringá,0,6,6
Ponta Grossa,0,7,7
Cascavel,0,6,6
São José dos Pinhais,0,7,7
Foz do Iguaçu,0,6,6
Colombo,0,5,5
Guarapuava,1,3,4
Araucária,0,3,3
Toledo,0,2,2
Fazenda Rio Grande,1,3,4
Paranaguá,1,2,3
Campo Largo,0,3,3
Apucarana,0,2,2
Pinhais,0,2,2
Almirante Tamandaré,0,3,3
Arapongas,0,2,2
Piraquara,1,2,3
Sarandi,1,1,2
Umuarama,1,1,2
Cambé,0,2,2
Campo Mourão,0,2,2
Francisco Beltrão,0,2,2
Paranavaí,0,2,2
Pato Branco,0,2,2
Cianorte,0,1,1
Telêmaco Borba,0,2,2
Castro,0,2,2
Rolândia,0,1,1
Irati,0,1,1
Marechal Cândido Rondon,0,0,0
União da Vitória,0,0,0
Medianeira,0,0,0
Ibiporã,0,0,0
Prudentópolis,0,1,1
Palmas,0,1,1
Campina Grande do Sul,0,1,1
Paiçandu,0,1,1
Cornélio Procópio,0,0,0
Lapa,0,1,1
Dois Vizinhos,0,0,0
Santo Antônio da Platina,0,1,1
São Mateus do Sul,0,1,1
Guaratuba,0,1,1
Marialva,0,0,0
Jacarezinho,0,0,0
Matinhos,0,1,1
Rio Branco do Sul,0,1,1
Assis Chateaubriand,0,0,0
Mandaguari,0,0,0
Jaguariaíva,0,1,1
Palotina,0,0,0
Palmeira,0,0,0
Pitanga,0,1,1
Ivaiporã,0,0,0
Laranjeiras do Sul,0,1,1
Guaíra,0,1,1
Mandaguaçu,0,0,0
Rio Negro,0,0,0
Bandeirantes,0,0,0
Itaperuçu,1,0,1
Quedas do Iguaçu,0,1,1
Pontal do Paraná,1,0,1
Campo Magro,0,1,1
Imbituva,0,1,1
Pinhão,1,0,1
São Miguel do Iguaçu,0,0,0
Ibaiti,0,1,1
Goioerê,0,0,0
Mandirituba,0,1,1
Nova Esperança,0,0,0
Arapoti,0,1,1
Santa Helena,0,0,0
Astorga,0,0,0
Ubiratã,0,0,0
Reserva,0,1,1
Santa Terezinha de Itaipu,0,1,1
Ortigueira,1,0,1
Quatro Barras,0,0,0
Cruzeiro do Oeste,0,0,0
Santo Antônio do Sudoeste,0,1,1
Piraí do Sul,0,1,1
Coronel Vivida,0,1,1
Carambeí,0,0,0
Loanda,0,0,0
Cambará,0,1,1
Colorado,0,0,0
Siqueira Campos,0,0,0
Jandaia do Sul,0,0,0
Chopinzinho,1,0,1
Capanema,0,0,0
Tibagi,0,1,1
Andirá,0,0,0
Ampére,0,0,0
Realeza,0,0,0
Wenceslau Braz,1,0,1
Contenda,1,0,1
Cafelândia,0,0,0
Altônia,0,0,0
Matelândia,0,0,0
Quitandinha,0,1,1
Morretes,1,0,1
Terra Roxa,0,0,0
Antonina,0,1,1
Tijucas do Sul,1,0,1
Terra Boa,0,0,0
Corbélia,0,0,0
Sengés,0,1,1
Carlópolis,1,0,1
Mangueirinha,0,1,1
Faxinal,0,1,1
Cerro Azul,1,0,1
Cruz Machado,0,1,1
Sertanópolis,0,1,1
Marmeleiro,1,0,1
Tapejara,0,0,0
Iporã,0,0,0
Campina da Lagoa,0,1,1
Bituruna,0,1,1
Cândido de Abreu,0,1,1
Salto do Lontra,0,1,1
Jaguapitã,1,0,1
Clevelândia,0,1,1
Candói,0,1,1
Terra Rica,0,0,0
Bela Vista do Paraíso,0,1,1
Capitão Leônidas Marques,0,1,1
Rebouças,0,1,1
Araruna,0,1,1
Planalto,0,0,0
Imbaú,1,0,1
Manoel Ribas,1,0,1
Turvo,0,1,1
Ipiranga,0,1,1
Santa Izabel do Oeste,0,0,0
Rio Azul,0,1,1
Rio Bonito do Iguaçu,1,0,1
Alto Paraná,0,1,1
Assaí,0,0,0
Nova Aurora,0,0,0
Guaraniaçu,0,1,1
São João do Triunfo,0,1,1
Piên,0,0,0
Curiúva,0,1,1
Mamborê,0,1,1
Mallet,0,0,0
Balsa Nova,0,1,1
Peabiru,0,0,0
Bocaiúva do Sul,1,0,1
Paraíso do Norte,0,0,0
Ivaí,0,1,1
Santa Tereza do Oeste,1,0,1
Ribeirão do Pinhal,0,1,1
Palmital,0,1,1
Nova Londrina,0,0,0
Nova Prata do Iguaçu,0,1,1
Engenheiro Beltrão,0,0,0
Ribeirão Claro,1,0,1
Itapejara d'Oeste,0,0,0
Nova Laranjeiras,1,0,1
Jardim Alegre,0,1,1
Joaquim Távora,0,0,0
São João,0,0,0
Pérola,0,0,0
Jataizinho,0,1,1
Porecatu,0,0,0
Itaipulândia,0,0,0
Cidade Gaúcha,0,0,0
Florestópolis,0,1,1
Santa Fé,0,0,0
Roncador,0,1,1
Moreira Sales,0,1,1
Três Barras do Paraná,0,1,1
Céu Azul,0,0,0
Santa Mariana,0,1,1
Missal,0,0,0
General Carneiro,0,1,1
Cantagalo,0,1,1
Centenário do Sul,0,0,0
São Jerônimo da Serra,0,1,1
Barbosa Ferraz,0,1,1
Tamarana,0,1,1
Querência do Norte,0,1,1
Iretama,0,1,1
São João do Ivaí,0,0,0
Jesuítas,0,0,0
Floresta,0,0,0
Catanduvas,0,1,1
Uraí,0,1,1
Alvorada do Sul,0,0,0
Agudos do Sul,1,0,1
Primeiro de Maio,0,0,0
Santa Maria do Oeste,0,1,1
Mariluz,0,1,1
Barracão,1,0,1
Alto Piquiri,0,1,1
Vitorino,1,0,1
Ventania,0,1,1
Inácio Martins,0,1,1
Paranacity,0,0,0
Teixeira Soares,0,1,1
Cambira,0,0,0
Mauá da Serra,0,1,1
São Jorge d'Oeste,0,0,0
Douradina,0,0,0
Japurá,0,0,0
Rondon,0,0,0
Icaraíma,1,0,1
Santa Isabel do Ivaí,0,0,0
Sabáudia,0,0,0
Califórnia,0,0,0
São Pedro do Ivaí,0,1,1
Marilândia do Sul,1,0,1
Santa Cruz de Monte Castelo,0,0,0
Tomazina,0,1,1
Nova Santa Rosa,0,0,0
Congonhinhas,0,1,1
Vera Cruz do Oeste,0,1,1
Francisco Alves,1,0,1
Quatiguá,0,0,0
Tupãssi,0,0,0
Tuneiras do Oeste,0,1,1
São Sebastião da Amoreira,0,1,1
Figueira,0,1,1
Verê,0,0,0
Boa Vista da Aparecida,0,1,1
Guamiranga,0,1,1
Juranda,1,0,1
Borrazópolis,0,1,1
Formosa do Oeste,0,0,0
Campo do Tenente,1,0,1
Guaraqueçaba,1,0,1
Marilena,0,1,1
Abatiá,0,0,0
Nova Fátima,0,0,0
Perobal,0,1,1
Antônio Olinto,1,0,1
Nova Tebas,0,1,1
Renascença,0,1,1
Ivaté,0,0,0
Nova Cantu,0,1,1
Ouro Verde do Oeste,0,1,1
Sapopema,0,1,1
Luiziana,0,1,1
Jussara,0,0,0
Guairaçá,1,0,1
São Carlos do Ivaí,0,0,0
Bom Sucesso,0,0,0
Goioxim,0,1,1
Pinhalão,0,1,1
Maripá,0,0,0
Reserva do Iguaçu,0,1,1
São Jorge do Patrocínio,0,1,1
Boa Ventura de São Roque,0,1,1
Mariópolis,0,0,0
Paulo Frontin,0,0,0
Doutor Camargo,0,1,1
Adrianópolis,0,1,1
Fernandes Pinheiro,0,1,1
Pérola d'Oeste,0,0,0
Tunas do Paraná,0,1,1
Ibema,0,1,1
Santo Inácio,0,0,0
Itambé,0,0,0
Saudade do Iguaçu,0,1,1
São José da Boa Vista,0,1,1
Enéas Marques,0,1,1
Mercedes,0,0,0
Itambaracá,0,1,1
Janiópolis,0,0,0
Maria Helena,1,0,1
Nova Olímpia,0,0,0
Xambrê,0,1,1
São Pedro do Iguaçu,0,1,1
Tapira,0,1,1
Pranchita,0,0,0
Pato Bragado,0,0,0
Doutor Ulysses,1,0,1
Paula Freitas,0,1,1
Coronel Domingos Soares,0,1,1
Grandes Rios,0,1,1
Sertaneja,0,0,0
Laranjal,1,0,1
Nova Esperança do Sudoeste,0,1,1
São João do Caiuá,0,1,1
Santana do Itararé,0,0,0
Rosário do Ivaí,0,1,1
Jaboti,0,1,1
Iguaraçu,0,0,0
São Tomé,0,0,0
Salto do Itararé,0,1,1
Lindoeste,0,1,1
São Jorge do Ivaí,0,0,0
Diamante do Norte,0,0,0
Serranópolis do Iguaçu,0,1,1
Quinta do Sol,0,1,1
Japira,0,1,1
Honório Serpa,0,1,1
Foz do Jordão,0,1,1
Tamboara,0,0,0
Lunardelli,0,0,0
Braganey,0,0,0
Lupionópolis,0,0,0
Espigão Alto do Iguaçu,1,0,1
Floraí,0,0,0
Amaporã,0,1,1
Guaraci,0,0,0
Marumbi,0,0,0
Guapirama,0,0,0
Lobato,0,0,0
Kaloré,0,0,0
Entre Rios do Oeste,0,0,0
Boa Esperança,0,0,0
Diamante D'Oeste,0,1,1
Marquinho,0,1,1
Cruzeiro do Sul,0,1,1
Fênix,0,0,0
Itaguajé,0,0,0
Quatro Pontes,0,0,0
Cafezal do Sul,0,1,1
Indianópolis,0,0,0
Flor da Serra do Sul,0,1,1
Presidente Castelo Branco,0,1,1
Ramilândia,0,0,0
Quarto Centenário,0,0,0
Nova Santa Bárbara,0,1,1
Cruzeiro do Iguaçu,0,0,0
Porto Amazonas,0,0,0
Salgado Filho,0,0,0
Planaltina do Paraná,0,1,1
Bela Vista da Caroba,0,1,1
Campo Bonito,0,0,0
Bom Jesus do Sul,0,0,0
Atalaia,0,0,0
São José das Palmeiras,0,1,1
Munhoz de Melo,0,0,0
Lidianópolis,0,0,0
Campina do Simão,0,1,1
Virmond,0,1,1
Rio Branco do Ivaí,0,1,1
Corumbataí do Sul,0,0,0
Leópolis,0,0,0
Prado Ferreira,0,0,0
Brasilândia do Sul,0,0,0
Nossa Senhora das Graças,0,0,0
Santa Lúcia,0,1,1
Altamira do Paraná,0,1,1
Itaúna do Sul,0,1,1
Porto Vitória,0,1,1
Arapuã,0,1,1
Rancho Alegre,0,0,0
Conselheiro Mairinck,0,0,0
Sulina,1,0,1
Santa Amélia,0,1,1
Santa Cecília do Pavão,0,0,0
Santa Mônica,0,1,1
Jundiaí do Sul,1,0,1
Nova América da Colina,0,0,0
Mato Rico,0,1,1
Ângulo,0,0,0
Bom Sucesso do Sul,0,0,0
Rio Bom,0,0,0
Ourizona,0,0,0
Porto Rico,0,0,0
Diamante do Sul,0,1,1
Novo Itacolomi,0,0,0
Porto Barreiro,0,1,1
Alto Paraíso,0,0,0
Pitangueiras,0,0,0
Farol,0,1,1
Godoy Moreira,0,0,0
Anahy,0,0,0
Cruzmaltina,0,1,1
Barra do Jacaré,0,0,0
Manfrinópolis,0,1,1
Pinhal de São Bento,0,0,0
Ivatuba,0,0,0
São Pedro do Paraná,0,0,0
Flórida,0,0,0
Cafeara,0,0,0
Rancho Alegre D'Oeste,0,0,0
Inajá,0,0,0
Santo Antônio do Caiuá,0,0,0
Boa Esperança do Iguaçu,0,0,0
Paranapoema,0,0,0
Iracema do Oeste,0,0,0
Ariranha do Ivaí,0,0,0
Mirador,0,0,0
Guaporema,0,0,0
Iguatu,0,0,0
São Manoel do Paraná,0,0,0
Uniflor,0,0,0
Santo Antônio do Paraíso,0,0,0
Miraselva,0,0,0
Esperança Nova,0,0,0
Santa Inês,0,0,0
Jardim Olinda,0,0,0
Nova Aliança do Ivaí,0,0,0
